split_kind,split_name,method,topk_frac,n_selected,reliable_proxy_rate,chemical_pass_rate,geometry_pass_rate,pocket_pass_rate,clash_free_rate,synthetic_pass_rate,diversity_proxy,median_vina_minimize_affinity,seed
pocket_cv,fold_1,qed,0.1,774,0.9496124031007752,0.9819121447028424,0.9638242894056848,1.0,1.0,1.0,37.4,-6.677,11
pocket_cv,fold_1,qed,0.2,1537,0.9616135328562134,0.9882888744307091,0.9713728041639558,1.0,1.0,1.0,73.55,-6.547,11
pocket_cv,fold_1,qed,0.5,3825,0.9498039215686275,0.9822222222222222,0.9662745098039216,1.0,1.0,1.0,182.15,-6.458,11
pocket_cv,fold_1,qed_sa,0.1,774,0.937984496124031,0.9664082687338501,0.9677002583979328,1.0,1.0,1.0,37.3,-6.3575,11
pocket_cv,fold_1,qed_sa,0.2,1537,0.9388418998048146,0.9661678594664932,0.9694209499024072,1.0,1.0,1.0,73.45,-6.301,11
pocket_cv,fold_1,qed_sa,0.5,3825,0.9424836601307189,0.9733333333333334,0.967843137254902,1.0,1.0,1.0,180.95,-6.318,11
pocket_cv,fold_1,vina_score_only,0.1,774,0.9444444444444444,0.9922480620155039,0.9521963824289406,1.0,1.0,1.0,37.8,-8.229,11
pocket_cv,fold_1,vina_score_only,0.2,1537,0.9459986987638256,0.9934938191281718,0.9531554977228367,1.0,1.0,0.9993493819128172,74.85,-7.795,11
pocket_cv,fold_1,vina_score_only,0.5,3825,0.9432679738562092,0.9874509803921568,0.9568627450980393,1.0,1.0,0.9989542483660131,184.25,-7.2,11
pocket_cv,fold_1,vina_minimize,0.1,774,0.9496124031007752,0.9896640826873385,0.9599483204134367,1.0,1.0,1.0,37.8,-8.303,11
pocket_cv,fold_1,vina_minimize,0.2,1537,0.9499024072869225,0.9908913467794405,0.9596616785946649,1.0,1.0,0.9993493819128172,74.5,-7.898,11
pocket_cv,fold_1,vina_minimize,0.5,3825,0.9482352941176471,0.9887581699346405,0.9602614379084967,1.0,1.0,0.9989542483660131,183.7,-7.304,11
pocket_cv,fold_1,qed_sa_vina,0.1,774,0.9418604651162791,0.9767441860465116,0.9638242894056848,1.0,1.0,1.0,37.55,-7.2715,11
pocket_cv,fold_1,qed_sa_vina,0.2,1537,0.9518542615484711,0.9811320754716981,0.9687703318152244,1.0,1.0,1.0,73.75,-7.084,11
pocket_cv,fold_1,qed_sa_vina,0.5,3825,0.9477124183006536,0.9814379084967321,0.9652287581699346,1.0,1.0,1.0,181.55,-6.699,11
pocket_cv,fold_1,mlp_ligand_descriptor,0.1,774,0.9780361757105943,1.0,0.9780361757105943,1.0,1.0,1.0,37.1,-7.159,11
pocket_cv,fold_1,mlp_ligand_descriptor,0.2,1537,0.973975276512687,1.0,0.9746258945998699,1.0,0.9993493819128172,1.0,72.85,-7.103,11
pocket_cv,fold_1,mlp_ligand_descriptor,0.5,3825,0.9652287581699346,0.9994771241830065,0.9660130718954248,1.0,0.9997385620915032,1.0,181.65,-6.709,11
pocket_cv,fold_1,mlp_pose_shape,0.1,774,1.0,1.0,1.0,1.0,1.0,1.0,38.2,-6.395,11
pocket_cv,fold_1,mlp_pose_shape,0.2,1537,1.0,1.0,1.0,1.0,1.0,1.0,74.85,-6.411,11
pocket_cv,fold_1,mlp_pose_shape,0.5,3825,0.9971241830065359,0.9997385620915032,0.9973856209150327,1.0,1.0,0.9997385620915032,184.2,-6.454,11
pocket_cv,fold_1,mlp_reliamol_novinascore,0.1,774,1.0,1.0,1.0,1.0,1.0,1.0,38.05,-6.2915,11
pocket_cv,fold_1,mlp_reliamol_novinascore,0.2,1537,0.9993493819128172,1.0,0.9993493819128172,1.0,1.0,1.0,74.95,-6.317,11
pocket_cv,fold_1,mlp_reliamol_novinascore,0.5,3825,0.9968627450980392,0.9994771241830065,0.9973856209150327,1.0,1.0,0.9997385620915032,184.2,-6.404,11
pocket_cv,fold_1,rf_reliamol_novinascore,0.1,774,1.0,1.0,1.0,1.0,1.0,1.0,37.45,-5.639,11
pocket_cv,fold_1,rf_reliamol_novinascore,0.2,1537,1.0,1.0,1.0,1.0,1.0,1.0,74.25,-5.941,11
pocket_cv,fold_1,rf_reliamol_novinascore,0.5,3825,0.9968627450980392,1.0,0.9968627450980392,1.0,1.0,0.9997385620915032,182.85,-6.226,11
pocket_cv,fold_1,hgb_reliamol_novinascore,0.1,774,1.0,1.0,1.0,1.0,1.0,1.0,37.55,-5.874499999999999,11
pocket_cv,fold_1,hgb_reliamol_novinascore,0.2,1537,1.0,1.0,1.0,1.0,1.0,1.0,74.2,-6.014,11
pocket_cv,fold_1,hgb_reliamol_novinascore,0.5,3825,0.9971241830065359,1.0,0.9971241830065359,1.0,1.0,1.0,183.1,-6.272,11
pocket_cv,fold_2,qed,0.1,775,0.9754838709677419,1.0,0.9754838709677419,1.0,1.0,1.0,37.3,-6.299,11
pocket_cv,fold_2,qed,0.2,1544,0.9702072538860104,1.0,0.9702072538860104,1.0,1.0,1.0,74.15,-6.209,11
pocket_cv,fold_2,qed,0.5,3834,0.9655712050078247,0.9981742305685968,0.9671361502347418,1.0,1.0,1.0,183.2,-6.182,11
pocket_cv,fold_2,qed_sa,0.1,775,0.9664516129032258,0.9935483870967742,0.9716129032258064,1.0,1.0,1.0,37.45,-5.965,11
pocket_cv,fold_2,qed_sa,0.2,1544,0.9643782383419689,0.9928756476683938,0.9708549222797928,1.0,1.0,1.0,74.0,-5.9495000000000005,11
pocket_cv,fold_2,qed_sa,0.5,3834,0.9611371935315597,0.9934793948878456,0.967396974439228,1.0,1.0,1.0,182.9,-6.025,11
pocket_cv,fold_2,vina_score_only,0.1,775,0.9509677419354838,0.9987096774193548,0.952258064516129,1.0,1.0,1.0,38.25,-7.917,11
pocket_cv,fold_2,vina_score_only,0.2,1544,0.9591968911917098,0.9993523316062176,0.9598445595854922,1.0,1.0,1.0,75.5,-7.6005,11
pocket_cv,fold_2,vina_score_only,0.5,3834,0.95565988523735,0.9992175273865415,0.9567031820552947,1.0,1.0,0.9997391757955139,185.6,-6.92,11
pocket_cv,fold_2,vina_minimize,0.1,775,0.9638709677419355,1.0,0.9638709677419355,1.0,1.0,1.0,38.25,-8.153,11
pocket_cv,fold_2,vina_minimize,0.2,1544,0.9591968911917098,1.0,0.9598445595854922,1.0,1.0,0.9993523316062176,75.55,-7.7595,11
pocket_cv,fold_2,vina_minimize,0.5,3834,0.9572248304642671,0.9994783515910276,0.9580073030777256,1.0,1.0,0.9997391757955139,185.35,-7.0595,11
pocket_cv,fold_2,qed_sa_vina,0.1,775,0.9703225806451613,1.0,0.9703225806451613,1.0,1.0,1.0,37.55,-6.747,11
pocket_cv,fold_2,qed_sa_vina,0.2,1544,0.9689119170984456,1.0,0.9689119170984456,1.0,1.0,1.0,74.4,-6.582,11
pocket_cv,fold_2,qed_sa_vina,0.5,3834,0.9637454355764214,0.9976525821596244,0.9660928534167971,1.0,1.0,1.0,183.35,-6.353,11
pocket_cv,fold_2,mlp_ligand_descriptor,0.1,775,0.9741935483870968,1.0,0.9741935483870968,1.0,1.0,1.0,37.75,-6.666,11
pocket_cv,fold_2,mlp_ligand_descriptor,0.2,1544,0.969559585492228,1.0,0.969559585492228,1.0,1.0,1.0,74.95,-6.5445,11
pocket_cv,fold_2,mlp_ligand_descriptor,0.5,3834,0.9666145018257695,1.0,0.9666145018257695,1.0,1.0,1.0,183.8,-6.3665,11
pocket_cv,fold_2,mlp_pose_shape,0.1,775,1.0,1.0,1.0,1.0,1.0,1.0,37.85,-5.847,11
pocket_cv,fold_2,mlp_pose_shape,0.2,1544,1.0,1.0,1.0,1.0,1.0,1.0,74.95,-5.9465,11
pocket_cv,fold_2,mlp_pose_shape,0.5,3834,0.9984350547730829,1.0,0.9984350547730829,1.0,1.0,1.0,185.5,-6.129,11
pocket_cv,fold_2,mlp_reliamol_novinascore,0.1,775,1.0,1.0,1.0,1.0,1.0,1.0,38.15,-5.858,11
pocket_cv,fold_2,mlp_reliamol_novinascore,0.2,1544,1.0,1.0,1.0,1.0,1.0,1.0,75.25,-5.904,11
pocket_cv,fold_2,mlp_reliamol_novinascore,0.5,3834,0.9989567031820553,1.0,0.9989567031820553,1.0,1.0,1.0,185.8,-6.11,11
pocket_cv,fold_2,rf_reliamol_novinascore,0.1,775,1.0,1.0,1.0,1.0,1.0,1.0,38.2,-5.347,11
pocket_cv,fold_2,rf_reliamol_novinascore,0.2,1544,1.0,1.0,1.0,1.0,1.0,1.0,75.2,-5.6165,11
pocket_cv,fold_2,rf_reliamol_novinascore,0.5,3834,0.9986958789775692,1.0,0.9986958789775692,1.0,1.0,1.0,185.3,-5.961,11
pocket_cv,fold_2,hgb_reliamol_novinascore,0.1,775,1.0,1.0,1.0,1.0,1.0,1.0,38.15,-5.598,11
pocket_cv,fold_2,hgb_reliamol_novinascore,0.2,1544,1.0,1.0,1.0,1.0,1.0,1.0,75.35,-5.869,11
pocket_cv,fold_2,hgb_reliamol_novinascore,0.5,3834,0.9989567031820553,1.0,0.9989567031820553,1.0,1.0,1.0,185.45,-6.1129999999999995,11
pocket_cv,fold_3,qed,0.1,787,0.9466327827191868,0.9898348157560356,0.9567979669631512,1.0,1.0,0.9936467598475223,38.15,-6.082,11
pocket_cv,fold_3,qed,0.2,1565,0.9469648562300319,0.9891373801916933,0.9584664536741214,1.0,1.0,0.9929712460063898,75.2,-6.066,11
pocket_cv,fold_3,qed,0.5,3884,0.9420700308959835,0.9866117404737385,0.9572605561277034,1.0,0.9994850669412977,0.9909886714727085,186.1,-5.9445,11
pocket_cv,fold_3,qed_sa,0.1,787,0.9466327827191868,0.9860228716645489,0.9580686149936467,1.0,1.0,1.0,38.3,-5.777,11
pocket_cv,fold_3,qed_sa,0.2,1565,0.9437699680511182,0.9833865814696485,0.9597444089456869,1.0,1.0,0.997444089456869,75.25,-5.683,11
pocket_cv,fold_3,qed_sa,0.5,3884,0.9389804325437693,0.9814624098867147,0.9588053553038105,1.0,0.9992276004119465,0.9925334706488157,185.7,-5.7485,11
pocket_cv,fold_3,vina_score_only,0.1,787,0.9377382465057179,0.9961880559085133,0.9415501905972046,1.0,1.0,0.9872935196950444,39.1,-7.632,11
pocket_cv,fold_3,vina_score_only,0.2,1565,0.939297124600639,0.9923322683706071,0.949520766773163,1.0,1.0,0.9878594249201278,77.15,-7.22,11
pocket_cv,fold_3,vina_score_only,0.5,3884,0.937178166838311,0.988928939237899,0.9490216271884655,1.0,1.0,0.9894438722966015,189.55,-6.6045,11
pocket_cv,fold_3,vina_minimize,0.1,787,0.940279542566709,0.9949174078780177,0.9466327827191868,1.0,1.0,0.9898348157560356,39.0,-7.747,11
pocket_cv,fold_3,vina_minimize,0.2,1565,0.9373801916932908,0.9923322683706071,0.9450479233226837,1.0,1.0,0.9897763578274761,77.15,-7.371,11
pocket_cv,fold_3,vina_minimize,0.5,3884,0.938465499485067,0.9894438722966015,0.9503089598352215,1.0,1.0,0.9894438722966015,189.45,-6.6805,11
pocket_cv,fold_3,qed_sa_vina,0.1,787,0.9529860228716646,0.9936467598475223,0.9580686149936467,1.0,1.0,0.9961880559085133,38.45,-6.688,11
pocket_cv,fold_3,qed_sa_vina,0.2,1565,0.9456869009584664,0.9891373801916933,0.9565495207667731,1.0,1.0,0.9955271565495207,75.9,-6.471,11
pocket_cv,fold_3,qed_sa_vina,0.5,3884,0.944129763130793,0.9866117404737385,0.9582904222451082,1.0,1.0,0.9922760041194645,186.7,-6.172000000000001,11
pocket_cv,fold_3,mlp_ligand_descriptor,0.1,787,0.9542566709021602,0.9936467598475223,0.9606099110546379,1.0,0.9987293519695044,1.0,38.6,-6.508,11
pocket_cv,fold_3,mlp_ligand_descriptor,0.2,1565,0.9482428115015974,0.9910543130990416,0.9578274760383386,1.0,0.9993610223642172,0.9968051118210862,76.05,-6.332,11
pocket_cv,fold_3,mlp_ligand_descriptor,0.5,3884,0.9418125643666323,0.988928939237899,0.9549433573635427,1.0,0.9989701338825953,0.9925334706488157,186.9,-6.067,11
pocket_cv,fold_3,mlp_pose_shape,0.1,787,0.9809402795425667,0.9923761118170267,0.9987293519695044,1.0,1.0,0.9898348157560356,38.95,-5.85,11
pocket_cv,fold_3,mlp_pose_shape,0.2,1565,0.9789137380191694,0.9904153354632588,0.9961661341853035,1.0,1.0,0.9904153354632588,76.85,-5.884,11
pocket_cv,fold_3,mlp_pose_shape,0.5,3884,0.9742533470648815,0.988928939237899,0.9891864057672503,1.0,1.0,0.9907312049433573,188.3,-5.9455,11
pocket_cv,fold_3,mlp_reliamol_novinascore,0.1,787,0.9809402795425667,0.9923761118170267,0.9961880559085133,1.0,1.0,0.9911054637865311,39.05,-5.953,11
pocket_cv,fold_3,mlp_reliamol_novinascore,0.2,1565,0.9789137380191694,0.9904153354632588,0.9961661341853035,1.0,1.0,0.9897763578274761,77.05,-5.883,11
pocket_cv,fold_3,mlp_reliamol_novinascore,0.5,3884,0.9768280123583934,0.9891864057672503,0.9912461380020597,1.0,1.0,0.9904737384140062,188.8,-5.959,11
pocket_cv,fold_3,rf_reliamol_novinascore,0.1,787,0.9872935196950444,0.9987293519695044,0.9949174078780177,1.0,1.0,0.9923761118170267,38.8,-5.15,11
pocket_cv,fold_3,rf_reliamol_novinascore,0.2,1565,0.9808306709265175,0.9929712460063898,0.994888178913738,1.0,1.0,0.9897763578274761,76.5,-5.425,11
pocket_cv,fold_3,rf_reliamol_novinascore,0.5,3884,0.9770854788877446,0.9894438722966015,0.9909886714727085,1.0,1.0,0.9907312049433573,188.7,-5.71,11
pocket_cv,fold_3,hgb_reliamol_novinascore,0.1,787,0.98856416772554,0.9987293519695044,0.9949174078780177,1.0,1.0,0.9936467598475223,38.85,-5.529,11
pocket_cv,fold_3,hgb_reliamol_novinascore,0.2,1565,0.9814696485623003,0.9929712460063898,0.9916932907348243,1.0,1.0,0.9936102236421726,76.9,-5.627,11
pocket_cv,fold_3,hgb_reliamol_novinascore,0.5,3884,0.9770854788877446,0.9894438722966015,0.9907312049433573,1.0,1.0,0.9907312049433573,188.7,-5.8035,11
pocket_cv,fold_4,qed,0.1,762,0.952755905511811,0.9986876640419947,0.9553805774278216,1.0,0.9986876640419947,1.0,36.85,-6.7075,11
pocket_cv,fold_4,qed,0.2,1509,0.9529489728296885,0.9980119284294234,0.9555997349237906,1.0,0.9993373094764745,1.0,72.75,-6.716,11
pocket_cv,fold_4,qed,0.5,3748,0.9522411953041622,0.9970651013874067,0.955709711846318,1.0,0.9991995731056563,1.0,179.6,-6.604,11
pocket_cv,fold_4,qed_sa,0.1,762,0.9461942257217848,0.9908136482939632,0.9553805774278216,1.0,1.0,1.0,36.95,-6.4325,11
pocket_cv,fold_4,qed_sa,0.2,1509,0.9489728296885355,0.9913850231941683,0.9582504970178927,0.9993373094764745,0.9993373094764745,1.0,72.7,-6.44,11
pocket_cv,fold_4,qed_sa,0.5,3748,0.9471718249733191,0.9927961579509071,0.9549092849519744,0.9994663820704376,0.9994663820704376,1.0,180.0,-6.473,11
pocket_cv,fold_4,vina_score_only,0.1,762,0.9330708661417323,1.0,0.9356955380577427,1.0,1.0,0.9973753280839895,37.8,-8.5785,11
pocket_cv,fold_4,vina_score_only,0.2,1509,0.9317428760768721,1.0,0.9343936381709742,1.0,1.0,0.9973492379058979,74.25,-8.166,11
pocket_cv,fold_4,vina_score_only,0.5,3748,0.9386339381003201,1.0,0.942102454642476,1.0,1.0,0.9965314834578441,181.7,-7.462,11
pocket_cv,fold_4,vina_minimize,0.1,762,0.9330708661417323,1.0,0.937007874015748,1.0,1.0,0.9960629921259843,37.5,-8.872,11
pocket_cv,fold_4,vina_minimize,0.2,1509,0.9317428760768721,1.0,0.9343936381709742,1.0,1.0,0.9973492379058979,73.95,-8.37,11
pocket_cv,fold_4,vina_minimize,0.5,3748,0.9381003201707577,1.0,0.942102454642476,1.0,0.9994663820704376,0.9965314834578441,181.45,-7.598000000000001,11
pocket_cv,fold_4,qed_sa_vina,0.1,762,0.9501312335958005,1.0,0.9501312335958005,1.0,1.0,1.0,37.05,-7.4879999999999995,11
pocket_cv,fold_4,qed_sa_vina,0.2,1509,0.9529489728296885,0.9993373094764745,0.9542743538767395,1.0,0.9993373094764745,1.0,72.8,-7.213,11
pocket_cv,fold_4,qed_sa_vina,0.5,3748,0.94957310565635,0.9973319103521878,0.9527748132337247,0.9994663820704376,0.9997331910352187,1.0,180.5,-6.9425,11
pocket_cv,fold_4,mlp_ligand_descriptor,0.1,762,0.9356955380577427,1.0,0.9356955380577427,1.0,1.0,1.0,37.4,-7.521,11
pocket_cv,fold_4,mlp_ligand_descriptor,0.2,1509,0.9423459244532804,1.0,0.9430086149768059,1.0,0.9993373094764745,1.0,73.45,-7.37,11
pocket_cv,fold_4,mlp_ligand_descriptor,0.5,3748,0.9487726787620064,1.0,0.9501067235859125,1.0,0.9986659551760939,1.0,180.8,-7.027,11
pocket_cv,fold_4,mlp_pose_shape,0.1,762,1.0,1.0,1.0,1.0,1.0,1.0,37.75,-6.359999999999999,11
pocket_cv,fold_4,mlp_pose_shape,0.2,1509,1.0,1.0,1.0,1.0,1.0,1.0,74.1,-6.46,11
pocket_cv,fold_4,mlp_pose_shape,0.5,3748,0.9887940234791889,0.9994663820704376,0.9893276414087513,1.0,1.0,1.0,181.85,-6.531,11
pocket_cv,fold_4,mlp_reliamol_novinascore,0.1,762,0.9986876640419947,1.0,1.0,1.0,0.9986876640419947,1.0,37.85,-6.391500000000001,11
pocket_cv,fold_4,mlp_reliamol_novinascore,0.2,1509,0.9966865473823724,1.0,0.9973492379058979,1.0,0.9993373094764745,1.0,74.45,-6.407,11
pocket_cv,fold_4,mlp_reliamol_novinascore,0.5,3748,0.9885272145144077,1.0,0.9887940234791889,1.0,0.9997331910352187,1.0,182.75,-6.4755,11
pocket_cv,fold_4,rf_reliamol_novinascore,0.1,762,0.9986876640419947,1.0,0.9986876640419947,1.0,1.0,1.0,37.45,-5.561999999999999,11
pocket_cv,fold_4,rf_reliamol_novinascore,0.2,1509,0.9980119284294234,1.0,0.9980119284294234,1.0,1.0,1.0,73.85,-5.969,11
pocket_cv,fold_4,rf_reliamol_novinascore,0.5,3748,0.9890608324439701,1.0,0.9895944503735326,0.9997331910352187,0.9997331910352187,1.0,182.0,-6.326,11
pocket_cv,fold_4,hgb_reliamol_novinascore,0.1,762,0.9973753280839895,1.0,0.9986876640419947,0.9986876640419947,1.0,1.0,37.3,-5.713,11
pocket_cv,fold_4,hgb_reliamol_novinascore,0.2,1509,0.9973492379058979,1.0,0.998674618952949,0.998674618952949,1.0,1.0,73.85,-6.041,11
pocket_cv,fold_4,hgb_reliamol_novinascore,0.5,3748,0.9890608324439701,1.0,0.9895944503735326,0.9994663820704376,1.0,1.0,182.25,-6.340999999999999,11
pocket_cv,fold_5,qed,0.1,768,0.9427083333333334,0.9934895833333334,0.95703125,1.0,0.9986979166666666,0.9921875,37.35,-6.728,11
pocket_cv,fold_5,qed,0.2,1525,0.9383606557377049,0.9914754098360655,0.9554098360655737,1.0,0.999344262295082,0.9901639344262295,73.75,-6.696,11
pocket_cv,fold_5,qed,0.5,3795,0.9309617918313571,0.98866930171278,0.9480895915678524,1.0,0.9997364953886693,0.9884057971014493,182.5,-6.647,11
pocket_cv,fold_5,qed_sa,0.1,768,0.9401041666666666,0.9908854166666666,0.9518229166666666,1.0,0.9986979166666666,0.9973958333333334,37.2,-6.403499999999999,11
pocket_cv,fold_5,qed_sa,0.2,1525,0.9370491803278689,0.9881967213114754,0.9527868852459016,1.0,0.999344262295082,0.9921311475409836,73.5,-6.366,11
pocket_cv,fold_5,qed_sa,0.5,3795,0.9291172595520422,0.9855072463768116,0.9488801054018445,1.0,0.9997364953886693,0.9889328063241106,182.1,-6.524,11
pocket_cv,fold_5,vina_score_only,0.1,768,0.9270833333333334,0.9973958333333334,0.9348958333333334,1.0,1.0,0.9895833333333334,37.95,-8.7895,11
pocket_cv,fold_5,vina_score_only,0.2,1525,0.9285245901639344,0.9947540983606558,0.939016393442623,1.0,1.0,0.9881967213114754,75.0,-8.318,11
pocket_cv,fold_5,vina_score_only,0.5,3795,0.9217391304347826,0.9915678524374176,0.9359683794466404,1.0,1.0,0.9865612648221344,184.95,-7.59,11
pocket_cv,fold_5,vina_minimize,0.1,768,0.9244791666666666,0.9973958333333334,0.9361979166666666,1.0,1.0,0.9895833333333334,38.1,-9.0525,11
pocket_cv,fold_5,vina_minimize,0.2,1525,0.9291803278688524,0.9954098360655738,0.939016393442623,1.0,1.0,0.9881967213114754,75.15,-8.477,11
pocket_cv,fold_5,vina_minimize,0.5,3795,0.924901185770751,0.9918313570487484,0.9391304347826087,1.0,1.0,0.9868247694334651,184.75,-7.715,11
pocket_cv,fold_5,qed_sa_vina,0.1,768,0.94140625,0.9921875,0.9505208333333334,1.0,1.0,0.9973958333333334,37.4,-7.1335,11
pocket_cv,fold_5,qed_sa_vina,0.2,1525,0.940327868852459,0.9927868852459016,0.9521311475409836,1.0,1.0,0.9921311475409836,73.75,-6.996,11
pocket_cv,fold_5,qed_sa_vina,0.5,3795,0.9291172595520422,0.98866930171278,0.9454545454545454,1.0,0.9997364953886693,0.9889328063241106,182.85,-6.848,11
pocket_cv,fold_5,mlp_ligand_descriptor,0.1,768,0.9505208333333334,1.0,0.9557291666666666,1.0,1.0,0.9947916666666666,37.3,-7.542,11
pocket_cv,fold_5,mlp_ligand_descriptor,0.2,1525,0.9436065573770491,0.9980327868852459,0.9514754098360656,1.0,1.0,0.9921311475409836,74.0,-7.355,11
pocket_cv,fold_5,mlp_ligand_descriptor,0.5,3795,0.9359683794466404,0.9918313570487484,0.9499341238471674,1.0,0.9997364953886693,0.9889328063241106,183.25,-7.075,11
pocket_cv,fold_5,mlp_pose_shape,0.1,768,0.98828125,1.0,0.9986979166666666,1.0,1.0,0.9895833333333334,37.75,-6.539999999999999,11
pocket_cv,fold_5,mlp_pose_shape,0.2,1525,0.981639344262295,0.9960655737704918,0.9954098360655738,1.0,1.0,0.9881967213114754,74.65,-6.606,11
pocket_cv,fold_5,mlp_pose_shape,0.5,3795,0.9665349143610014,0.9918313570487484,0.9839262187088273,1.0,1.0,0.9870882740447958,184.1,-6.647,11
pocket_cv,fold_5,mlp_reliamol_novinascore,0.1,768,0.98828125,1.0,0.9986979166666666,1.0,1.0,0.9895833333333334,37.9,-6.3105,11
pocket_cv,fold_5,mlp_reliamol_novinascore,0.2,1525,0.9849180327868853,0.999344262295082,0.9947540983606558,1.0,1.0,0.9888524590163934,74.75,-6.42,11
pocket_cv,fold_5,mlp_reliamol_novinascore,0.5,3795,0.9665349143610014,0.9920948616600791,0.9836627140974967,1.0,1.0,0.9878787878787879,184.4,-6.616,11
pocket_cv,fold_5,rf_reliamol_novinascore,0.1,768,0.9869791666666666,1.0,0.9934895833333334,1.0,1.0,0.9908854166666666,37.6,-5.7135,11
pocket_cv,fold_5,rf_reliamol_novinascore,0.2,1525,0.9842622950819672,1.0,0.9914754098360655,1.0,1.0,0.9888524590163934,74.3,-5.991,11
pocket_cv,fold_5,rf_reliamol_novinascore,0.5,3795,0.9662714097496706,0.9920948616600791,0.9828722002635046,1.0,1.0,0.9873517786561264,183.85,-6.501,11
pocket_cv,fold_5,hgb_reliamol_novinascore,0.1,768,0.98828125,1.0,0.9921875,1.0,1.0,0.9947916666666666,37.65,-5.7665,11
pocket_cv,fold_5,hgb_reliamol_novinascore,0.2,1525,0.9836065573770492,1.0,0.9901639344262295,1.0,1.0,0.9908196721311475,74.25,-5.927,11
pocket_cv,fold_5,hgb_reliamol_novinascore,0.5,3795,0.9670619235836627,0.9926218708827405,0.980764163372859,1.0,1.0,0.9884057971014493,183.5,-6.342,11
leave_generator_out,AR,qed,0.1,940,0.9968085106382979,0.9989361702127659,0.997872340425532,1.0,0.9989361702127659,1.0,9.68041237113402,-6.1850000000000005,11
leave_generator_out,AR,qed,0.2,1874,0.9951974386339381,0.9967982924226254,0.9983991462113126,1.0,0.9994663820704376,1.0,19.298969072164947,-6.111000000000001,11
leave_generator_out,AR,qed,0.5,4662,0.9912054912054912,0.9927069927069927,0.9984984984984985,1.0,0.9995709995709996,1.0,48.02061855670103,-6.0225,11
leave_generator_out,AR,qed_sa,0.1,940,0.975531914893617,0.9765957446808511,0.9968085106382979,1.0,1.0,1.0,9.690721649484535,-5.751,11
leave_generator_out,AR,qed_sa,0.2,1874,0.9765208110992529,0.9786552828175027,0.9978655282817502,0.9994663820704376,0.9994663820704376,1.0,19.298969072164947,-5.701,11
leave_generator_out,AR,qed_sa,0.5,4662,0.9802659802659802,0.9815529815529815,0.9987129987129987,0.9995709995709996,0.9997854997854998,1.0,48.02061855670103,-5.810499999999999,11
leave_generator_out,AR,vina_score_only,0.1,940,0.9968085106382979,0.9989361702127659,0.9989361702127659,1.0,1.0,0.9989361702127659,9.690721649484535,-7.6725,11
leave_generator_out,AR,vina_score_only,0.2,1874,0.996264674493063,0.9994663820704376,0.9989327641408752,1.0,1.0,0.9978655282817502,19.31958762886598,-7.333,11
leave_generator_out,AR,vina_score_only,0.5,4662,0.9937794937794938,0.9980694980694981,0.9993564993564994,1.0,1.0,0.9963534963534963,48.05154639175258,-6.7015,11
leave_generator_out,AR,vina_minimize,0.1,940,0.9968085106382979,1.0,0.9989361702127659,1.0,1.0,0.997872340425532,9.690721649484535,-7.7490000000000006,11
leave_generator_out,AR,vina_minimize,0.2,1874,0.9973319103521878,1.0,0.9994663820704376,1.0,1.0,0.9978655282817502,19.31958762886598,-7.4245,11
leave_generator_out,AR,vina_minimize,0.5,4662,0.9948519948519948,0.9989274989274989,0.9995709995709996,1.0,1.0,0.9963534963534963,48.06185567010309,-6.794499999999999,11
leave_generator_out,AR,qed_sa_vina,0.1,940,0.9968085106382979,0.9989361702127659,0.997872340425532,1.0,1.0,1.0,9.690721649484535,-6.5489999999999995,11
leave_generator_out,AR,qed_sa_vina,0.2,1874,0.9941302027748132,0.9957310565635006,0.9983991462113126,1.0,0.9994663820704376,1.0,19.298969072164947,-6.418,11
leave_generator_out,AR,qed_sa_vina,0.5,4662,0.9903474903474904,0.9916344916344917,0.9991419991419992,0.9995709995709996,0.9997854997854998,1.0,48.03092783505155,-6.2055,11
leave_generator_out,AR,mlp_ligand_descriptor,0.1,940,1.0,1.0,1.0,1.0,1.0,1.0,9.690721649484535,-6.6975,11
leave_generator_out,AR,mlp_ligand_descriptor,0.2,1874,1.0,1.0,1.0,1.0,1.0,1.0,19.31958762886598,-6.558,11
leave_generator_out,AR,mlp_ligand_descriptor,0.5,4662,0.9993564993564994,0.9997854997854998,0.9995709995709996,1.0,1.0,1.0,48.04123711340206,-6.250500000000001,11
leave_generator_out,AR,mlp_pose_shape,0.1,940,1.0,1.0,1.0,1.0,1.0,1.0,9.690721649484535,-5.9915,11
leave_generator_out,AR,mlp_pose_shape,0.2,1874,1.0,1.0,1.0,1.0,1.0,1.0,19.31958762886598,-6.006,11
leave_generator_out,AR,mlp_pose_shape,0.5,4662,1.0,1.0,1.0,1.0,1.0,1.0,48.04123711340206,-6.0675,11
leave_generator_out,AR,mlp_reliamol_novinascore,0.1,940,1.0,1.0,1.0,1.0,1.0,1.0,9.690721649484535,-6.0920000000000005,11
leave_generator_out,AR,mlp_reliamol_novinascore,0.2,1874,1.0,1.0,1.0,1.0,1.0,1.0,19.31958762886598,-6.1105,11
leave_generator_out,AR,mlp_reliamol_novinascore,0.5,4662,1.0,1.0,1.0,1.0,1.0,1.0,48.05154639175258,-6.112,11
leave_generator_out,AR,rf_reliamol_novinascore,0.1,940,1.0,1.0,1.0,1.0,1.0,1.0,9.68041237113402,-4.6615,11
leave_generator_out,AR,rf_reliamol_novinascore,0.2,1874,1.0,1.0,1.0,1.0,1.0,1.0,19.309278350515463,-5.1,11
leave_generator_out,AR,rf_reliamol_novinascore,0.5,4662,0.9995709995709996,1.0,1.0,0.9995709995709996,1.0,1.0,48.02061855670103,-5.698,11
leave_generator_out,AR,hgb_reliamol_novinascore,0.1,940,0.9989361702127659,1.0,1.0,0.9989361702127659,1.0,1.0,9.690721649484535,-4.5595,11
leave_generator_out,AR,hgb_reliamol_novinascore,0.2,1874,0.9989327641408752,1.0,1.0,0.9989327641408752,1.0,1.0,19.31958762886598,-4.9395,11
leave_generator_out,AR,hgb_reliamol_novinascore,0.5,4662,0.9995709995709996,1.0,1.0,0.9995709995709996,1.0,1.0,48.04123711340206,-5.6525,11
leave_generator_out,CVAE,qed,0.1,999,0.8268268268268268,0.975975975975976,0.8538538538538538,1.0,1.0,0.988988988988989,8.81,-6.876,11
leave_generator_out,CVAE,qed,0.2,1991,0.8302360622802611,0.9799095931692616,0.8558513309894525,1.0,1.0,0.9869412355600201,17.13,-6.84,11
leave_generator_out,CVAE,qed,0.5,4961,0.8163676678089095,0.9772223342068131,0.8433783511388833,1.0,1.0,0.9840757911711349,42.09,-6.724,11
leave_generator_out,CVAE,qed_sa,0.1,999,0.8268268268268268,0.9719719719719719,0.8518518518518519,1.0,1.0,0.997997997997998,8.84,-6.751,11
leave_generator_out,CVAE,qed_sa,0.2,1991,0.8287292817679558,0.9718734304369664,0.856353591160221,1.0,1.0,0.9919638372677047,17.11,-6.758,11
leave_generator_out,CVAE,qed_sa,0.5,4961,0.8179802459181617,0.9754081838339045,0.8457972183027616,1.0,1.0,0.9856883692803871,41.93,-6.704,11
leave_generator_out,CVAE,vina_score_only,0.1,999,0.7737737737737738,0.994994994994995,0.7817817817817818,1.0,1.0,0.982982982982983,9.53,-7.716,11
leave_generator_out,CVAE,vina_score_only,0.2,1991,0.7820190858864892,0.9894525364138623,0.7975891511803114,1.0,1.0,0.982420894023104,18.52,-7.577,11
leave_generator_out,CVAE,vina_score_only,0.5,4961,0.7810925216690183,0.9838742189074783,0.801451320298327,1.0,1.0,0.9822616407982262,44.38,-7.106,11
leave_generator_out,CVAE,vina_minimize,0.1,999,0.7867867867867868,0.990990990990991,0.8028028028028028,1.0,1.0,0.984984984984985,9.49,-7.951,11
leave_generator_out,CVAE,vina_minimize,0.2,1991,0.784028126569563,0.9884480160723255,0.7985936715218483,1.0,1.0,0.9839276745354093,18.46,-7.705,11
leave_generator_out,CVAE,vina_minimize,0.5,4961,0.7871396895787139,0.9828663575891957,0.8083047772626487,1.0,1.0,0.9830679298528523,44.1,-7.247,11
leave_generator_out,CVAE,qed_sa_vina,0.1,999,0.8218218218218218,0.978978978978979,0.8418418418418419,1.0,1.0,0.994994994994995,8.98,-7.38,11
leave_generator_out,CVAE,qed_sa_vina,0.2,1991,0.8257157207433451,0.9804118533400301,0.8478151682571572,1.0,1.0,0.9904570567553993,17.41,-7.187,11
leave_generator_out,CVAE,qed_sa_vina,0.5,4961,0.8121346502721225,0.9778270509977827,0.8377343277565007,1.0,1.0,0.9854867970167305,42.49,-6.991,11
leave_generator_out,CVAE,mlp_ligand_descriptor,0.1,999,0.8248248248248248,0.995995995995996,0.8298298298298298,1.0,1.0,0.997997997997998,9.39,-6.905,11
leave_generator_out,CVAE,mlp_ligand_descriptor,0.2,1991,0.8201908588648921,0.9924660974384731,0.8297338021094928,1.0,1.0,0.99347061778001,18.28,-6.862,11
leave_generator_out,CVAE,mlp_ligand_descriptor,0.5,4961,0.811933078008466,0.9854867970167305,0.830880870792179,1.0,1.0,0.9856883692803871,43.81,-6.702,11
leave_generator_out,CVAE,mlp_pose_shape,0.1,999,0.9529529529529529,0.985985985985986,0.9819819819819819,1.0,1.0,0.983983983983984,9.35,-6.438,11
leave_generator_out,CVAE,mlp_pose_shape,0.2,1991,0.9437468608739327,0.9864389753892516,0.9673530889000502,1.0,1.0,0.9839276745354093,18.19,-6.537,11
leave_generator_out,CVAE,mlp_pose_shape,0.5,4961,0.9157427937915743,0.9836726466438218,0.9403346099576698,1.0,1.0,0.9826647853255392,43.52,-6.58,11
leave_generator_out,CVAE,mlp_reliamol_novinascore,0.1,999,0.955955955955956,0.987987987987988,0.972972972972973,1.0,1.0,0.988988988988989,9.5,-6.366,11
leave_generator_out,CVAE,mlp_reliamol_novinascore,0.2,1991,0.9472626820693119,0.9869412355600201,0.9648417880462079,1.0,1.0,0.987945755901557,18.47,-6.437,11
leave_generator_out,CVAE,mlp_reliamol_novinascore,0.5,4961,0.9229993952832091,0.9854867970167305,0.9433581939125176,1.0,1.0,0.9844789356984479,43.98,-6.542,11
leave_generator_out,CVAE,rf_reliamol_novinascore,0.1,999,0.980980980980981,0.998998998998999,0.984984984984985,1.0,1.0,0.994994994994995,9.29,-6.596,11
leave_generator_out,CVAE,rf_reliamol_novinascore,0.2,1991,0.9678553490708187,0.994475138121547,0.9779005524861878,1.0,1.0,0.9919638372677047,18.03,-6.613,11
leave_generator_out,CVAE,rf_reliamol_novinascore,0.5,4961,0.9389236041120742,0.9860915138077001,0.9598871195323524,1.0,1.0,0.9854867970167305,43.45,-6.586,11
leave_generator_out,CVAE,hgb_reliamol_novinascore,0.1,999,0.9429429429429429,0.998998998998999,0.9469469469469469,1.0,1.0,0.98998998998999,9.31,-6.627,11
leave_generator_out,CVAE,hgb_reliamol_novinascore,0.2,1991,0.9085886489201407,0.994475138121547,0.9176293319939729,1.0,1.0,0.987945755901557,18.13,-6.636,11
leave_generator_out,CVAE,hgb_reliamol_novinascore,0.5,4961,0.8486192299939528,0.9860915138077001,0.8661560169320701,1.0,1.0,0.9850836524894174,43.61,-6.62,11
leave_generator_out,Pocket2Mol,qed,0.1,984,0.9969512195121951,0.9969512195121951,1.0,1.0,1.0,1.0,9.83,-6.052,11
leave_generator_out,Pocket2Mol,qed,0.2,1967,0.9974580579562786,0.9974580579562786,1.0,1.0,1.0,1.0,19.66,-5.963,11
leave_generator_out,Pocket2Mol,qed,0.5,4917,0.9947122229001424,0.9947122229001424,1.0,1.0,1.0,1.0,49.16,-5.868,11
leave_generator_out,Pocket2Mol,qed_sa,0.1,984,0.9939024390243902,0.9939024390243902,1.0,1.0,1.0,1.0,9.84,-5.5405,11
leave_generator_out,Pocket2Mol,qed_sa,0.2,1967,0.9898322318251144,0.9898322318251144,1.0,1.0,1.0,1.0,19.66,-5.538,11
leave_generator_out,Pocket2Mol,qed_sa,0.5,4917,0.987797437461867,0.9880008135041692,1.0,1.0,0.9997966239576977,1.0,49.15,-5.662,11
leave_generator_out,Pocket2Mol,vina_score_only,0.1,984,0.9939024390243902,0.9939024390243902,1.0,1.0,1.0,1.0,9.84,-7.3835,11
leave_generator_out,Pocket2Mol,vina_score_only,0.2,1967,0.9954245043213015,0.9954245043213015,1.0,1.0,1.0,1.0,19.66,-7.189,11
leave_generator_out,Pocket2Mol,vina_score_only,0.5,4917,0.9934919666463291,0.9934919666463291,1.0,1.0,1.0,1.0,49.15,-6.614,11
leave_generator_out,Pocket2Mol,vina_minimize,0.1,984,0.9949186991869918,0.9949186991869918,1.0,1.0,1.0,1.0,9.84,-7.689,11
leave_generator_out,Pocket2Mol,vina_minimize,0.2,1967,0.9949161159125572,0.9949161159125572,1.0,1.0,1.0,1.0,19.67,-7.389,11
leave_generator_out,Pocket2Mol,vina_minimize,0.5,4917,0.9951189749847468,0.995322351027049,1.0,1.0,0.9997966239576977,1.0,49.16,-6.806,11
leave_generator_out,Pocket2Mol,qed_sa_vina,0.1,984,0.9928861788617886,0.9928861788617886,1.0,1.0,1.0,1.0,9.84,-6.606,11
leave_generator_out,Pocket2Mol,qed_sa_vina,0.2,1967,0.9954245043213015,0.9954245043213015,1.0,1.0,1.0,1.0,19.67,-6.398,11
leave_generator_out,Pocket2Mol,qed_sa_vina,0.5,4917,0.9941020947732357,0.9941020947732357,1.0,1.0,1.0,1.0,49.16,-6.103,11
leave_generator_out,Pocket2Mol,mlp_ligand_descriptor,0.1,984,1.0,1.0,1.0,1.0,1.0,1.0,9.83,-6.3925,11
leave_generator_out,Pocket2Mol,mlp_ligand_descriptor,0.2,1967,0.9994916115912558,1.0,1.0,1.0,0.9994916115912558,1.0,19.66,-6.315,11
leave_generator_out,Pocket2Mol,mlp_ligand_descriptor,0.5,4917,0.9995932479153956,1.0,1.0,1.0,0.9995932479153956,1.0,49.15,-6.196,11
leave_generator_out,Pocket2Mol,mlp_pose_shape,0.1,984,1.0,1.0,1.0,1.0,1.0,1.0,9.84,-5.8445,11
leave_generator_out,Pocket2Mol,mlp_pose_shape,0.2,1967,1.0,1.0,1.0,1.0,1.0,1.0,19.67,-5.862,11
leave_generator_out,Pocket2Mol,mlp_pose_shape,0.5,4917,0.9997966239576977,0.9997966239576977,1.0,1.0,1.0,1.0,49.17,-5.967,11
leave_generator_out,Pocket2Mol,mlp_reliamol_novinascore,0.1,984,1.0,1.0,1.0,1.0,1.0,1.0,9.84,-5.8115000000000006,11
leave_generator_out,Pocket2Mol,mlp_reliamol_novinascore,0.2,1967,1.0,1.0,1.0,1.0,1.0,1.0,19.67,-5.839,11
leave_generator_out,Pocket2Mol,mlp_reliamol_novinascore,0.5,4917,1.0,1.0,1.0,1.0,1.0,1.0,49.16,-5.981,11
leave_generator_out,Pocket2Mol,rf_reliamol_novinascore,0.1,984,1.0,1.0,1.0,1.0,1.0,1.0,9.84,-4.7675,11
leave_generator_out,Pocket2Mol,rf_reliamol_novinascore,0.2,1967,1.0,1.0,1.0,1.0,1.0,1.0,19.67,-5.135,11
leave_generator_out,Pocket2Mol,rf_reliamol_novinascore,0.5,4917,1.0,1.0,1.0,1.0,1.0,1.0,49.17,-5.692,11
leave_generator_out,Pocket2Mol,hgb_reliamol_novinascore,0.1,984,1.0,1.0,1.0,1.0,1.0,1.0,9.84,-5.3805,11
leave_generator_out,Pocket2Mol,hgb_reliamol_novinascore,0.2,1967,1.0,1.0,1.0,1.0,1.0,1.0,19.67,-5.477,11
leave_generator_out,Pocket2Mol,hgb_reliamol_novinascore,0.5,4917,1.0,1.0,1.0,1.0,1.0,1.0,49.16,-5.689,11
leave_generator_out,TargetDiff,qed,0.1,943,0.9989395546129375,1.0,1.0,1.0,0.9989395546129375,1.0,9.43,-7.13,11
leave_generator_out,TargetDiff,qed,0.2,1848,0.9994588744588745,1.0,1.0,1.0,0.9994588744588745,1.0,18.46,-7.0555,11
leave_generator_out,TargetDiff,qed,0.5,4546,0.9973603167619886,0.998240211174659,1.0,1.0,0.9991201055873296,1.0,45.32,-6.9475,11
leave_generator_out,TargetDiff,qed_sa,0.1,943,0.9989395546129375,1.0,1.0,1.0,0.9989395546129375,1.0,9.4,-6.716,11
leave_generator_out,TargetDiff,qed_sa,0.2,1848,0.9972943722943723,0.9978354978354979,1.0,1.0,0.9994588744588745,1.0,18.41,-6.705,11
leave_generator_out,TargetDiff,qed_sa,0.5,4546,0.9960404751429829,0.9969203695556533,1.0,1.0,0.9991201055873296,1.0,45.18,-6.779,11
leave_generator_out,TargetDiff,vina_score_only,0.1,943,0.9978791092258749,1.0,1.0,1.0,1.0,0.9978791092258749,9.43,-9.698,11
leave_generator_out,TargetDiff,vina_score_only,0.2,1848,0.9983766233766234,1.0,1.0,1.0,1.0,0.9983766233766234,18.47,-9.117,11
leave_generator_out,TargetDiff,vina_score_only,0.5,4546,0.9975802903651562,0.9989001319841619,0.9997800263968324,1.0,1.0,0.9989001319841619,45.42,-8.067499999999999,11
leave_generator_out,TargetDiff,vina_minimize,0.1,943,0.9978791092258749,1.0,1.0,1.0,1.0,0.9978791092258749,9.43,-9.78,11
leave_generator_out,TargetDiff,vina_minimize,0.2,1848,0.9978354978354979,1.0,1.0,1.0,1.0,0.9978354978354979,18.47,-9.216999999999999,11
leave_generator_out,TargetDiff,vina_minimize,0.5,4546,0.9969203695556533,0.9991201055873296,0.9997800263968324,1.0,0.9997800263968324,0.998240211174659,45.41,-8.1415,11
leave_generator_out,TargetDiff,qed_sa_vina,0.1,943,1.0,1.0,1.0,1.0,1.0,1.0,9.42,-7.853,11
leave_generator_out,TargetDiff,qed_sa_vina,0.2,1848,0.9989177489177489,0.9989177489177489,1.0,1.0,1.0,1.0,18.44,-7.588,11
leave_generator_out,TargetDiff,qed_sa_vina,0.5,4546,0.998240211174659,0.9984601847778266,1.0,1.0,0.9997800263968324,1.0,45.25,-7.295,11
leave_generator_out,TargetDiff,mlp_ligand_descriptor,0.1,943,0.9978791092258749,1.0,1.0,1.0,0.9978791092258749,1.0,9.41,-8.174,11
leave_generator_out,TargetDiff,mlp_ligand_descriptor,0.2,1848,0.9989177489177489,1.0,1.0,1.0,0.9989177489177489,1.0,18.44,-7.7524999999999995,11
leave_generator_out,TargetDiff,mlp_ligand_descriptor,0.5,4546,0.9984601847778266,1.0,1.0,1.0,0.9986801583809943,0.9997800263968324,45.34,-7.32,11
leave_generator_out,TargetDiff,mlp_pose_shape,0.1,943,1.0,1.0,1.0,1.0,1.0,1.0,9.43,-6.42,11
leave_generator_out,TargetDiff,mlp_pose_shape,0.2,1848,1.0,1.0,1.0,1.0,1.0,1.0,18.48,-6.560499999999999,11
leave_generator_out,TargetDiff,mlp_pose_shape,0.5,4546,0.9997800263968324,1.0,1.0,1.0,1.0,0.9997800263968324,45.43,-6.7575,11
leave_generator_out,TargetDiff,mlp_reliamol_novinascore,0.1,943,1.0,1.0,1.0,1.0,1.0,1.0,9.43,-6.391,11
leave_generator_out,TargetDiff,mlp_reliamol_novinascore,0.2,1848,0.9994588744588745,1.0,1.0,1.0,0.9994588744588745,1.0,18.48,-6.508,11
leave_generator_out,TargetDiff,mlp_reliamol_novinascore,0.5,4546,0.9997800263968324,1.0,1.0,1.0,0.9997800263968324,1.0,45.43,-6.687,11
leave_generator_out,TargetDiff,rf_reliamol_novinascore,0.1,943,1.0,1.0,1.0,1.0,1.0,1.0,9.41,-7.09,11
leave_generator_out,TargetDiff,rf_reliamol_novinascore,0.2,1848,1.0,1.0,1.0,1.0,1.0,1.0,18.45,-7.0105,11
leave_generator_out,TargetDiff,rf_reliamol_novinascore,0.5,4546,1.0,1.0,1.0,1.0,1.0,1.0,45.36,-6.8855,11
leave_generator_out,TargetDiff,hgb_reliamol_novinascore,0.1,943,1.0,1.0,1.0,1.0,1.0,1.0,9.43,-7.387,11
leave_generator_out,TargetDiff,hgb_reliamol_novinascore,0.2,1848,1.0,1.0,1.0,1.0,1.0,1.0,18.42,-7.3325,11
leave_generator_out,TargetDiff,hgb_reliamol_novinascore,0.5,4546,1.0,1.0,1.0,1.0,1.0,1.0,45.31,-7.015499999999999,11
pocket_cv,fold_1,qed,0.1,771,0.9546044098573282,0.9857328145265889,0.9675745784695201,1.0,0.9987029831387808,1.0,36.5,-6.631,22
pocket_cv,fold_1,qed,0.2,1535,0.9583061889250815,0.9863192182410423,0.9713355048859935,1.0,0.9993485342019544,1.0,72.4,-6.596,22
pocket_cv,fold_1,qed,0.5,3816,0.9538784067085954,0.9821802935010482,0.9703878406708596,1.0,0.999475890985325,1.0,178.85,-6.5184999999999995,22
pocket_cv,fold_1,qed_sa,0.1,771,0.9468223086900129,0.9766536964980544,0.9675745784695201,1.0,1.0,1.0,37.05,-6.408,22
pocket_cv,fold_1,qed_sa,0.2,1535,0.9472312703583062,0.9752442996742671,0.9700325732899023,1.0,0.9993485342019544,1.0,72.95,-6.363,22
pocket_cv,fold_1,qed_sa,0.5,3816,0.94916142557652,0.9766771488469602,0.9711740041928721,1.0,0.999475890985325,1.0,178.4,-6.361,22
pocket_cv,fold_1,vina_score_only,0.1,771,0.9571984435797666,0.9974059662775616,0.9610894941634242,1.0,1.0,0.9987029831387808,37.8,-8.366,22
pocket_cv,fold_1,vina_score_only,0.2,1535,0.9550488599348534,0.9947882736156352,0.9609120521172638,1.0,1.0,0.9993485342019544,74.5,-7.966,22
pocket_cv,fold_1,vina_score_only,0.5,3816,0.9523060796645703,0.9887316561844863,0.9635744234800838,1.0,1.0,0.999475890985325,181.95,-7.3149999999999995,22
pocket_cv,fold_1,vina_minimize,0.1,771,0.9507133592736705,0.9948119325551232,0.9571984435797666,1.0,1.0,0.9987029831387808,37.6,-8.546,22
pocket_cv,fold_1,vina_minimize,0.2,1535,0.9550488599348534,0.9941368078175896,0.9609120521172638,1.0,1.0,0.9993485342019544,74.3,-8.197,22
pocket_cv,fold_1,vina_minimize,0.5,3816,0.9544025157232704,0.9892557651991615,0.9654088050314465,1.0,0.9997379454926625,0.9992138364779874,181.9,-7.4045,22
pocket_cv,fold_1,qed_sa_vina,0.1,771,0.9559014267185474,0.9857328145265889,0.9688715953307393,1.0,1.0,1.0,37.35,-7.325,22
pocket_cv,fold_1,qed_sa_vina,0.2,1535,0.9570032573289903,0.9882736156351791,0.9680781758957655,1.0,0.9993485342019544,1.0,73.5,-7.053,22
pocket_cv,fold_1,qed_sa_vina,0.5,3816,0.9536163522012578,0.9834905660377359,0.9688155136268344,1.0,0.9997379454926625,1.0,179.65,-6.7364999999999995,22
pocket_cv,fold_1,mlp_ligand_descriptor,0.1,771,0.9714656290531777,1.0,0.9714656290531777,1.0,1.0,1.0,37.35,-6.96,22
pocket_cv,fold_1,mlp_ligand_descriptor,0.2,1535,0.9693811074918567,0.996742671009772,0.9726384364820847,1.0,1.0,1.0,73.45,-6.909,22
pocket_cv,fold_1,mlp_ligand_descriptor,0.5,3816,0.9625262054507338,0.9918763102725366,0.9711740041928721,1.0,0.9989517819706499,1.0,180.25,-6.6935,22
pocket_cv,fold_1,mlp_pose_shape,0.1,771,0.9974059662775616,0.9974059662775616,1.0,1.0,1.0,1.0,37.65,-6.44,22
pocket_cv,fold_1,mlp_pose_shape,0.2,1535,0.9947882736156352,0.9947882736156352,1.0,1.0,1.0,1.0,74.35,-6.51,22
pocket_cv,fold_1,mlp_pose_shape,0.5,3816,0.9876834381551363,0.9918763102725366,0.9960691823899371,1.0,0.9997379454926625,1.0,181.55,-6.529,22
pocket_cv,fold_1,mlp_reliamol_novinascore,0.1,771,0.9987029831387808,0.9987029831387808,1.0,1.0,1.0,1.0,37.9,-6.467,22
pocket_cv,fold_1,mlp_reliamol_novinascore,0.2,1535,0.9960912052117263,0.9960912052117263,1.0,1.0,1.0,1.0,74.45,-6.434,22
pocket_cv,fold_1,mlp_reliamol_novinascore,0.5,3816,0.9882075471698113,0.9921383647798742,0.9960691823899371,1.0,1.0,1.0,182.5,-6.509,22
pocket_cv,fold_1,rf_reliamol_novinascore,0.1,771,0.9987029831387808,1.0,1.0,1.0,0.9987029831387808,1.0,37.05,-5.428,22
pocket_cv,fold_1,rf_reliamol_novinascore,0.2,1535,0.9993485342019544,1.0,1.0,1.0,0.9993485342019544,1.0,73.6,-5.863,22
pocket_cv,fold_1,rf_reliamol_novinascore,0.5,3816,0.9874213836477987,0.9921383647798742,0.9955450733752621,1.0,0.9997379454926625,1.0,180.95,-6.265000000000001,22
pocket_cv,fold_1,hgb_reliamol_novinascore,0.1,771,1.0,1.0,1.0,1.0,1.0,1.0,36.95,-5.611,22
pocket_cv,fold_1,hgb_reliamol_novinascore,0.2,1535,1.0,1.0,1.0,1.0,1.0,1.0,73.35,-5.919,22
pocket_cv,fold_1,hgb_reliamol_novinascore,0.5,3816,0.9882075471698113,0.9921383647798742,0.9958071278825996,1.0,1.0,1.0,181.3,-6.297,22
pocket_cv,fold_2,qed,0.1,759,0.9591567852437418,0.9894598155467721,0.9670619235836627,1.0,1.0,1.0,36.85,-6.372,22
pocket_cv,fold_2,qed,0.2,1508,0.9582228116710876,0.9893899204244032,0.96684350132626,1.0,1.0,1.0,73.35,-6.330500000000001,22
pocket_cv,fold_2,qed,0.5,3747,0.9503602882305845,0.9866559914598345,0.9623698959167334,1.0,0.9994662396583934,1.0,181.85,-6.323,22
pocket_cv,fold_2,qed_sa,0.1,759,0.9591567852437418,0.9868247694334651,0.9683794466403162,1.0,1.0,1.0,36.65,-6.074,22
pocket_cv,fold_2,qed_sa,0.2,1508,0.9509283819628647,0.9807692307692307,0.9675066312997348,1.0,1.0,1.0,72.65,-6.0575,22
pocket_cv,fold_2,qed_sa,0.5,3747,0.9479583666933546,0.9821190285561783,0.9642380571123566,1.0,0.9994662396583934,1.0,181.9,-6.141,22
pocket_cv,fold_2,vina_score_only,0.1,759,0.9446640316205533,0.9960474308300395,0.9486166007905138,1.0,1.0,1.0,37.75,-8.017,22
pocket_cv,fold_2,vina_score_only,0.2,1508,0.9423076923076923,0.9920424403183024,0.9515915119363395,1.0,1.0,0.9986737400530504,74.65,-7.7225,22
pocket_cv,fold_2,vina_score_only,0.5,3747,0.940485721910862,0.9885241526554577,0.9519615692554043,1.0,1.0,0.9991993594875901,184.4,-7.047,22
pocket_cv,fold_2,vina_minimize,0.1,759,0.9499341238471674,0.994729907773386,0.9552042160737813,1.0,1.0,1.0,37.85,-8.195,22
pocket_cv,fold_2,vina_minimize,0.2,1508,0.9462864721485411,0.9920424403183024,0.9542440318302388,1.0,1.0,0.9986737400530504,74.65,-7.85,22
pocket_cv,fold_2,vina_minimize,0.5,3747,0.9431545236188951,0.988791032826261,0.9538297304510275,1.0,1.0,0.9991993594875901,184.15,-7.159,22
pocket_cv,fold_2,qed_sa_vina,0.1,759,0.9617918313570487,0.9934123847167325,0.9670619235836627,1.0,1.0,1.0,36.95,-6.944,22
pocket_cv,fold_2,qed_sa_vina,0.2,1508,0.9595490716180372,0.9900530503978779,0.9681697612732095,1.0,1.0,1.0,73.4,-6.746,22
pocket_cv,fold_2,qed_sa_vina,0.5,3747,0.9498265278889778,0.9861222311182279,0.96210301574593,1.0,1.0,1.0,182.45,-6.54,22
pocket_cv,fold_2,mlp_ligand_descriptor,0.1,759,0.9683794466403162,0.994729907773386,0.9749670619235836,1.0,0.9986824769433466,1.0,37.15,-7.203,22
pocket_cv,fold_2,mlp_ligand_descriptor,0.2,1508,0.9568965517241379,0.9913793103448276,0.9661803713527851,1.0,0.9986737400530504,1.0,73.2,-7.0425,22
pocket_cv,fold_2,mlp_ligand_descriptor,0.5,3747,0.9511609287429944,0.9885241526554577,0.9631705364291433,1.0,0.9989324793167867,1.0,182.4,-6.74,22
pocket_cv,fold_2,mlp_pose_shape,0.1,759,0.9934123847167325,0.9934123847167325,1.0,1.0,1.0,1.0,37.8,-6.073,22
pocket_cv,fold_2,mlp_pose_shape,0.2,1508,0.9900530503978779,0.9900530503978779,1.0,1.0,1.0,1.0,74.7,-6.1065000000000005,22
pocket_cv,fold_2,mlp_pose_shape,0.5,3747,0.9831865492393915,0.9882572724846543,0.9946623965839338,1.0,1.0,0.9997331198291967,183.7,-6.23,22
pocket_cv,fold_2,mlp_reliamol_novinascore,0.1,759,0.9934123847167325,0.9934123847167325,1.0,1.0,1.0,1.0,37.9,-5.994,22
pocket_cv,fold_2,mlp_reliamol_novinascore,0.2,1508,0.9900530503978779,0.9900530503978779,1.0,1.0,1.0,1.0,74.8,-6.0255,22
pocket_cv,fold_2,mlp_reliamol_novinascore,0.5,3747,0.9837203095809981,0.988791032826261,0.9946623965839338,1.0,1.0,0.9994662396583934,183.7,-6.204,22
pocket_cv,fold_2,rf_reliamol_novinascore,0.1,759,0.9986824769433466,0.9986824769433466,1.0,1.0,1.0,1.0,37.6,-5.366,22
pocket_cv,fold_2,rf_reliamol_novinascore,0.2,1508,0.9927055702917772,0.9927055702917772,1.0,1.0,1.0,1.0,74.2,-5.593500000000001,22
pocket_cv,fold_2,rf_reliamol_novinascore,0.5,3747,0.9839871897518014,0.9890579129970644,0.9938617560715239,1.0,1.0,0.9997331198291967,183.55,-6.045,22
pocket_cv,fold_2,hgb_reliamol_novinascore,0.1,759,0.9986824769433466,0.9986824769433466,1.0,1.0,1.0,1.0,37.65,-5.598,22
pocket_cv,fold_2,hgb_reliamol_novinascore,0.2,1508,0.9920424403183024,0.9927055702917772,0.9980106100795756,1.0,1.0,1.0,74.5,-5.6815,22
pocket_cv,fold_2,hgb_reliamol_novinascore,0.5,3747,0.9850547104350147,0.9890579129970644,0.9930611155591139,1.0,1.0,1.0,183.7,-6.046,22
pocket_cv,fold_3,qed,0.1,781,0.942381562099872,0.998719590268886,0.9462227912932138,1.0,1.0,0.9935979513444302,38.0,-6.28,22
pocket_cv,fold_3,qed,0.2,1551,0.9451966473243069,0.9980657640232108,0.9497098646034816,1.0,1.0,0.9929078014184397,74.95,-6.228,22
pocket_cv,fold_3,qed,0.5,3848,0.9412681912681913,0.9974012474012474,0.9464656964656964,1.0,1.0,0.9909043659043659,186.05,-6.0975,22
pocket_cv,fold_3,qed_sa,0.1,781,0.9346991037131882,0.9923175416133163,0.942381562099872,1.0,1.0,1.0,38.1,-6.014,22
pocket_cv,fold_3,qed_sa,0.2,1551,0.9432624113475178,0.9935525467440361,0.9509993552546744,0.9993552546744036,1.0,0.9974210186976145,75.15,-5.992,22
pocket_cv,fold_3,qed_sa,0.5,3848,0.9365904365904366,0.9932432432432432,0.9459459459459459,0.9994802494802495,1.0,0.9924636174636174,185.75,-5.989,22
pocket_cv,fold_3,vina_score_only,0.1,781,0.9206145966709347,0.998719590268886,0.9218950064020487,1.0,1.0,0.9871959026888605,38.85,-7.786,22
pocket_cv,fold_3,vina_score_only,0.2,1551,0.9284332688588007,0.9993552546744036,0.9310122501611864,1.0,1.0,0.988394584139265,76.5,-7.426,22
pocket_cv,fold_3,vina_score_only,0.5,3848,0.9287941787941788,0.998960498960499,0.9311330561330561,1.0,1.0,0.9896049896049897,187.85,-6.6899999999999995,22
pocket_cv,fold_3,vina_minimize,0.1,781,0.9346991037131882,1.0,0.9359795134443022,1.0,1.0,0.9897567221510883,38.65,-8.043,22
pocket_cv,fold_3,vina_minimize,0.2,1551,0.9264990328820116,1.0,0.9277885235332044,1.0,1.0,0.9896840747904577,76.5,-7.659,22
pocket_cv,fold_3,vina_minimize,0.5,3848,0.9311330561330561,0.9994802494802495,0.9337318087318087,1.0,1.0,0.9898648648648649,187.5,-6.8740000000000006,22
pocket_cv,fold_3,qed_sa_vina,0.1,781,0.942381562099872,1.0,0.942381562099872,1.0,1.0,0.9961587708066582,38.05,-6.961,22
pocket_cv,fold_3,qed_sa_vina,0.2,1551,0.9432624113475178,0.9987105093488072,0.9458413926499033,1.0,1.0,0.9954867827208252,75.25,-6.626,22
pocket_cv,fold_3,qed_sa_vina,0.5,3848,0.9373700623700624,0.9958419958419958,0.9441268191268192,0.9994802494802495,1.0,0.9922037422037422,186.35,-6.355499999999999,22
pocket_cv,fold_3,mlp_ligand_descriptor,0.1,781,0.9475032010243278,1.0,0.9475032010243278,1.0,1.0,0.998719590268886,38.2,-6.633,22
pocket_cv,fold_3,mlp_ligand_descriptor,0.2,1551,0.9451966473243069,1.0,0.9451966473243069,1.0,1.0,0.9961315280464217,75.35,-6.544,22
pocket_cv,fold_3,mlp_ligand_descriptor,0.5,3848,0.9433471933471933,1.0,0.9451663201663202,1.0,1.0,0.9924636174636174,186.65,-6.208,22
pocket_cv,fold_3,mlp_pose_shape,0.1,781,0.9871959026888605,1.0,0.9948783610755442,1.0,1.0,0.9923175416133163,38.75,-6.135,22
pocket_cv,fold_3,mlp_pose_shape,0.2,1551,0.9864603481624759,1.0,0.9941972920696325,1.0,1.0,0.9903288201160542,76.1,-6.086,22
pocket_cv,fold_3,mlp_pose_shape,0.5,3848,0.9784303534303534,1.0,0.9828482328482329,1.0,1.0,0.9903846153846154,187.65,-6.077,22
pocket_cv,fold_3,mlp_reliamol_novinascore,0.1,781,0.9871959026888605,1.0,0.9923175416133163,1.0,1.0,0.9923175416133163,38.8,-6.082,22
pocket_cv,fold_3,mlp_reliamol_novinascore,0.2,1551,0.9864603481624759,1.0,0.9922630560928434,1.0,1.0,0.9922630560928434,76.5,-6.046,22
pocket_cv,fold_3,mlp_reliamol_novinascore,0.5,3848,0.9784303534303534,0.9994802494802495,0.9831081081081081,1.0,1.0,0.9909043659043659,188.05,-6.061,22
pocket_cv,fold_3,rf_reliamol_novinascore,0.1,781,0.9897567221510883,1.0,0.9961587708066582,1.0,1.0,0.9923175416133163,38.5,-5.384,22
pocket_cv,fold_3,rf_reliamol_novinascore,0.2,1551,0.9871050934880722,1.0,0.9929078014184397,1.0,1.0,0.9909735654416505,76.3,-5.606,22
pocket_cv,fold_3,rf_reliamol_novinascore,0.5,3848,0.9786902286902287,1.0,0.9833679833679834,0.9994802494802495,1.0,0.9901247401247402,187.6,-5.8745,22
pocket_cv,fold_3,hgb_reliamol_novinascore,0.1,781,0.9884763124199744,1.0,0.9948783610755442,0.998719590268886,1.0,0.9935979513444302,38.65,-5.314,22
pocket_cv,fold_3,hgb_reliamol_novinascore,0.2,1551,0.9858156028368794,1.0,0.9909735654416505,0.9987105093488072,1.0,0.9935525467440361,76.5,-5.606,22
pocket_cv,fold_3,hgb_reliamol_novinascore,0.5,3848,0.9786902286902287,1.0,0.9833679833679834,0.9994802494802495,1.0,0.9903846153846154,187.2,-5.8225,22
pocket_cv,fold_4,qed,0.1,785,0.9630573248407643,1.0,0.9707006369426752,1.0,0.9987261146496815,0.9923566878980892,38.05,-5.966,22
pocket_cv,fold_4,qed,0.2,1558,0.9608472400513479,0.9993581514762516,0.9698331193838254,1.0,0.9993581514762516,0.9903722721437741,74.35,-5.8685,22
pocket_cv,fold_4,qed,0.5,3871,0.9550503745802118,0.9976750193748385,0.9640919659002841,1.0,0.999483337638853,0.9886334280547662,184.25,-5.761,22
pocket_cv,fold_4,qed_sa,0.1,785,0.9617834394904459,0.9936305732484076,0.9707006369426752,1.0,0.9987261146496815,0.9974522292993631,37.65,-5.582,22
pocket_cv,fold_4,qed_sa,0.2,1558,0.9563543003851092,0.9916559691912709,0.9685494223363287,1.0,0.9993581514762516,0.9922978177150192,74.15,-5.5245,22
pocket_cv,fold_4,qed_sa,0.5,3871,0.9491087574270214,0.9909584086799277,0.9640919659002841,1.0,0.999483337638853,0.9891500904159132,184.0,-5.593,22
pocket_cv,fold_4,vina_score_only,0.1,785,0.9477707006369427,1.0,0.9515923566878981,1.0,1.0,0.9910828025477707,38.75,-7.647,22
pocket_cv,fold_4,vina_score_only,0.2,1558,0.9505776636713735,1.0,0.9550706033376123,1.0,1.0,0.9890885750962772,76.4,-7.2745,22
pocket_cv,fold_4,vina_score_only,0.5,3871,0.94678377680186,0.999483337638853,0.9535003874967709,1.0,1.0,0.9876001033324723,187.8,-6.628,22
pocket_cv,fold_4,vina_minimize,0.1,785,0.9477707006369427,1.0,0.9554140127388535,1.0,1.0,0.9910828025477707,38.8,-7.698,22
pocket_cv,fold_4,vina_minimize,0.2,1558,0.9467265725288831,1.0,0.9518613607188704,1.0,1.0,0.9890885750962772,76.3,-7.4135,22
pocket_cv,fold_4,vina_minimize,0.5,3871,0.948333763885301,1.0,0.9547920433996383,1.0,1.0,0.9876001033324723,187.45,-6.736,22
pocket_cv,fold_4,qed_sa_vina,0.1,785,0.9643312101910828,1.0,0.9656050955414013,1.0,1.0,0.9974522292993631,38.1,-6.403,22
pocket_cv,fold_4,qed_sa_vina,0.2,1558,0.9608472400513479,0.9993581514762516,0.9659820282413351,1.0,1.0,0.9922978177150192,74.55,-6.308,22
pocket_cv,fold_4,qed_sa_vina,0.5,3871,0.9558253681219323,0.998450012916559,0.9630586411779902,1.0,0.9997416688194265,0.9891500904159132,184.55,-6.05,22
pocket_cv,fold_4,mlp_ligand_descriptor,0.1,785,0.9719745222929936,1.0,0.975796178343949,1.0,1.0,0.9961783439490446,37.7,-6.69,22
pocket_cv,fold_4,mlp_ligand_descriptor,0.2,1558,0.9653401797175867,1.0,0.9685494223363287,1.0,1.0,0.9922978177150192,74.55,-6.5145,22
pocket_cv,fold_4,mlp_ligand_descriptor,0.5,3871,0.9573753552053733,1.0,0.9628003099974167,1.0,0.9997416688194265,0.9891500904159132,184.95,-6.156,22
pocket_cv,fold_4,mlp_pose_shape,0.1,785,0.9885350318471338,1.0,0.9987261146496815,1.0,1.0,0.9898089171974522,38.55,-5.599,22
pocket_cv,fold_4,mlp_pose_shape,0.2,1558,0.9878048780487805,1.0,0.9974326059050064,1.0,1.0,0.9884467265725289,75.85,-5.6274999999999995,22
pocket_cv,fold_4,mlp_pose_shape,0.5,3871,0.9873417721518988,1.0,0.9961250322913976,1.0,1.0,0.9881167656936192,186.95,-5.707,22
pocket_cv,fold_4,mlp_reliamol_novinascore,0.1,785,0.9885350318471338,1.0,0.9961783439490446,1.0,1.0,0.9910828025477707,38.5,-5.658,22
pocket_cv,fold_4,mlp_reliamol_novinascore,0.2,1558,0.9878048780487805,1.0,0.996790757381258,1.0,1.0,0.9903722721437741,75.85,-5.663,22
pocket_cv,fold_4,mlp_reliamol_novinascore,0.5,3871,0.9873417721518988,1.0,0.9950917075691036,1.0,1.0,0.9888917592353397,186.7,-5.724,22
pocket_cv,fold_4,rf_reliamol_novinascore,0.1,785,0.9885350318471338,1.0,0.9949044585987261,1.0,1.0,0.9910828025477707,38.55,-4.913,22
pocket_cv,fold_4,rf_reliamol_novinascore,0.2,1558,0.9878048780487805,1.0,0.9961489088575096,1.0,1.0,0.9890885750962772,75.8,-5.2225,22
pocket_cv,fold_4,rf_reliamol_novinascore,0.5,3871,0.9873417721518988,1.0,0.9958667011108241,1.0,1.0,0.9881167656936192,186.05,-5.609,22
pocket_cv,fold_4,hgb_reliamol_novinascore,0.1,785,0.9885350318471338,1.0,0.9910828025477707,1.0,1.0,0.9949044585987261,38.3,-5.215,22
pocket_cv,fold_4,hgb_reliamol_novinascore,0.2,1558,0.9878048780487805,1.0,0.9942233632862645,1.0,1.0,0.9916559691912709,75.45,-5.4665,22
pocket_cv,fold_4,hgb_reliamol_novinascore,0.5,3871,0.9873417721518988,1.0,0.9950917075691036,1.0,1.0,0.9888917592353397,186.1,-5.584,22
pocket_cv,fold_5,qed,0.1,770,0.948051948051948,0.9896103896103896,0.9571428571428572,1.0,1.0,1.0,37.65,-7.3665,22
pocket_cv,fold_5,qed,0.2,1528,0.9476439790575916,0.993455497382199,0.9535340314136126,1.0,1.0,1.0,74.35,-7.406499999999999,22
pocket_cv,fold_5,qed,0.5,3804,0.9400630914826499,0.9884332281808622,0.9513669821240799,1.0,1.0,1.0,182.55,-7.4015,22
pocket_cv,fold_5,qed_sa,0.1,770,0.935064935064935,0.977922077922078,0.9558441558441558,1.0,1.0,1.0,37.75,-7.079000000000001,22
pocket_cv,fold_5,qed_sa,0.2,1528,0.9352094240837696,0.9803664921465969,0.9541884816753927,1.0,1.0,1.0,74.0,-7.037,22
pocket_cv,fold_5,qed_sa,0.5,3804,0.9361198738170347,0.9831756046267087,0.9526813880126183,1.0,1.0,1.0,181.6,-7.192,22
pocket_cv,fold_5,vina_score_only,0.1,770,0.9233766233766234,0.9922077922077922,0.9337662337662338,1.0,1.0,0.9974025974025974,37.75,-9.591000000000001,22
pocket_cv,fold_5,vina_score_only,0.2,1528,0.9286649214659686,0.993455497382199,0.93782722513089,1.0,1.0,0.9973821989528796,74.7,-9.1705,22
pocket_cv,fold_5,vina_score_only,0.5,3804,0.9282334384858044,0.991062039957939,0.9408517350157729,1.0,1.0,0.9955310199789695,184.05,-8.446,22
pocket_cv,fold_5,vina_minimize,0.1,770,0.9285714285714286,0.9922077922077922,0.9402597402597402,1.0,1.0,0.9961038961038962,37.75,-9.777000000000001,22
pocket_cv,fold_5,vina_minimize,0.2,1528,0.9332460732984293,0.9921465968586387,0.943717277486911,1.0,1.0,0.9973821989528796,74.55,-9.346,22
pocket_cv,fold_5,vina_minimize,0.5,3804,0.9300736067297581,0.9915878023133544,0.942429022082019,1.0,0.9997371188222923,0.9957939011566772,183.7,-8.600999999999999,22
pocket_cv,fold_5,qed_sa_vina,0.1,770,0.9324675324675324,0.9831168831168832,0.9493506493506494,1.0,1.0,1.0,37.55,-7.9655000000000005,22
pocket_cv,fold_5,qed_sa_vina,0.2,1528,0.9391361256544503,0.9856020942408377,0.9528795811518325,1.0,1.0,1.0,73.9,-7.822,22
pocket_cv,fold_5,qed_sa_vina,0.5,3804,0.9376971608832808,0.9873817034700315,0.9500525762355415,1.0,1.0,1.0,181.95,-7.6365,22
pocket_cv,fold_5,mlp_ligand_descriptor,0.1,770,0.9467532467532468,1.0,0.9467532467532468,1.0,1.0,1.0,37.65,-8.0595,22
pocket_cv,fold_5,mlp_ligand_descriptor,0.2,1528,0.9476439790575916,1.0,0.9476439790575916,1.0,1.0,1.0,73.85,-7.926500000000001,22
pocket_cv,fold_5,mlp_ligand_descriptor,0.5,3804,0.9500525762355415,1.0,0.9503154574132492,1.0,1.0,0.9997371188222923,182.3,-7.752000000000001,22
pocket_cv,fold_5,mlp_pose_shape,0.1,770,1.0,1.0,1.0,1.0,1.0,1.0,38.0,-6.83,22
pocket_cv,fold_5,mlp_pose_shape,0.2,1528,0.9980366492146597,1.0,0.9980366492146597,1.0,1.0,1.0,74.65,-7.0165,22
pocket_cv,fold_5,mlp_pose_shape,0.5,3804,0.9900105152471083,1.0,0.9905362776025236,1.0,1.0,0.999211356466877,184.2,-7.3004999999999995,22
pocket_cv,fold_5,mlp_reliamol_novinascore,0.1,770,0.9974025974025974,1.0,0.9974025974025974,1.0,1.0,1.0,38.0,-6.7780000000000005,22
pocket_cv,fold_5,mlp_reliamol_novinascore,0.2,1528,0.9960732984293194,1.0,0.9967277486910995,1.0,0.9993455497382199,1.0,74.6,-6.928,22
pocket_cv,fold_5,mlp_reliamol_novinascore,0.5,3804,0.9894847528916929,0.9994742376445847,0.9902733964248159,1.0,0.9997371188222923,1.0,184.35,-7.163,22
pocket_cv,fold_5,rf_reliamol_novinascore,0.1,770,0.9974025974025974,1.0,0.9974025974025974,1.0,1.0,1.0,37.7,-6.266500000000001,22
pocket_cv,fold_5,rf_reliamol_novinascore,0.2,1528,0.9954188481675392,1.0,0.9954188481675392,1.0,1.0,1.0,74.35,-6.63,22
pocket_cv,fold_5,rf_reliamol_novinascore,0.5,3804,0.9894847528916929,1.0,0.9902733964248159,1.0,0.9997371188222923,0.999211356466877,183.85,-7.125500000000001,22
pocket_cv,fold_5,hgb_reliamol_novinascore,0.1,770,0.9987012987012988,1.0,0.9987012987012988,1.0,1.0,1.0,37.85,-6.762,22
pocket_cv,fold_5,hgb_reliamol_novinascore,0.2,1528,0.9954188481675392,1.0,0.9960732984293194,1.0,0.9993455497382199,1.0,74.35,-6.929,22
pocket_cv,fold_5,hgb_reliamol_novinascore,0.5,3804,0.9892218717139852,1.0,0.9894847528916929,1.0,0.9997371188222923,1.0,184.05,-7.2330000000000005,22
leave_generator_out,AR,qed,0.1,940,0.9968085106382979,0.9989361702127659,0.997872340425532,1.0,0.9989361702127659,1.0,9.68041237113402,-6.1850000000000005,22
leave_generator_out,AR,qed,0.2,1874,0.9951974386339381,0.9967982924226254,0.9983991462113126,1.0,0.9994663820704376,1.0,19.298969072164947,-6.111000000000001,22
leave_generator_out,AR,qed,0.5,4662,0.9912054912054912,0.9927069927069927,0.9984984984984985,1.0,0.9995709995709996,1.0,48.02061855670103,-6.0225,22
leave_generator_out,AR,qed_sa,0.1,940,0.975531914893617,0.9765957446808511,0.9968085106382979,1.0,1.0,1.0,9.690721649484535,-5.751,22
leave_generator_out,AR,qed_sa,0.2,1874,0.9765208110992529,0.9786552828175027,0.9978655282817502,0.9994663820704376,0.9994663820704376,1.0,19.298969072164947,-5.701,22
leave_generator_out,AR,qed_sa,0.5,4662,0.9802659802659802,0.9815529815529815,0.9987129987129987,0.9995709995709996,0.9997854997854998,1.0,48.02061855670103,-5.810499999999999,22
leave_generator_out,AR,vina_score_only,0.1,940,0.9968085106382979,0.9989361702127659,0.9989361702127659,1.0,1.0,0.9989361702127659,9.690721649484535,-7.6725,22
leave_generator_out,AR,vina_score_only,0.2,1874,0.996264674493063,0.9994663820704376,0.9989327641408752,1.0,1.0,0.9978655282817502,19.31958762886598,-7.333,22
leave_generator_out,AR,vina_score_only,0.5,4662,0.9937794937794938,0.9980694980694981,0.9993564993564994,1.0,1.0,0.9963534963534963,48.05154639175258,-6.7015,22
leave_generator_out,AR,vina_minimize,0.1,940,0.9968085106382979,1.0,0.9989361702127659,1.0,1.0,0.997872340425532,9.690721649484535,-7.7490000000000006,22
leave_generator_out,AR,vina_minimize,0.2,1874,0.9973319103521878,1.0,0.9994663820704376,1.0,1.0,0.9978655282817502,19.31958762886598,-7.4245,22
leave_generator_out,AR,vina_minimize,0.5,4662,0.9948519948519948,0.9989274989274989,0.9995709995709996,1.0,1.0,0.9963534963534963,48.06185567010309,-6.794499999999999,22
leave_generator_out,AR,qed_sa_vina,0.1,940,0.9968085106382979,0.9989361702127659,0.997872340425532,1.0,1.0,1.0,9.690721649484535,-6.5489999999999995,22
leave_generator_out,AR,qed_sa_vina,0.2,1874,0.9941302027748132,0.9957310565635006,0.9983991462113126,1.0,0.9994663820704376,1.0,19.298969072164947,-6.418,22
leave_generator_out,AR,qed_sa_vina,0.5,4662,0.9903474903474904,0.9916344916344917,0.9991419991419992,0.9995709995709996,0.9997854997854998,1.0,48.03092783505155,-6.2055,22
leave_generator_out,AR,mlp_ligand_descriptor,0.1,940,1.0,1.0,1.0,1.0,1.0,1.0,9.690721649484535,-6.6055,22
leave_generator_out,AR,mlp_ligand_descriptor,0.2,1874,1.0,1.0,1.0,1.0,1.0,1.0,19.31958762886598,-6.4645,22
leave_generator_out,AR,mlp_ligand_descriptor,0.5,4662,0.9995709995709996,1.0,0.9995709995709996,1.0,1.0,1.0,48.04123711340206,-6.2385,22
leave_generator_out,AR,mlp_pose_shape,0.1,940,1.0,1.0,1.0,1.0,1.0,1.0,9.690721649484535,-5.968999999999999,22
leave_generator_out,AR,mlp_pose_shape,0.2,1874,1.0,1.0,1.0,1.0,1.0,1.0,19.309278350515463,-6.0075,22
leave_generator_out,AR,mlp_pose_shape,0.5,4662,1.0,1.0,1.0,1.0,1.0,1.0,48.05154639175258,-6.061,22
leave_generator_out,AR,mlp_reliamol_novinascore,0.1,940,1.0,1.0,1.0,1.0,1.0,1.0,9.690721649484535,-5.9785,22
leave_generator_out,AR,mlp_reliamol_novinascore,0.2,1874,1.0,1.0,1.0,1.0,1.0,1.0,19.31958762886598,-6.031499999999999,22
leave_generator_out,AR,mlp_reliamol_novinascore,0.5,4662,1.0,1.0,1.0,1.0,1.0,1.0,48.05154639175258,-6.066000000000001,22
leave_generator_out,AR,rf_reliamol_novinascore,0.1,940,1.0,1.0,1.0,1.0,1.0,1.0,9.690721649484535,-4.761,22
leave_generator_out,AR,rf_reliamol_novinascore,0.2,1874,1.0,1.0,1.0,1.0,1.0,1.0,19.309278350515463,-5.189,22
leave_generator_out,AR,rf_reliamol_novinascore,0.5,4662,0.9997854997854998,1.0,1.0,0.9997854997854998,1.0,1.0,48.03092783505155,-5.746,22
leave_generator_out,AR,hgb_reliamol_novinascore,0.1,940,0.9989361702127659,1.0,1.0,0.9989361702127659,1.0,1.0,9.690721649484535,-4.593,22
leave_generator_out,AR,hgb_reliamol_novinascore,0.2,1874,0.9989327641408752,1.0,1.0,0.9989327641408752,1.0,1.0,19.31958762886598,-4.9544999999999995,22
leave_generator_out,AR,hgb_reliamol_novinascore,0.5,4662,0.9995709995709996,1.0,1.0,0.9995709995709996,1.0,1.0,48.04123711340206,-5.607,22
leave_generator_out,CVAE,qed,0.1,999,0.8268268268268268,0.975975975975976,0.8538538538538538,1.0,1.0,0.988988988988989,8.81,-6.876,22
leave_generator_out,CVAE,qed,0.2,1991,0.8302360622802611,0.9799095931692616,0.8558513309894525,1.0,1.0,0.9869412355600201,17.13,-6.84,22
leave_generator_out,CVAE,qed,0.5,4961,0.8163676678089095,0.9772223342068131,0.8433783511388833,1.0,1.0,0.9840757911711349,42.09,-6.724,22
leave_generator_out,CVAE,qed_sa,0.1,999,0.8268268268268268,0.9719719719719719,0.8518518518518519,1.0,1.0,0.997997997997998,8.84,-6.751,22
leave_generator_out,CVAE,qed_sa,0.2,1991,0.8287292817679558,0.9718734304369664,0.856353591160221,1.0,1.0,0.9919638372677047,17.11,-6.758,22
leave_generator_out,CVAE,qed_sa,0.5,4961,0.8179802459181617,0.9754081838339045,0.8457972183027616,1.0,1.0,0.9856883692803871,41.93,-6.704,22
leave_generator_out,CVAE,vina_score_only,0.1,999,0.7737737737737738,0.994994994994995,0.7817817817817818,1.0,1.0,0.982982982982983,9.53,-7.716,22
leave_generator_out,CVAE,vina_score_only,0.2,1991,0.7820190858864892,0.9894525364138623,0.7975891511803114,1.0,1.0,0.982420894023104,18.52,-7.577,22
leave_generator_out,CVAE,vina_score_only,0.5,4961,0.7810925216690183,0.9838742189074783,0.801451320298327,1.0,1.0,0.9822616407982262,44.38,-7.106,22
leave_generator_out,CVAE,vina_minimize,0.1,999,0.7867867867867868,0.990990990990991,0.8028028028028028,1.0,1.0,0.984984984984985,9.49,-7.951,22
leave_generator_out,CVAE,vina_minimize,0.2,1991,0.784028126569563,0.9884480160723255,0.7985936715218483,1.0,1.0,0.9839276745354093,18.46,-7.705,22
leave_generator_out,CVAE,vina_minimize,0.5,4961,0.7871396895787139,0.9828663575891957,0.8083047772626487,1.0,1.0,0.9830679298528523,44.1,-7.247,22
leave_generator_out,CVAE,qed_sa_vina,0.1,999,0.8218218218218218,0.978978978978979,0.8418418418418419,1.0,1.0,0.994994994994995,8.98,-7.38,22
leave_generator_out,CVAE,qed_sa_vina,0.2,1991,0.8257157207433451,0.9804118533400301,0.8478151682571572,1.0,1.0,0.9904570567553993,17.41,-7.187,22
leave_generator_out,CVAE,qed_sa_vina,0.5,4961,0.8121346502721225,0.9778270509977827,0.8377343277565007,1.0,1.0,0.9854867970167305,42.49,-6.991,22
leave_generator_out,CVAE,mlp_ligand_descriptor,0.1,999,0.8168168168168168,0.991991991991992,0.8248248248248248,1.0,1.0,0.997997997997998,9.35,-6.926,22
leave_generator_out,CVAE,mlp_ligand_descriptor,0.2,1991,0.8196885986941236,0.988950276243094,0.8317428427925665,1.0,1.0,0.9929683576092416,18.07,-6.861,22
leave_generator_out,CVAE,mlp_ligand_descriptor,0.5,4961,0.8077000604716791,0.985285224753074,0.826244708728079,1.0,1.0,0.985285224753074,43.68,-6.698,22
leave_generator_out,CVAE,mlp_pose_shape,0.1,999,0.9309309309309309,0.987987987987988,0.954954954954955,1.0,1.0,0.982982982982983,9.39,-6.537,22
leave_generator_out,CVAE,mlp_pose_shape,0.2,1991,0.9261677548970366,0.9859367152184831,0.9507785032646912,1.0,1.0,0.9839276745354093,18.23,-6.559,22
leave_generator_out,CVAE,mlp_pose_shape,0.5,4961,0.8988107236444265,0.9846805079621044,0.922596250755896,1.0,1.0,0.9828663575891957,43.95,-6.572,22
leave_generator_out,CVAE,mlp_reliamol_novinascore,0.1,999,0.958958958958959,0.991991991991992,0.970970970970971,1.0,1.0,0.990990990990991,9.48,-6.415,22
leave_generator_out,CVAE,mlp_reliamol_novinascore,0.2,1991,0.9502762430939227,0.987945755901557,0.9673530889000502,1.0,1.0,0.987945755901557,18.3,-6.473,22
leave_generator_out,CVAE,mlp_reliamol_novinascore,0.5,4961,0.9197742390647047,0.9842773634347913,0.9425519048578915,1.0,1.0,0.9832695021165088,43.93,-6.542,22
leave_generator_out,CVAE,rf_reliamol_novinascore,0.1,999,0.978978978978979,0.998998998998999,0.980980980980981,1.0,1.0,0.997997997997998,9.31,-6.504,22
leave_generator_out,CVAE,rf_reliamol_novinascore,0.2,1991,0.9673530889000502,0.994475138121547,0.9763937719738824,1.0,1.0,0.9924660974384731,18.13,-6.574,22
leave_generator_out,CVAE,rf_reliamol_novinascore,0.5,4961,0.9383188873211046,0.9860915138077001,0.9582745414231002,1.0,1.0,0.9854867970167305,43.52,-6.561,22
leave_generator_out,CVAE,hgb_reliamol_novinascore,0.1,999,0.9379379379379379,0.998998998998999,0.943943943943944,1.0,1.0,0.988988988988989,9.31,-6.625,22
leave_generator_out,CVAE,hgb_reliamol_novinascore,0.2,1991,0.9105976896032144,0.994475138121547,0.9201406328478152,1.0,1.0,0.987945755901557,18.14,-6.657,22
leave_generator_out,CVAE,hgb_reliamol_novinascore,0.5,4961,0.8550695424309614,0.9860915138077001,0.8734126184237049,1.0,1.0,0.985285224753074,43.65,-6.623,22
leave_generator_out,Pocket2Mol,qed,0.1,984,0.9969512195121951,0.9969512195121951,1.0,1.0,1.0,1.0,9.83,-6.052,22
leave_generator_out,Pocket2Mol,qed,0.2,1967,0.9974580579562786,0.9974580579562786,1.0,1.0,1.0,1.0,19.66,-5.963,22
leave_generator_out,Pocket2Mol,qed,0.5,4917,0.9947122229001424,0.9947122229001424,1.0,1.0,1.0,1.0,49.16,-5.868,22
leave_generator_out,Pocket2Mol,qed_sa,0.1,984,0.9939024390243902,0.9939024390243902,1.0,1.0,1.0,1.0,9.84,-5.5405,22
leave_generator_out,Pocket2Mol,qed_sa,0.2,1967,0.9898322318251144,0.9898322318251144,1.0,1.0,1.0,1.0,19.66,-5.538,22
leave_generator_out,Pocket2Mol,qed_sa,0.5,4917,0.987797437461867,0.9880008135041692,1.0,1.0,0.9997966239576977,1.0,49.15,-5.662,22
leave_generator_out,Pocket2Mol,vina_score_only,0.1,984,0.9939024390243902,0.9939024390243902,1.0,1.0,1.0,1.0,9.84,-7.3835,22
leave_generator_out,Pocket2Mol,vina_score_only,0.2,1967,0.9954245043213015,0.9954245043213015,1.0,1.0,1.0,1.0,19.66,-7.189,22
leave_generator_out,Pocket2Mol,vina_score_only,0.5,4917,0.9934919666463291,0.9934919666463291,1.0,1.0,1.0,1.0,49.15,-6.614,22
leave_generator_out,Pocket2Mol,vina_minimize,0.1,984,0.9949186991869918,0.9949186991869918,1.0,1.0,1.0,1.0,9.84,-7.689,22
leave_generator_out,Pocket2Mol,vina_minimize,0.2,1967,0.9949161159125572,0.9949161159125572,1.0,1.0,1.0,1.0,19.67,-7.389,22
leave_generator_out,Pocket2Mol,vina_minimize,0.5,4917,0.9951189749847468,0.995322351027049,1.0,1.0,0.9997966239576977,1.0,49.16,-6.806,22
leave_generator_out,Pocket2Mol,qed_sa_vina,0.1,984,0.9928861788617886,0.9928861788617886,1.0,1.0,1.0,1.0,9.84,-6.606,22
leave_generator_out,Pocket2Mol,qed_sa_vina,0.2,1967,0.9954245043213015,0.9954245043213015,1.0,1.0,1.0,1.0,19.67,-6.398,22
leave_generator_out,Pocket2Mol,qed_sa_vina,0.5,4917,0.9941020947732357,0.9941020947732357,1.0,1.0,1.0,1.0,49.16,-6.103,22
leave_generator_out,Pocket2Mol,mlp_ligand_descriptor,0.1,984,1.0,1.0,1.0,1.0,1.0,1.0,9.83,-6.3975,22
leave_generator_out,Pocket2Mol,mlp_ligand_descriptor,0.2,1967,1.0,1.0,1.0,1.0,1.0,1.0,19.66,-6.361,22
leave_generator_out,Pocket2Mol,mlp_ligand_descriptor,0.5,4917,0.9993898718730934,0.9997966239576977,1.0,1.0,0.9995932479153956,1.0,49.15,-6.176,22
leave_generator_out,Pocket2Mol,mlp_pose_shape,0.1,984,1.0,1.0,1.0,1.0,1.0,1.0,9.84,-5.862,22
leave_generator_out,Pocket2Mol,mlp_pose_shape,0.2,1967,1.0,1.0,1.0,1.0,1.0,1.0,19.67,-5.862,22
leave_generator_out,Pocket2Mol,mlp_pose_shape,0.5,4917,0.9995932479153956,0.9995932479153956,1.0,1.0,1.0,1.0,49.17,-5.976,22
leave_generator_out,Pocket2Mol,mlp_reliamol_novinascore,0.1,984,1.0,1.0,1.0,1.0,1.0,1.0,9.84,-5.859500000000001,22
leave_generator_out,Pocket2Mol,mlp_reliamol_novinascore,0.2,1967,1.0,1.0,1.0,1.0,1.0,1.0,19.67,-5.877,22
leave_generator_out,Pocket2Mol,mlp_reliamol_novinascore,0.5,4917,1.0,1.0,1.0,1.0,1.0,1.0,49.15,-5.982,22
leave_generator_out,Pocket2Mol,rf_reliamol_novinascore,0.1,984,1.0,1.0,1.0,1.0,1.0,1.0,9.84,-4.7835,22
leave_generator_out,Pocket2Mol,rf_reliamol_novinascore,0.2,1967,1.0,1.0,1.0,1.0,1.0,1.0,19.67,-5.098,22
leave_generator_out,Pocket2Mol,rf_reliamol_novinascore,0.5,4917,1.0,1.0,1.0,1.0,1.0,1.0,49.17,-5.66,22
leave_generator_out,Pocket2Mol,hgb_reliamol_novinascore,0.1,984,1.0,1.0,1.0,1.0,1.0,1.0,9.84,-4.4115,22
leave_generator_out,Pocket2Mol,hgb_reliamol_novinascore,0.2,1967,1.0,1.0,1.0,1.0,1.0,1.0,19.67,-4.767,22
leave_generator_out,Pocket2Mol,hgb_reliamol_novinascore,0.5,4917,1.0,1.0,1.0,1.0,1.0,1.0,49.14,-5.374,22
leave_generator_out,TargetDiff,qed,0.1,943,0.9989395546129375,1.0,1.0,1.0,0.9989395546129375,1.0,9.43,-7.13,22
leave_generator_out,TargetDiff,qed,0.2,1848,0.9994588744588745,1.0,1.0,1.0,0.9994588744588745,1.0,18.46,-7.0555,22
leave_generator_out,TargetDiff,qed,0.5,4546,0.9973603167619886,0.998240211174659,1.0,1.0,0.9991201055873296,1.0,45.32,-6.9475,22
leave_generator_out,TargetDiff,qed_sa,0.1,943,0.9989395546129375,1.0,1.0,1.0,0.9989395546129375,1.0,9.4,-6.716,22
leave_generator_out,TargetDiff,qed_sa,0.2,1848,0.9972943722943723,0.9978354978354979,1.0,1.0,0.9994588744588745,1.0,18.41,-6.705,22
leave_generator_out,TargetDiff,qed_sa,0.5,4546,0.9960404751429829,0.9969203695556533,1.0,1.0,0.9991201055873296,1.0,45.18,-6.779,22
leave_generator_out,TargetDiff,vina_score_only,0.1,943,0.9978791092258749,1.0,1.0,1.0,1.0,0.9978791092258749,9.43,-9.698,22
leave_generator_out,TargetDiff,vina_score_only,0.2,1848,0.9983766233766234,1.0,1.0,1.0,1.0,0.9983766233766234,18.47,-9.117,22
leave_generator_out,TargetDiff,vina_score_only,0.5,4546,0.9975802903651562,0.9989001319841619,0.9997800263968324,1.0,1.0,0.9989001319841619,45.42,-8.067499999999999,22
leave_generator_out,TargetDiff,vina_minimize,0.1,943,0.9978791092258749,1.0,1.0,1.0,1.0,0.9978791092258749,9.43,-9.78,22
leave_generator_out,TargetDiff,vina_minimize,0.2,1848,0.9978354978354979,1.0,1.0,1.0,1.0,0.9978354978354979,18.47,-9.216999999999999,22
leave_generator_out,TargetDiff,vina_minimize,0.5,4546,0.9969203695556533,0.9991201055873296,0.9997800263968324,1.0,0.9997800263968324,0.998240211174659,45.41,-8.1415,22
leave_generator_out,TargetDiff,qed_sa_vina,0.1,943,1.0,1.0,1.0,1.0,1.0,1.0,9.42,-7.853,22
leave_generator_out,TargetDiff,qed_sa_vina,0.2,1848,0.9989177489177489,0.9989177489177489,1.0,1.0,1.0,1.0,18.44,-7.588,22
leave_generator_out,TargetDiff,qed_sa_vina,0.5,4546,0.998240211174659,0.9984601847778266,1.0,1.0,0.9997800263968324,1.0,45.25,-7.295,22
leave_generator_out,TargetDiff,mlp_ligand_descriptor,0.1,943,0.9978791092258749,1.0,1.0,1.0,0.9978791092258749,1.0,9.4,-8.383,22
leave_generator_out,TargetDiff,mlp_ligand_descriptor,0.2,1848,0.9989177489177489,1.0,1.0,1.0,0.9989177489177489,1.0,18.44,-7.9345,22
leave_generator_out,TargetDiff,mlp_ligand_descriptor,0.5,4546,0.998240211174659,1.0,1.0,1.0,0.9984601847778266,0.9997800263968324,45.35,-7.389,22
leave_generator_out,TargetDiff,mlp_pose_shape,0.1,943,1.0,1.0,1.0,1.0,1.0,1.0,9.43,-6.314,22
leave_generator_out,TargetDiff,mlp_pose_shape,0.2,1848,1.0,1.0,1.0,1.0,1.0,1.0,18.48,-6.4559999999999995,22
leave_generator_out,TargetDiff,mlp_pose_shape,0.5,4546,1.0,1.0,1.0,1.0,1.0,1.0,45.43,-6.66,22
leave_generator_out,TargetDiff,mlp_reliamol_novinascore,0.1,943,1.0,1.0,1.0,1.0,1.0,1.0,9.43,-6.25,22
leave_generator_out,TargetDiff,mlp_reliamol_novinascore,0.2,1848,1.0,1.0,1.0,1.0,1.0,1.0,18.48,-6.3125,22
leave_generator_out,TargetDiff,mlp_reliamol_novinascore,0.5,4546,0.9997800263968324,1.0,1.0,1.0,0.9997800263968324,1.0,45.43,-6.6405,22
leave_generator_out,TargetDiff,rf_reliamol_novinascore,0.1,943,1.0,1.0,1.0,1.0,1.0,1.0,9.41,-7.075,22
leave_generator_out,TargetDiff,rf_reliamol_novinascore,0.2,1848,1.0,1.0,1.0,1.0,1.0,1.0,18.45,-6.865,22
leave_generator_out,TargetDiff,rf_reliamol_novinascore,0.5,4546,0.9997800263968324,1.0,1.0,1.0,0.9997800263968324,1.0,45.34,-6.834,22
leave_generator_out,TargetDiff,hgb_reliamol_novinascore,0.1,943,1.0,1.0,1.0,1.0,1.0,1.0,9.41,-6.798,22
leave_generator_out,TargetDiff,hgb_reliamol_novinascore,0.2,1848,1.0,1.0,1.0,1.0,1.0,1.0,18.45,-6.794499999999999,22
leave_generator_out,TargetDiff,hgb_reliamol_novinascore,0.5,4546,1.0,1.0,1.0,1.0,1.0,1.0,45.36,-6.8,22
pocket_cv,fold_1,qed,0.1,783,0.9642401021711366,0.9897828863346104,0.9719029374201787,1.0,1.0,1.0,38.5,-6.488,33
pocket_cv,fold_1,qed,0.2,1551,0.9587362991618311,0.9890393294648614,0.9677627337201805,1.0,1.0,1.0,75.95,-6.415,33
pocket_cv,fold_1,qed,0.5,3860,0.950259067357513,0.9852331606217617,0.9634715025906736,1.0,0.9997409326424871,1.0,185.7,-6.436999999999999,33
pocket_cv,fold_1,qed_sa,0.1,783,0.9501915708812261,0.9782886334610472,0.9680715197956578,1.0,1.0,1.0,38.45,-6.073,33
pocket_cv,fold_1,qed_sa,0.2,1551,0.9458413926499033,0.97678916827853,0.9664732430689877,1.0,1.0,1.0,75.0,-6.056,33
pocket_cv,fold_1,qed_sa,0.5,3860,0.9437823834196891,0.9792746113989638,0.9629533678756477,1.0,0.9994818652849741,1.0,185.35,-6.23,33
pocket_cv,fold_1,vina_score_only,0.1,783,0.9425287356321839,0.9961685823754789,0.9489144316730523,1.0,1.0,0.9974457215836526,38.6,-8.546,33
pocket_cv,fold_1,vina_score_only,0.2,1551,0.9439071566731141,0.9922630560928434,0.9542230818826564,1.0,1.0,0.9974210186976145,76.2,-8.11,33
pocket_cv,fold_1,vina_score_only,0.5,3860,0.9411917098445596,0.988860103626943,0.9549222797927461,1.0,1.0,0.9966321243523316,187.65,-7.297,33
pocket_cv,fold_1,vina_minimize,0.1,783,0.946360153256705,0.9948914431673053,0.9553001277139208,1.0,1.0,0.9961685823754789,38.7,-8.771,33
pocket_cv,fold_1,vina_minimize,0.2,1551,0.941972920696325,0.9922630560928434,0.9509993552546744,1.0,1.0,0.9974210186976145,76.2,-8.251,33
pocket_cv,fold_1,vina_minimize,0.5,3860,0.9432642487046632,0.9893782383419689,0.9564766839378238,1.0,0.9997409326424871,0.9963730569948187,187.8,-7.4115,33
pocket_cv,fold_1,qed_sa_vina,0.1,783,0.9591315453384419,0.9936143039591315,0.9642401021711366,1.0,1.0,1.0,38.3,-7.027,33
pocket_cv,fold_1,qed_sa_vina,0.2,1551,0.9568020631850419,0.9896840747904577,0.9658284977433914,1.0,1.0,1.0,75.3,-6.848,33
pocket_cv,fold_1,qed_sa_vina,0.5,3860,0.9489637305699482,0.9862694300518134,0.961139896373057,1.0,1.0,1.0,186.2,-6.646,33
pocket_cv,fold_1,mlp_ligand_descriptor,0.1,783,0.9565772669220945,0.9936143039591315,0.9616858237547893,1.0,1.0,1.0,38.25,-6.925,33
pocket_cv,fold_1,mlp_ligand_descriptor,0.2,1551,0.9548678272082527,0.9909735654416505,0.9632495164410058,1.0,1.0,1.0,75.15,-6.784,33
pocket_cv,fold_1,mlp_ligand_descriptor,0.5,3860,0.950259067357513,0.988860103626943,0.961139896373057,1.0,0.9994818652849741,1.0,186.4,-6.6425,33
pocket_cv,fold_1,mlp_pose_shape,0.1,783,0.9923371647509579,0.9923371647509579,1.0,1.0,1.0,1.0,38.9,-6.267,33
pocket_cv,fold_1,mlp_pose_shape,0.2,1551,0.9896840747904577,0.9903288201160542,0.9993552546744036,1.0,1.0,1.0,76.4,-6.314,33
pocket_cv,fold_1,mlp_pose_shape,0.5,3860,0.9829015544041451,0.989119170984456,0.9937823834196892,1.0,1.0,1.0,188.1,-6.4405,33
pocket_cv,fold_1,mlp_reliamol_novinascore,0.1,783,0.9910600255427842,0.9923371647509579,0.9987228607918263,1.0,1.0,1.0,38.75,-6.35,33
pocket_cv,fold_1,mlp_reliamol_novinascore,0.2,1551,0.988394584139265,0.9903288201160542,0.9980657640232108,1.0,1.0,1.0,75.95,-6.377,33
pocket_cv,fold_1,mlp_reliamol_novinascore,0.5,3860,0.9829015544041451,0.989119170984456,0.9937823834196892,1.0,1.0,1.0,188.15,-6.459,33
pocket_cv,fold_1,rf_reliamol_novinascore,0.1,783,0.9974457215836526,0.9987228607918263,0.9987228607918263,1.0,1.0,1.0,38.8,-5.626,33
pocket_cv,fold_1,rf_reliamol_novinascore,0.2,1551,0.9903288201160542,0.9929078014184397,0.9974210186976145,1.0,1.0,1.0,75.95,-5.896,33
pocket_cv,fold_1,rf_reliamol_novinascore,0.5,3860,0.9823834196891191,0.9893782383419689,0.9924870466321244,1.0,1.0,1.0,187.7,-6.2620000000000005,33
pocket_cv,fold_1,hgb_reliamol_novinascore,0.1,783,0.9987228607918263,0.9987228607918263,1.0,1.0,1.0,1.0,38.9,-5.37,33
pocket_cv,fold_1,hgb_reliamol_novinascore,0.2,1551,0.9916183107672469,0.9929078014184397,0.9974210186976145,1.0,1.0,1.0,76.6,-5.702,33
pocket_cv,fold_1,hgb_reliamol_novinascore,0.5,3860,0.9831606217616581,0.9893782383419689,0.9932642487046632,1.0,1.0,1.0,188.45,-6.0955,33
pocket_cv,fold_2,qed,0.1,779,0.9563543003851092,1.0,0.9563543003851092,1.0,1.0,1.0,37.85,-6.291,33
pocket_cv,fold_2,qed,0.2,1550,0.9529032258064516,0.9993548387096775,0.9535483870967741,1.0,1.0,1.0,74.95,-6.2355,33
pocket_cv,fold_2,qed,0.5,3858,0.9510108864696734,0.997926386728875,0.9530844997407983,1.0,1.0,1.0,186.15,-6.1485,33
pocket_cv,fold_2,qed_sa,0.1,779,0.9550706033376123,0.9948652118100129,0.9602053915275995,1.0,1.0,1.0,37.75,-6.107,33
pocket_cv,fold_2,qed_sa,0.2,1550,0.9509677419354838,0.9948387096774194,0.9567741935483871,0.9993548387096775,1.0,1.0,75.05,-6.0745000000000005,33
pocket_cv,fold_2,qed_sa,0.5,3858,0.947900466562986,0.9942975635044065,0.9541213063763608,0.9994815966822188,1.0,1.0,185.55,-6.066000000000001,33
pocket_cv,fold_2,vina_score_only,0.1,779,0.9396662387676509,1.0,0.9396662387676509,1.0,1.0,1.0,38.8,-7.727,33
pocket_cv,fold_2,vina_score_only,0.2,1550,0.9432258064516129,1.0,0.9432258064516129,1.0,1.0,1.0,76.6,-7.4035,33
pocket_cv,fold_2,vina_score_only,0.5,3858,0.9460860549507517,0.9994815966822188,0.9466044582685329,1.0,1.0,1.0,188.8,-6.733499999999999,33
pocket_cv,fold_2,vina_minimize,0.1,779,0.9435173299101413,1.0,0.9435173299101413,1.0,1.0,1.0,38.65,-7.832,33
pocket_cv,fold_2,vina_minimize,0.2,1550,0.9483870967741935,1.0,0.9483870967741935,1.0,1.0,1.0,76.6,-7.4785,33
pocket_cv,fold_2,vina_minimize,0.5,3858,0.9463452566096423,0.9997407983411094,0.9468636599274235,1.0,0.9997407983411094,1.0,188.5,-6.804,33
pocket_cv,fold_2,qed_sa_vina,0.1,779,0.9550706033376123,1.0,0.9550706033376123,1.0,1.0,1.0,38.05,-6.765,33
pocket_cv,fold_2,qed_sa_vina,0.2,1550,0.9567741935483871,0.9993548387096775,0.9574193548387097,1.0,1.0,1.0,75.3,-6.6035,33
pocket_cv,fold_2,qed_sa_vina,0.5,3858,0.9504924831518922,0.9971487817522032,0.9538621047174702,0.9994815966822188,1.0,1.0,186.25,-6.369,33
pocket_cv,fold_2,mlp_ligand_descriptor,0.1,779,0.9512195121951219,1.0,0.9512195121951219,1.0,1.0,1.0,37.85,-6.471,33
pocket_cv,fold_2,mlp_ligand_descriptor,0.2,1550,0.9593548387096774,1.0,0.9593548387096774,1.0,1.0,1.0,75.15,-6.369,33
pocket_cv,fold_2,mlp_ligand_descriptor,0.5,3858,0.9538621047174702,1.0,0.9543805080352514,1.0,0.9994815966822188,1.0,186.5,-6.261,33
pocket_cv,fold_2,mlp_pose_shape,0.1,779,0.9987163029525032,1.0,0.9987163029525032,1.0,1.0,1.0,38.7,-5.976,33
pocket_cv,fold_2,mlp_pose_shape,0.2,1550,0.9980645161290322,1.0,0.9980645161290322,1.0,1.0,1.0,76.45,-6.022,33
pocket_cv,fold_2,mlp_pose_shape,0.5,3858,0.9914463452566097,1.0,0.9914463452566097,1.0,1.0,1.0,188.75,-6.0895,33
pocket_cv,fold_2,mlp_reliamol_novinascore,0.1,779,1.0,1.0,1.0,1.0,1.0,1.0,38.9,-5.958,33
pocket_cv,fold_2,mlp_reliamol_novinascore,0.2,1550,0.9980645161290322,1.0,0.9980645161290322,1.0,1.0,1.0,76.7,-5.977,33
pocket_cv,fold_2,mlp_reliamol_novinascore,0.5,3858,0.9914463452566097,1.0,0.9914463452566097,1.0,1.0,1.0,189.35,-6.0235,33
pocket_cv,fold_2,rf_reliamol_novinascore,0.1,779,1.0,1.0,1.0,1.0,1.0,1.0,38.5,-5.259,33
pocket_cv,fold_2,rf_reliamol_novinascore,0.2,1550,0.9987096774193548,1.0,0.9987096774193548,1.0,1.0,1.0,76.4,-5.4879999999999995,33
pocket_cv,fold_2,rf_reliamol_novinascore,0.5,3858,0.9917055469155003,1.0,0.9917055469155003,1.0,1.0,1.0,188.4,-5.8515,33
pocket_cv,fold_2,hgb_reliamol_novinascore,0.1,779,1.0,1.0,1.0,1.0,1.0,1.0,38.55,-5.698,33
pocket_cv,fold_2,hgb_reliamol_novinascore,0.2,1550,0.9980645161290322,1.0,0.9987096774193548,0.9993548387096775,1.0,1.0,76.35,-5.7055,33
pocket_cv,fold_2,hgb_reliamol_novinascore,0.5,3858,0.991187143597719,1.0,0.9917055469155003,0.9994815966822188,1.0,1.0,188.35,-5.9094999999999995,33
pocket_cv,fold_3,qed,0.1,779,0.9512195121951219,0.9922978177150192,0.9563543003851092,1.0,1.0,1.0,37.2,-6.615,33
pocket_cv,fold_3,qed,0.2,1549,0.9561007101355713,0.9948353776630084,0.959974176888315,1.0,1.0,1.0,73.35,-6.577,33
pocket_cv,fold_3,qed,0.5,3850,0.9532467532467532,0.992987012987013,0.9592207792207792,1.0,1.0,1.0,181.3,-6.41,33
pocket_cv,fold_3,qed_sa,0.1,779,0.944801026957638,0.9858793324775353,0.9563543003851092,1.0,1.0,1.0,37.15,-6.224,33
pocket_cv,fold_3,qed_sa,0.2,1549,0.9509360877985797,0.9857972885732731,0.9625564880568108,1.0,1.0,1.0,73.55,-6.143,33
pocket_cv,fold_3,qed_sa,0.5,3850,0.9477922077922077,0.9867532467532467,0.9597402597402598,1.0,1.0,1.0,181.65,-6.2565,33
pocket_cv,fold_3,vina_score_only,0.1,779,0.9537869062901155,1.0,0.9537869062901155,1.0,1.0,1.0,38.15,-8.713,33
pocket_cv,fold_3,vina_score_only,0.2,1549,0.9515816655907037,1.0,0.9515816655907037,1.0,1.0,1.0,75.25,-8.229,33
pocket_cv,fold_3,vina_score_only,0.5,3850,0.9464935064935065,0.9966233766233766,0.9503896103896103,1.0,1.0,0.9987012987012988,184.0,-7.469,33
pocket_cv,fold_3,vina_minimize,0.1,779,0.9512195121951219,0.9974326059050064,0.9537869062901155,1.0,1.0,1.0,38.0,-8.933,33
pocket_cv,fold_3,vina_minimize,0.2,1549,0.9509360877985797,0.9987088444157521,0.9528728211749515,1.0,1.0,0.9993544222078761,74.85,-8.501,33
pocket_cv,fold_3,vina_minimize,0.5,3850,0.9488311688311688,0.9971428571428571,0.9522077922077922,1.0,1.0,0.9987012987012988,183.85,-7.637499999999999,33
pocket_cv,fold_3,qed_sa_vina,0.1,779,0.9537869062901155,0.993581514762516,0.9589216944801027,1.0,1.0,1.0,37.75,-7.268,33
pocket_cv,fold_3,qed_sa_vina,0.2,1549,0.9561007101355713,0.9954809554551324,0.9593285990961911,1.0,1.0,1.0,74.05,-7.071,33
pocket_cv,fold_3,qed_sa_vina,0.5,3850,0.9522077922077922,0.994025974025974,0.9574025974025974,1.0,1.0,1.0,182.05,-6.769,33
pocket_cv,fold_3,mlp_ligand_descriptor,0.1,779,0.962772785622593,1.0,0.962772785622593,1.0,1.0,1.0,37.55,-7.49,33
pocket_cv,fold_3,mlp_ligand_descriptor,0.2,1549,0.9638476436410588,1.0,0.9638476436410588,1.0,1.0,1.0,73.85,-7.31,33
pocket_cv,fold_3,mlp_ligand_descriptor,0.5,3850,0.9625974025974026,0.9997402597402597,0.9631168831168831,1.0,1.0,0.9997402597402597,181.55,-6.9425,33
pocket_cv,fold_3,mlp_pose_shape,0.1,779,0.9987163029525032,1.0,0.9987163029525032,1.0,1.0,1.0,37.8,-6.202,33
pocket_cv,fold_3,mlp_pose_shape,0.2,1549,0.9993544222078761,1.0,0.9993544222078761,1.0,1.0,1.0,74.85,-6.295,33
pocket_cv,fold_3,mlp_pose_shape,0.5,3850,0.9919480519480519,1.0,0.9927272727272727,1.0,1.0,0.9989610389610389,183.8,-6.4,33
pocket_cv,fold_3,mlp_reliamol_novinascore,0.1,779,1.0,1.0,1.0,1.0,1.0,1.0,38.05,-6.125,33
pocket_cv,fold_3,mlp_reliamol_novinascore,0.2,1549,1.0,1.0,1.0,1.0,1.0,1.0,74.7,-6.197,33
pocket_cv,fold_3,mlp_reliamol_novinascore,0.5,3850,0.9919480519480519,1.0,0.9924675324675325,1.0,1.0,0.9992207792207792,183.75,-6.359999999999999,33
pocket_cv,fold_3,rf_reliamol_novinascore,0.1,779,1.0,1.0,1.0,1.0,1.0,1.0,37.6,-5.452,33
pocket_cv,fold_3,rf_reliamol_novinascore,0.2,1549,0.9993544222078761,1.0,0.9993544222078761,1.0,1.0,1.0,74.35,-5.851,33
pocket_cv,fold_3,rf_reliamol_novinascore,0.5,3850,0.9924675324675325,1.0,0.9927272727272727,1.0,1.0,0.9994805194805195,182.7,-6.221,33
pocket_cv,fold_3,hgb_reliamol_novinascore,0.1,779,0.9987163029525032,1.0,0.9987163029525032,1.0,1.0,1.0,37.75,-6.245,33
pocket_cv,fold_3,hgb_reliamol_novinascore,0.2,1549,0.9980632666236281,1.0,0.9980632666236281,1.0,1.0,1.0,74.35,-6.277,33
pocket_cv,fold_3,hgb_reliamol_novinascore,0.5,3850,0.9927272727272727,1.0,0.9927272727272727,1.0,1.0,1.0,183.65,-6.3454999999999995,33
pocket_cv,fold_4,qed,0.1,779,0.9319640564826701,1.0,0.9422336328626444,1.0,0.9987163029525032,0.9858793324775353,38.05,-7.079,33
pocket_cv,fold_4,qed,0.2,1549,0.9367333763718528,0.9993544222078761,0.9483537766300839,1.0,0.9993544222078761,0.9832149774047773,75.1,-7.035,33
pocket_cv,fold_4,qed,0.5,3844,0.9373048907388137,0.9994797086368367,0.9471904266389178,1.0,0.9997398543184183,0.9794484911550468,187.05,-6.979,33
pocket_cv,fold_4,qed_sa,0.1,779,0.9332477535301669,0.9987163029525032,0.9370988446726572,1.0,0.9987163029525032,0.9974326059050064,38.3,-6.48,33
pocket_cv,fold_4,qed_sa,0.2,1549,0.9367333763718528,0.9967721110393802,0.9451258876694641,1.0,0.9993544222078761,0.9896707553260168,75.4,-6.582,33
pocket_cv,fold_4,qed_sa,0.5,3844,0.9365244536940687,0.9971383975026015,0.9474505723204995,1.0,0.9997398543184183,0.9815296566077003,186.55,-6.654999999999999,33
pocket_cv,fold_4,vina_score_only,0.1,779,0.9139922978177151,0.9987163029525032,0.9191270860077022,1.0,1.0,0.9781771501925546,38.7,-9.195,33
pocket_cv,fold_4,vina_score_only,0.2,1549,0.9173660426081343,0.9993544222078761,0.9257585539057457,1.0,1.0,0.9761136216914138,76.5,-8.641,33
pocket_cv,fold_4,vina_score_only,0.5,3844,0.9206555671175859,0.9992195629552549,0.9287200832466181,1.0,1.0,0.9773673257023934,189.4,-7.903499999999999,33
pocket_cv,fold_4,vina_minimize,0.1,779,0.920410783055199,1.0,0.9293966623876765,1.0,1.0,0.9807445442875481,38.6,-9.357,33
pocket_cv,fold_4,vina_minimize,0.2,1549,0.9180116204002582,1.0,0.9251129761136216,1.0,1.0,0.9780503550677857,76.6,-8.778,33
pocket_cv,fold_4,vina_minimize,0.5,3844,0.9222164412070759,0.9994797086368367,0.9308012486992716,1.0,1.0,0.9778876170655567,188.85,-8.0435,33
pocket_cv,fold_4,qed_sa_vina,0.1,779,0.9332477535301669,1.0,0.9345314505776636,1.0,1.0,0.993581514762516,38.2,-7.705,33
pocket_cv,fold_4,qed_sa_vina,0.2,1549,0.9354422207876049,0.9993544222078761,0.9418979987088444,1.0,1.0,0.9877340219496449,75.55,-7.573,33
pocket_cv,fold_4,qed_sa_vina,0.5,3844,0.9341831425598335,0.9984391259105099,0.9438085327783559,1.0,0.9997398543184183,0.9812695109261186,187.1,-7.218999999999999,33
pocket_cv,fold_4,mlp_ligand_descriptor,0.1,779,0.9396662387676509,1.0,0.9460847240051348,1.0,0.9987163029525032,0.993581514762516,38.65,-8.071,33
pocket_cv,fold_4,mlp_ligand_descriptor,0.2,1549,0.9373789541639768,1.0,0.9412524209167205,1.0,0.9993544222078761,0.9903163331181407,76.45,-7.888,33
pocket_cv,fold_4,mlp_ligand_descriptor,0.5,3844,0.9341831425598335,1.0,0.9419875130072841,1.0,0.9994797086368367,0.9815296566077003,188.4,-7.3629999999999995,33
pocket_cv,fold_4,mlp_pose_shape,0.1,779,0.9768934531450578,1.0,0.9948652118100129,1.0,1.0,0.9794608472400513,38.75,-6.407,33
pocket_cv,fold_4,mlp_pose_shape,0.2,1549,0.9761136216914138,1.0,0.9935442220787605,1.0,1.0,0.9780503550677857,76.5,-6.515,33
pocket_cv,fold_4,mlp_pose_shape,0.5,3844,0.9706035379812695,1.0,0.9828303850156087,1.0,1.0,0.9789281997918835,188.5,-6.673,33
pocket_cv,fold_4,mlp_reliamol_novinascore,0.1,779,0.9768934531450578,1.0,0.993581514762516,1.0,1.0,0.9807445442875481,38.75,-6.328,33
pocket_cv,fold_4,mlp_reliamol_novinascore,0.2,1549,0.9761136216914138,1.0,0.9935442220787605,1.0,1.0,0.9799870884441575,76.7,-6.478,33
pocket_cv,fold_4,mlp_reliamol_novinascore,0.5,3844,0.9703433922996878,1.0,0.9823100936524454,1.0,1.0,0.9791883454734651,188.95,-6.7095,33
pocket_cv,fold_4,rf_reliamol_novinascore,0.1,779,0.9768934531450578,1.0,0.9910141206675225,1.0,1.0,0.9807445442875481,38.45,-5.771,33
pocket_cv,fold_4,rf_reliamol_novinascore,0.2,1549,0.9754680438992899,1.0,0.9922530664945126,1.0,1.0,0.9793415106520336,76.45,-6.102,33
pocket_cv,fold_4,rf_reliamol_novinascore,0.5,3844,0.9703433922996878,1.0,0.9836108220603538,1.0,1.0,0.9773673257023934,188.3,-6.660500000000001,33
pocket_cv,fold_4,hgb_reliamol_novinascore,0.1,779,0.9743260590500642,1.0,0.9897304236200257,1.0,1.0,0.9768934531450578,38.75,-6.269,33
pocket_cv,fold_4,hgb_reliamol_novinascore,0.2,1549,0.9748224661071659,1.0,0.9903163331181407,1.0,1.0,0.9780503550677857,76.5,-6.391,33
pocket_cv,fold_4,hgb_reliamol_novinascore,0.5,3844,0.9711238293444329,1.0,0.9846514047866806,1.0,1.0,0.9771071800208116,189.0,-6.660500000000001,33
pocket_cv,fold_5,qed,0.1,746,0.9638069705093834,0.9812332439678284,0.982573726541555,1.0,0.9986595174262735,1.0,35.45,-6.332,33
pocket_cv,fold_5,qed,0.2,1481,0.9662390276839973,0.9837947332883187,0.9824442943956786,1.0,0.9993247805536799,1.0,70.05,-6.243,33
pocket_cv,fold_5,qed,0.5,3674,0.9488296135002722,0.9763200870985302,0.9722373434948285,1.0,0.9989112683723462,1.0,173.35,-6.1355,33
pocket_cv,fold_5,qed_sa,0.1,746,0.9544235924932976,0.9691689008042895,0.9839142091152815,1.0,1.0,1.0,35.55,-6.141,33
pocket_cv,fold_5,qed_sa,0.2,1481,0.9486833220796759,0.9669142471303174,0.9810938555030385,1.0,0.9993247805536799,1.0,69.9,-6.011,33
pocket_cv,fold_5,qed_sa,0.5,3674,0.9428415895481764,0.9681545998911268,0.9744148067501361,1.0,0.9991834512792597,1.0,172.55,-5.9945,33
pocket_cv,fold_5,vina_score_only,0.1,746,0.9436997319034852,0.9892761394101877,0.9557640750670241,1.0,1.0,0.9986595174262735,36.65,-7.5265,33
pocket_cv,fold_5,vina_score_only,0.2,1481,0.949358541525996,0.987846049966239,0.962187711006077,1.0,1.0,0.9993247805536799,72.2,-7.198,33
pocket_cv,fold_5,vina_score_only,0.5,3674,0.9422972237343494,0.982308111050626,0.9608056614044638,1.0,1.0,0.9986390854654328,176.2,-6.6765,33
pocket_cv,fold_5,vina_minimize,0.1,746,0.9504021447721179,0.9892761394101877,0.9624664879356568,1.0,1.0,0.9986595174262735,36.7,-7.696,33
pocket_cv,fold_5,vina_minimize,0.2,1481,0.9486833220796759,0.9871708305199189,0.9615124915597569,1.0,1.0,0.9993247805536799,72.05,-7.358,33
pocket_cv,fold_5,vina_minimize,0.5,3674,0.9466521502449646,0.9831246597713663,0.9643440391943386,1.0,1.0,0.9986390854654328,175.7,-6.7675,33
pocket_cv,fold_5,qed_sa_vina,0.1,746,0.9557640750670241,0.9745308310991957,0.9812332439678284,1.0,1.0,1.0,35.7,-6.776,33
pocket_cv,fold_5,qed_sa_vina,0.2,1481,0.9547602970965564,0.9777177582714383,0.9770425388251182,1.0,0.9993247805536799,1.0,70.4,-6.61,33
pocket_cv,fold_5,qed_sa_vina,0.5,3674,0.9485574305933587,0.974959172563963,0.9725095264017419,1.0,0.9997278170930866,1.0,173.35,-6.3065,33
pocket_cv,fold_5,mlp_ligand_descriptor,0.1,746,0.9798927613941019,0.9986595174262735,0.982573726541555,1.0,0.9986595174262735,1.0,35.5,-6.401999999999999,33
pocket_cv,fold_5,mlp_ligand_descriptor,0.2,1481,0.9716407832545577,0.9952734638757597,0.9770425388251182,1.0,0.9993247805536799,1.0,70.15,-6.383,33
pocket_cv,fold_5,mlp_ligand_descriptor,0.5,3674,0.9624387588459444,0.9907457811649428,0.9714207947740882,1.0,0.9997278170930866,1.0,174.3,-6.2445,33
pocket_cv,fold_5,mlp_pose_shape,0.1,746,0.9986595174262735,0.9986595174262735,1.0,1.0,1.0,1.0,36.45,-6.2115,33
pocket_cv,fold_5,mlp_pose_shape,0.2,1481,0.9959486833220796,0.9959486833220796,1.0,1.0,1.0,1.0,71.6,-6.204,33
pocket_cv,fold_5,mlp_pose_shape,0.5,3674,0.9893848666303756,0.9904735982580294,0.9989112683723462,1.0,1.0,1.0,175.1,-6.191000000000001,33
pocket_cv,fold_5,mlp_reliamol_novinascore,0.1,746,0.9986595174262735,0.9986595174262735,1.0,1.0,1.0,1.0,36.6,-6.188000000000001,33
pocket_cv,fold_5,mlp_reliamol_novinascore,0.2,1481,0.9959486833220796,0.9959486833220796,1.0,1.0,1.0,1.0,71.85,-6.211,33
pocket_cv,fold_5,mlp_reliamol_novinascore,0.5,3674,0.9882961350027218,0.9907457811649428,0.997550353837779,1.0,1.0,1.0,175.65,-6.161,33
pocket_cv,fold_5,rf_reliamol_novinascore,0.1,746,1.0,1.0,1.0,1.0,1.0,1.0,36.1,-5.3025,33
pocket_cv,fold_5,rf_reliamol_novinascore,0.2,1481,1.0,1.0,1.0,1.0,1.0,1.0,71.15,-5.536,33
pocket_cv,fold_5,rf_reliamol_novinascore,0.5,3674,0.9918345127925966,0.9918345127925966,1.0,1.0,1.0,1.0,175.35,-5.859,33
pocket_cv,fold_5,hgb_reliamol_novinascore,0.1,746,1.0,1.0,1.0,1.0,1.0,1.0,36.25,-5.827999999999999,33
pocket_cv,fold_5,hgb_reliamol_novinascore,0.2,1481,1.0,1.0,1.0,1.0,1.0,1.0,71.45,-5.887,33
pocket_cv,fold_5,hgb_reliamol_novinascore,0.5,3674,0.9918345127925966,0.9918345127925966,0.9997278170930866,1.0,1.0,1.0,174.7,-5.963,33
leave_generator_out,AR,qed,0.1,940,0.9968085106382979,0.9989361702127659,0.997872340425532,1.0,0.9989361702127659,1.0,9.68041237113402,-6.1850000000000005,33
leave_generator_out,AR,qed,0.2,1874,0.9951974386339381,0.9967982924226254,0.9983991462113126,1.0,0.9994663820704376,1.0,19.298969072164947,-6.111000000000001,33
leave_generator_out,AR,qed,0.5,4662,0.9912054912054912,0.9927069927069927,0.9984984984984985,1.0,0.9995709995709996,1.0,48.02061855670103,-6.0225,33
leave_generator_out,AR,qed_sa,0.1,940,0.975531914893617,0.9765957446808511,0.9968085106382979,1.0,1.0,1.0,9.690721649484535,-5.751,33
leave_generator_out,AR,qed_sa,0.2,1874,0.9765208110992529,0.9786552828175027,0.9978655282817502,0.9994663820704376,0.9994663820704376,1.0,19.298969072164947,-5.701,33
leave_generator_out,AR,qed_sa,0.5,4662,0.9802659802659802,0.9815529815529815,0.9987129987129987,0.9995709995709996,0.9997854997854998,1.0,48.02061855670103,-5.810499999999999,33
leave_generator_out,AR,vina_score_only,0.1,940,0.9968085106382979,0.9989361702127659,0.9989361702127659,1.0,1.0,0.9989361702127659,9.690721649484535,-7.6725,33
leave_generator_out,AR,vina_score_only,0.2,1874,0.996264674493063,0.9994663820704376,0.9989327641408752,1.0,1.0,0.9978655282817502,19.31958762886598,-7.333,33
leave_generator_out,AR,vina_score_only,0.5,4662,0.9937794937794938,0.9980694980694981,0.9993564993564994,1.0,1.0,0.9963534963534963,48.05154639175258,-6.7015,33
leave_generator_out,AR,vina_minimize,0.1,940,0.9968085106382979,1.0,0.9989361702127659,1.0,1.0,0.997872340425532,9.690721649484535,-7.7490000000000006,33
leave_generator_out,AR,vina_minimize,0.2,1874,0.9973319103521878,1.0,0.9994663820704376,1.0,1.0,0.9978655282817502,19.31958762886598,-7.4245,33
leave_generator_out,AR,vina_minimize,0.5,4662,0.9948519948519948,0.9989274989274989,0.9995709995709996,1.0,1.0,0.9963534963534963,48.06185567010309,-6.794499999999999,33
leave_generator_out,AR,qed_sa_vina,0.1,940,0.9968085106382979,0.9989361702127659,0.997872340425532,1.0,1.0,1.0,9.690721649484535,-6.5489999999999995,33
leave_generator_out,AR,qed_sa_vina,0.2,1874,0.9941302027748132,0.9957310565635006,0.9983991462113126,1.0,0.9994663820704376,1.0,19.298969072164947,-6.418,33
leave_generator_out,AR,qed_sa_vina,0.5,4662,0.9903474903474904,0.9916344916344917,0.9991419991419992,0.9995709995709996,0.9997854997854998,1.0,48.03092783505155,-6.2055,33
leave_generator_out,AR,mlp_ligand_descriptor,0.1,940,1.0,1.0,1.0,1.0,1.0,1.0,9.690721649484535,-6.6690000000000005,33
leave_generator_out,AR,mlp_ligand_descriptor,0.2,1874,1.0,1.0,1.0,1.0,1.0,1.0,19.31958762886598,-6.5565,33
leave_generator_out,AR,mlp_ligand_descriptor,0.5,4662,0.9993564993564994,0.9997854997854998,0.9995709995709996,1.0,1.0,1.0,48.03092783505155,-6.254,33
leave_generator_out,AR,mlp_pose_shape,0.1,940,1.0,1.0,1.0,1.0,1.0,1.0,9.690721649484535,-5.9785,33
leave_generator_out,AR,mlp_pose_shape,0.2,1874,1.0,1.0,1.0,1.0,1.0,1.0,19.31958762886598,-6.016500000000001,33
leave_generator_out,AR,mlp_pose_shape,0.5,4662,1.0,1.0,1.0,1.0,1.0,1.0,48.03092783505155,-6.0745000000000005,33
leave_generator_out,AR,mlp_reliamol_novinascore,0.1,940,1.0,1.0,1.0,1.0,1.0,1.0,9.690721649484535,-5.9655000000000005,33
leave_generator_out,AR,mlp_reliamol_novinascore,0.2,1874,1.0,1.0,1.0,1.0,1.0,1.0,19.31958762886598,-6.0615000000000006,33
leave_generator_out,AR,mlp_reliamol_novinascore,0.5,4662,1.0,1.0,1.0,1.0,1.0,1.0,48.04123711340206,-6.077500000000001,33
leave_generator_out,AR,rf_reliamol_novinascore,0.1,940,1.0,1.0,1.0,1.0,1.0,1.0,9.690721649484535,-4.7355,33
leave_generator_out,AR,rf_reliamol_novinascore,0.2,1874,1.0,1.0,1.0,1.0,1.0,1.0,19.31958762886598,-5.1625,33
leave_generator_out,AR,rf_reliamol_novinascore,0.5,4662,0.9997854997854998,1.0,1.0,0.9997854997854998,1.0,1.0,48.04123711340206,-5.732,33
leave_generator_out,AR,hgb_reliamol_novinascore,0.1,940,1.0,1.0,1.0,1.0,1.0,1.0,9.690721649484535,-6.01,33
leave_generator_out,AR,hgb_reliamol_novinascore,0.2,1874,0.9994663820704376,1.0,1.0,0.9994663820704376,1.0,1.0,19.31958762886598,-5.9855,33
leave_generator_out,AR,hgb_reliamol_novinascore,0.5,4662,0.9995709995709996,1.0,1.0,0.9995709995709996,1.0,1.0,48.04123711340206,-5.997,33
leave_generator_out,CVAE,qed,0.1,999,0.8268268268268268,0.975975975975976,0.8538538538538538,1.0,1.0,0.988988988988989,8.81,-6.876,33
leave_generator_out,CVAE,qed,0.2,1991,0.8302360622802611,0.9799095931692616,0.8558513309894525,1.0,1.0,0.9869412355600201,17.13,-6.84,33
leave_generator_out,CVAE,qed,0.5,4961,0.8163676678089095,0.9772223342068131,0.8433783511388833,1.0,1.0,0.9840757911711349,42.09,-6.724,33
leave_generator_out,CVAE,qed_sa,0.1,999,0.8268268268268268,0.9719719719719719,0.8518518518518519,1.0,1.0,0.997997997997998,8.84,-6.751,33
leave_generator_out,CVAE,qed_sa,0.2,1991,0.8287292817679558,0.9718734304369664,0.856353591160221,1.0,1.0,0.9919638372677047,17.11,-6.758,33
leave_generator_out,CVAE,qed_sa,0.5,4961,0.8179802459181617,0.9754081838339045,0.8457972183027616,1.0,1.0,0.9856883692803871,41.93,-6.704,33
leave_generator_out,CVAE,vina_score_only,0.1,999,0.7737737737737738,0.994994994994995,0.7817817817817818,1.0,1.0,0.982982982982983,9.53,-7.716,33
leave_generator_out,CVAE,vina_score_only,0.2,1991,0.7820190858864892,0.9894525364138623,0.7975891511803114,1.0,1.0,0.982420894023104,18.52,-7.577,33
leave_generator_out,CVAE,vina_score_only,0.5,4961,0.7810925216690183,0.9838742189074783,0.801451320298327,1.0,1.0,0.9822616407982262,44.38,-7.106,33
leave_generator_out,CVAE,vina_minimize,0.1,999,0.7867867867867868,0.990990990990991,0.8028028028028028,1.0,1.0,0.984984984984985,9.49,-7.951,33
leave_generator_out,CVAE,vina_minimize,0.2,1991,0.784028126569563,0.9884480160723255,0.7985936715218483,1.0,1.0,0.9839276745354093,18.46,-7.705,33
leave_generator_out,CVAE,vina_minimize,0.5,4961,0.7871396895787139,0.9828663575891957,0.8083047772626487,1.0,1.0,0.9830679298528523,44.1,-7.247,33
leave_generator_out,CVAE,qed_sa_vina,0.1,999,0.8218218218218218,0.978978978978979,0.8418418418418419,1.0,1.0,0.994994994994995,8.98,-7.38,33
leave_generator_out,CVAE,qed_sa_vina,0.2,1991,0.8257157207433451,0.9804118533400301,0.8478151682571572,1.0,1.0,0.9904570567553993,17.41,-7.187,33
leave_generator_out,CVAE,qed_sa_vina,0.5,4961,0.8121346502721225,0.9778270509977827,0.8377343277565007,1.0,1.0,0.9854867970167305,42.49,-6.991,33
leave_generator_out,CVAE,mlp_ligand_descriptor,0.1,999,0.8258258258258259,0.995995995995996,0.8308308308308309,1.0,1.0,0.996996996996997,9.3,-6.969,33
leave_generator_out,CVAE,mlp_ligand_descriptor,0.2,1991,0.8247112004018081,0.9899547965846308,0.8372677046710196,1.0,1.0,0.99347061778001,18.1,-6.756,33
leave_generator_out,CVAE,mlp_ligand_descriptor,0.5,4961,0.8131425115904052,0.9850836524894174,0.8328965934287442,1.0,1.0,0.9856883692803871,43.37,-6.68,33
leave_generator_out,CVAE,mlp_pose_shape,0.1,999,0.9429429429429429,0.987987987987988,0.9719719719719719,1.0,1.0,0.980980980980981,9.33,-6.473,33
leave_generator_out,CVAE,mlp_pose_shape,0.2,1991,0.9382219989954796,0.9859367152184831,0.9648417880462079,1.0,1.0,0.9819186338523355,18.03,-6.505,33
leave_generator_out,CVAE,mlp_pose_shape,0.5,4961,0.9141302156823221,0.9836726466438218,0.9395283209030437,1.0,1.0,0.9818584962709132,43.45,-6.556,33
leave_generator_out,CVAE,mlp_reliamol_novinascore,0.1,999,0.9569569569569569,0.988988988988989,0.96996996996997,1.0,1.0,0.993993993993994,9.44,-6.432,33
leave_generator_out,CVAE,mlp_reliamol_novinascore,0.2,1991,0.9457559015570065,0.9864389753892516,0.9633350075339026,1.0,1.0,0.987945755901557,18.47,-6.447,33
leave_generator_out,CVAE,mlp_reliamol_novinascore,0.5,4961,0.9181616609554525,0.9846805079621044,0.9407377544849829,1.0,1.0,0.9842773634347913,44.28,-6.556,33
leave_generator_out,CVAE,rf_reliamol_novinascore,0.1,999,0.97997997997998,0.998998998998999,0.982982982982983,1.0,1.0,0.996996996996997,9.26,-6.617,33
leave_generator_out,CVAE,rf_reliamol_novinascore,0.2,1991,0.9658463083877449,0.994475138121547,0.9748869914615771,1.0,1.0,0.9919638372677047,17.98,-6.586,33
leave_generator_out,CVAE,rf_reliamol_novinascore,0.5,4961,0.9379157427937915,0.9860915138077001,0.9586776859504132,1.0,1.0,0.985285224753074,43.61,-6.57,33
leave_generator_out,CVAE,hgb_reliamol_novinascore,0.1,999,0.9369369369369369,0.998998998998999,0.9429429429429429,1.0,1.0,0.987987987987988,9.32,-6.598,33
leave_generator_out,CVAE,hgb_reliamol_novinascore,0.2,1991,0.9065796082370668,0.994475138121547,0.9161225514816675,1.0,1.0,0.9874434957307886,18.07,-6.627,33
leave_generator_out,CVAE,hgb_reliamol_novinascore,0.5,4961,0.8488208022576094,0.9860915138077001,0.8673654505140093,1.0,1.0,0.9854867970167305,43.69,-6.626,33
leave_generator_out,Pocket2Mol,qed,0.1,984,0.9969512195121951,0.9969512195121951,1.0,1.0,1.0,1.0,9.83,-6.052,33
leave_generator_out,Pocket2Mol,qed,0.2,1967,0.9974580579562786,0.9974580579562786,1.0,1.0,1.0,1.0,19.66,-5.963,33
leave_generator_out,Pocket2Mol,qed,0.5,4917,0.9947122229001424,0.9947122229001424,1.0,1.0,1.0,1.0,49.16,-5.868,33
leave_generator_out,Pocket2Mol,qed_sa,0.1,984,0.9939024390243902,0.9939024390243902,1.0,1.0,1.0,1.0,9.84,-5.5405,33
leave_generator_out,Pocket2Mol,qed_sa,0.2,1967,0.9898322318251144,0.9898322318251144,1.0,1.0,1.0,1.0,19.66,-5.538,33
leave_generator_out,Pocket2Mol,qed_sa,0.5,4917,0.987797437461867,0.9880008135041692,1.0,1.0,0.9997966239576977,1.0,49.15,-5.662,33
leave_generator_out,Pocket2Mol,vina_score_only,0.1,984,0.9939024390243902,0.9939024390243902,1.0,1.0,1.0,1.0,9.84,-7.3835,33
leave_generator_out,Pocket2Mol,vina_score_only,0.2,1967,0.9954245043213015,0.9954245043213015,1.0,1.0,1.0,1.0,19.66,-7.189,33
leave_generator_out,Pocket2Mol,vina_score_only,0.5,4917,0.9934919666463291,0.9934919666463291,1.0,1.0,1.0,1.0,49.15,-6.614,33
leave_generator_out,Pocket2Mol,vina_minimize,0.1,984,0.9949186991869918,0.9949186991869918,1.0,1.0,1.0,1.0,9.84,-7.689,33
leave_generator_out,Pocket2Mol,vina_minimize,0.2,1967,0.9949161159125572,0.9949161159125572,1.0,1.0,1.0,1.0,19.67,-7.389,33
leave_generator_out,Pocket2Mol,vina_minimize,0.5,4917,0.9951189749847468,0.995322351027049,1.0,1.0,0.9997966239576977,1.0,49.16,-6.806,33
leave_generator_out,Pocket2Mol,qed_sa_vina,0.1,984,0.9928861788617886,0.9928861788617886,1.0,1.0,1.0,1.0,9.84,-6.606,33
leave_generator_out,Pocket2Mol,qed_sa_vina,0.2,1967,0.9954245043213015,0.9954245043213015,1.0,1.0,1.0,1.0,19.67,-6.398,33
leave_generator_out,Pocket2Mol,qed_sa_vina,0.5,4917,0.9941020947732357,0.9941020947732357,1.0,1.0,1.0,1.0,49.16,-6.103,33
leave_generator_out,Pocket2Mol,mlp_ligand_descriptor,0.1,984,1.0,1.0,1.0,1.0,1.0,1.0,9.83,-6.3505,33
leave_generator_out,Pocket2Mol,mlp_ligand_descriptor,0.2,1967,0.9994916115912558,1.0,1.0,1.0,0.9994916115912558,1.0,19.66,-6.303,33
leave_generator_out,Pocket2Mol,mlp_ligand_descriptor,0.5,4917,0.9995932479153956,0.9997966239576977,1.0,1.0,0.9997966239576977,1.0,49.15,-6.218,33
leave_generator_out,Pocket2Mol,mlp_pose_shape,0.1,984,1.0,1.0,1.0,1.0,1.0,1.0,9.84,-5.9665,33
leave_generator_out,Pocket2Mol,mlp_pose_shape,0.2,1967,1.0,1.0,1.0,1.0,1.0,1.0,19.67,-5.978,33
leave_generator_out,Pocket2Mol,mlp_pose_shape,0.5,4917,0.9997966239576977,0.9997966239576977,1.0,1.0,1.0,1.0,49.17,-6.005,33
leave_generator_out,Pocket2Mol,mlp_reliamol_novinascore,0.1,984,1.0,1.0,1.0,1.0,1.0,1.0,9.84,-5.8645,33
leave_generator_out,Pocket2Mol,mlp_reliamol_novinascore,0.2,1967,1.0,1.0,1.0,1.0,1.0,1.0,19.66,-5.877,33
leave_generator_out,Pocket2Mol,mlp_reliamol_novinascore,0.5,4917,1.0,1.0,1.0,1.0,1.0,1.0,49.16,-6.007,33
leave_generator_out,Pocket2Mol,rf_reliamol_novinascore,0.1,984,1.0,1.0,1.0,1.0,1.0,1.0,9.84,-4.727,33
leave_generator_out,Pocket2Mol,rf_reliamol_novinascore,0.2,1967,1.0,1.0,1.0,1.0,1.0,1.0,19.67,-5.123,33
leave_generator_out,Pocket2Mol,rf_reliamol_novinascore,0.5,4917,1.0,1.0,1.0,1.0,1.0,1.0,49.16,-5.676,33
leave_generator_out,Pocket2Mol,hgb_reliamol_novinascore,0.1,984,1.0,1.0,1.0,1.0,1.0,1.0,9.84,-5.1775,33
leave_generator_out,Pocket2Mol,hgb_reliamol_novinascore,0.2,1967,1.0,1.0,1.0,1.0,1.0,1.0,19.67,-5.361,33
leave_generator_out,Pocket2Mol,hgb_reliamol_novinascore,0.5,4917,1.0,1.0,1.0,1.0,1.0,1.0,49.17,-5.65,33
leave_generator_out,TargetDiff,qed,0.1,943,0.9989395546129375,1.0,1.0,1.0,0.9989395546129375,1.0,9.43,-7.13,33
leave_generator_out,TargetDiff,qed,0.2,1848,0.9994588744588745,1.0,1.0,1.0,0.9994588744588745,1.0,18.46,-7.0555,33
leave_generator_out,TargetDiff,qed,0.5,4546,0.9973603167619886,0.998240211174659,1.0,1.0,0.9991201055873296,1.0,45.32,-6.9475,33
leave_generator_out,TargetDiff,qed_sa,0.1,943,0.9989395546129375,1.0,1.0,1.0,0.9989395546129375,1.0,9.4,-6.716,33
leave_generator_out,TargetDiff,qed_sa,0.2,1848,0.9972943722943723,0.9978354978354979,1.0,1.0,0.9994588744588745,1.0,18.41,-6.705,33
leave_generator_out,TargetDiff,qed_sa,0.5,4546,0.9960404751429829,0.9969203695556533,1.0,1.0,0.9991201055873296,1.0,45.18,-6.779,33
leave_generator_out,TargetDiff,vina_score_only,0.1,943,0.9978791092258749,1.0,1.0,1.0,1.0,0.9978791092258749,9.43,-9.698,33
leave_generator_out,TargetDiff,vina_score_only,0.2,1848,0.9983766233766234,1.0,1.0,1.0,1.0,0.9983766233766234,18.47,-9.117,33
leave_generator_out,TargetDiff,vina_score_only,0.5,4546,0.9975802903651562,0.9989001319841619,0.9997800263968324,1.0,1.0,0.9989001319841619,45.42,-8.067499999999999,33
leave_generator_out,TargetDiff,vina_minimize,0.1,943,0.9978791092258749,1.0,1.0,1.0,1.0,0.9978791092258749,9.43,-9.78,33
leave_generator_out,TargetDiff,vina_minimize,0.2,1848,0.9978354978354979,1.0,1.0,1.0,1.0,0.9978354978354979,18.47,-9.216999999999999,33
leave_generator_out,TargetDiff,vina_minimize,0.5,4546,0.9969203695556533,0.9991201055873296,0.9997800263968324,1.0,0.9997800263968324,0.998240211174659,45.41,-8.1415,33
leave_generator_out,TargetDiff,qed_sa_vina,0.1,943,1.0,1.0,1.0,1.0,1.0,1.0,9.42,-7.853,33
leave_generator_out,TargetDiff,qed_sa_vina,0.2,1848,0.9989177489177489,0.9989177489177489,1.0,1.0,1.0,1.0,18.44,-7.588,33
leave_generator_out,TargetDiff,qed_sa_vina,0.5,4546,0.998240211174659,0.9984601847778266,1.0,1.0,0.9997800263968324,1.0,45.25,-7.295,33
leave_generator_out,TargetDiff,mlp_ligand_descriptor,0.1,943,0.9978791092258749,1.0,1.0,1.0,0.9978791092258749,1.0,9.42,-8.296,33
leave_generator_out,TargetDiff,mlp_ligand_descriptor,0.2,1848,0.9978354978354979,1.0,1.0,1.0,0.9978354978354979,1.0,18.45,-7.7975,33
leave_generator_out,TargetDiff,mlp_ligand_descriptor,0.5,4546,0.9986801583809943,1.0,1.0,1.0,0.9986801583809943,1.0,45.34,-7.327999999999999,33
leave_generator_out,TargetDiff,mlp_pose_shape,0.1,943,1.0,1.0,1.0,1.0,1.0,1.0,9.43,-6.436,33
leave_generator_out,TargetDiff,mlp_pose_shape,0.2,1848,1.0,1.0,1.0,1.0,1.0,1.0,18.48,-6.483,33
leave_generator_out,TargetDiff,mlp_pose_shape,0.5,4546,1.0,1.0,1.0,1.0,1.0,1.0,45.43,-6.672,33
leave_generator_out,TargetDiff,mlp_reliamol_novinascore,0.1,943,0.9989395546129375,1.0,1.0,1.0,0.9989395546129375,1.0,9.43,-6.44,33
leave_generator_out,TargetDiff,mlp_reliamol_novinascore,0.2,1848,0.9994588744588745,1.0,1.0,1.0,0.9994588744588745,1.0,18.47,-6.4365000000000006,33
leave_generator_out,TargetDiff,mlp_reliamol_novinascore,0.5,4546,0.9991201055873296,1.0,1.0,1.0,0.9995600527936648,0.9995600527936648,45.43,-6.657,33
leave_generator_out,TargetDiff,rf_reliamol_novinascore,0.1,943,1.0,1.0,1.0,1.0,1.0,1.0,9.42,-7.119,33
leave_generator_out,TargetDiff,rf_reliamol_novinascore,0.2,1848,1.0,1.0,1.0,1.0,1.0,1.0,18.46,-6.996,33
leave_generator_out,TargetDiff,rf_reliamol_novinascore,0.5,4546,1.0,1.0,1.0,1.0,1.0,1.0,45.41,-6.897,33
leave_generator_out,TargetDiff,hgb_reliamol_novinascore,0.1,943,1.0,1.0,1.0,1.0,1.0,1.0,9.42,-7.984,33
leave_generator_out,TargetDiff,hgb_reliamol_novinascore,0.2,1848,1.0,1.0,1.0,1.0,1.0,1.0,18.47,-7.723,33
leave_generator_out,TargetDiff,hgb_reliamol_novinascore,0.5,4546,1.0,1.0,1.0,1.0,1.0,1.0,45.42,-7.163,33
