target,source_class,candidate_index,candidate_id,status,vina_score,pose_atoms,pose_center_x,pose_center_y,pose_center_z,center_to_crystal,min_dist_to_pocket,pocket_contact_atoms_4p5,receptor_clash_atoms_1p2,receptor_severe_clash_atoms_0p8,pose_pdbqt,ligand_pdbqt
adrb2,active,0,CHEMBL99718,success,-7.894,32.0,1.7108126878738403,4.600187301635742,52.32197570800781,0.8481587456808211,2.242698907852173,32.0,0.0,0.0,outputs/dude_docking_public6_v0/work/docking/adrb2/active_00000/pose.pdbqt,outputs/dude_docking_public6_v0/work/docking/adrb2/active_00000/ligand.pdbqt
adrb2,active,1,CHEMBL99718,success,-7.864,31.0,3.5932583808898926,8.03664493560791,53.813072204589844,3.8499663369512493,2.4454479217529297,30.0,0.0,0.0,outputs/dude_docking_public6_v0/work/docking/adrb2/active_00001/pose.pdbqt,outputs/dude_docking_public6_v0/work/docking/adrb2/active_00001/ligand.pdbqt
adrb2,active,2,CHEMBL99718,success,-7.76,32.0,3.9997494220733643,8.73421859741211,54.5080680847168,4.900151630797739,1.911684513092041,28.0,0.0,0.0,outputs/dude_docking_public6_v0/work/docking/adrb2/active_00002/pose.pdbqt,outputs/dude_docking_public6_v0/work/docking/adrb2/active_00002/ligand.pdbqt
adrb2,active,3,CHEMBL99718,success,-7.932,31.0,2.791774034500122,7.0233235359191895,52.74338912963867,2.265364655776914,1.8631932735443115,31.0,0.0,0.0,outputs/dude_docking_public6_v0/work/docking/adrb2/active_00003/pose.pdbqt,outputs/dude_docking_public6_v0/work/docking/adrb2/active_00003/ligand.pdbqt
adrb2,active,4,CHEMBL307647,success,-6.774,25.0,6.538959503173828,9.660399436950684,59.076602935791016,9.613830357072361,2.640866756439209,19.0,0.0,0.0,outputs/dude_docking_public6_v0/work/docking/adrb2/active_00004/pose.pdbqt,outputs/dude_docking_public6_v0/work/docking/adrb2/active_00004/ligand.pdbqt
adrb2,active,5,CHEMBL307647,success,-6.791,26.0,6.55369234085083,9.802229881286621,58.96057891845703,9.60307397878525,2.6360385417938232,20.0,0.0,0.0,outputs/dude_docking_public6_v0/work/docking/adrb2/active_00005/pose.pdbqt,outputs/dude_docking_public6_v0/work/docking/adrb2/active_00005/ligand.pdbqt
adrb2,active,6,CHEMBL307647,success,-6.777,25.0,6.606080532073975,9.803559303283691,59.10511779785156,9.734888365978286,2.6001758575439453,19.0,0.0,0.0,outputs/dude_docking_public6_v0/work/docking/adrb2/active_00006/pose.pdbqt,outputs/dude_docking_public6_v0/work/docking/adrb2/active_00006/ligand.pdbqt
adrb2,active,7,CHEMBL307647,success,-6.781,24.0,6.596166610717773,9.63204288482666,59.174835205078125,9.700049690307768,2.6298232078552246,18.0,0.0,0.0,outputs/dude_docking_public6_v0/work/docking/adrb2/active_00007/pose.pdbqt,outputs/dude_docking_public6_v0/work/docking/adrb2/active_00007/ligand.pdbqt
adrb2,active,8,CHEMBL307647,success,-7.108,25.0,3.4721200466156006,8.239120483398438,54.698402404785156,4.480522356687826,2.8885014057159424,25.0,0.0,0.0,outputs/dude_docking_public6_v0/work/docking/adrb2/active_00008/pose.pdbqt,outputs/dude_docking_public6_v0/work/docking/adrb2/active_00008/ligand.pdbqt
adrb2,active,9,CHEMBL307647,success,-7.102,24.0,3.5720832347869873,8.274750709533691,54.67695999145508,4.520650027862648,2.9106619358062744,23.0,0.0,0.0,outputs/dude_docking_public6_v0/work/docking/adrb2/active_00009/pose.pdbqt,outputs/dude_docking_public6_v0/work/docking/adrb2/active_00009/ligand.pdbqt
adrb2,active,10,CHEMBL307647,success,-7.09,26.0,5.342923164367676,8.563922882080078,57.55680847167969,7.410305628248998,1.9521697759628296,23.0,0.0,0.0,outputs/dude_docking_public6_v0/work/docking/adrb2/active_00010/pose.pdbqt,outputs/dude_docking_public6_v0/work/docking/adrb2/active_00010/ligand.pdbqt
adrb2,active,11,CHEMBL307647,success,-7.067,25.0,5.302239894866943,8.569479942321777,57.543521881103516,7.385817525817373,1.948466181755066,22.0,0.0,0.0,outputs/dude_docking_public6_v0/work/docking/adrb2/active_00011/pose.pdbqt,outputs/dude_docking_public6_v0/work/docking/adrb2/active_00011/ligand.pdbqt
adrb2,active,12,CHEMBL183552,success,-11.9,44.0,4.478569030761719,5.875204086303711,55.84737777709961,4.673168078178205,2.1523730754852295,44.0,0.0,0.0,outputs/dude_docking_public6_v0/work/docking/adrb2/active_00012/pose.pdbqt,outputs/dude_docking_public6_v0/work/docking/adrb2/active_00012/ligand.pdbqt
adrb2,active,13,CHEMBL387852,success,-8.448,29.0,2.284827709197998,4.8550004959106445,52.418582916259766,0.6158433317162851,2.5880258083343506,29.0,0.0,0.0,outputs/dude_docking_public6_v0/work/docking/adrb2/active_00013/pose.pdbqt,outputs/dude_docking_public6_v0/work/docking/adrb2/active_00013/ligand.pdbqt
adrb2,active,14,CHEMBL1078496,success,-10.01,38.0,4.331500053405762,8.849710464477539,55.14152526855469,5.472512683852989,2.412998676300049,32.0,0.0,0.0,outputs/dude_docking_public6_v0/work/docking/adrb2/active_00014/pose.pdbqt,outputs/dude_docking_public6_v0/work/docking/adrb2/active_00014/ligand.pdbqt
adrb2,active,15,CHEMBL182708,success,-10.76,41.0,3.877122402191162,7.6155619621276855,54.73582077026367,4.221253370119151,1.9702062606811523,39.0,0.0,0.0,outputs/dude_docking_public6_v0/work/docking/adrb2/active_00015/pose.pdbqt,outputs/dude_docking_public6_v0/work/docking/adrb2/active_00015/ligand.pdbqt
adrb2,active,16,CHEMBL299175,success,-8.501,29.0,2.167999744415283,5.712310791015625,52.676727294921875,1.0980670684178135,2.353426456451416,29.0,0.0,0.0,outputs/dude_docking_public6_v0/work/docking/adrb2/active_00016/pose.pdbqt,outputs/dude_docking_public6_v0/work/docking/adrb2/active_00016/ligand.pdbqt
adrb2,active,17,CHEMBL299175,success,-8.502,28.0,2.130392551422119,5.702179431915283,52.71786117553711,1.127574976487838,2.591045379638672,28.0,0.0,0.0,outputs/dude_docking_public6_v0/work/docking/adrb2/active_00017/pose.pdbqt,outputs/dude_docking_public6_v0/work/docking/adrb2/active_00017/ligand.pdbqt
adrb2,active,18,CHEMBL299175,success,-8.086,29.0,2.104931116104126,6.384724140167236,53.189788818359375,1.9328288038529693,1.9500900506973267,29.0,0.0,0.0,outputs/dude_docking_public6_v0/work/docking/adrb2/active_00018/pose.pdbqt,outputs/dude_docking_public6_v0/work/docking/adrb2/active_00018/ligand.pdbqt
adrb2,active,19,CHEMBL299175,success,-8.107,28.0,2.097464084625244,6.324499607086182,53.282066345214844,1.9590164306733722,1.950673222541809,28.0,0.0,0.0,outputs/dude_docking_public6_v0/work/docking/adrb2/active_00019/pose.pdbqt,outputs/dude_docking_public6_v0/work/docking/adrb2/active_00019/ligand.pdbqt
adrb2,active,20,CHEMBL236042,success,-11.27,45.0,4.386932849884033,5.862311363220215,55.693870544433594,4.495181778487965,1.6764469146728516,45.0,0.0,0.0,outputs/dude_docking_public6_v0/work/docking/adrb2/active_00020/pose.pdbqt,outputs/dude_docking_public6_v0/work/docking/adrb2/active_00020/ligand.pdbqt
adrb2,active,21,CHEMBL391006,success,-10.66,42.0,3.2843570709228516,6.071549415588379,54.39231491088867,2.956845371572504,1.7708464860916138,38.0,0.0,0.0,outputs/dude_docking_public6_v0/work/docking/adrb2/active_00021/pose.pdbqt,outputs/dude_docking_public6_v0/work/docking/adrb2/active_00021/ligand.pdbqt
adrb2,active,22,CHEMBL1077273,success,-10.52,34.0,3.3617348670959473,6.9939398765563965,53.16049575805664,2.6250693371449385,2.189730644226074,34.0,0.0,0.0,outputs/dude_docking_public6_v0/work/docking/adrb2/active_00022/pose.pdbqt,outputs/dude_docking_public6_v0/work/docking/adrb2/active_00022/ligand.pdbqt
adrb2,active,23,CHEMBL363325,success,-7.277,18.0,1.734944462776184,2.5634443759918213,51.43650817871094,2.5435292863796666,2.142068862915039,18.0,0.0,0.0,outputs/dude_docking_public6_v0/work/docking/adrb2/active_00023/pose.pdbqt,outputs/dude_docking_public6_v0/work/docking/adrb2/active_00023/ligand.pdbqt
adrb2,active,24,CHEMBL1083053,success,-11.39,38.0,3.329395055770874,7.389078140258789,54.0924186706543,3.448028371867794,2.725206136703491,35.0,0.0,0.0,outputs/dude_docking_public6_v0/work/docking/adrb2/active_00024/pose.pdbqt,outputs/dude_docking_public6_v0/work/docking/adrb2/active_00024/ligand.pdbqt
adrb2,active,25,CHEMBL1083053,success,-11.37,39.0,3.377973794937134,7.480282306671143,54.17367172241211,3.5791707751967747,2.6485843658447266,36.0,0.0,0.0,outputs/dude_docking_public6_v0/work/docking/adrb2/active_00025/pose.pdbqt,outputs/dude_docking_public6_v0/work/docking/adrb2/active_00025/ligand.pdbqt
adrb2,active,26,CHEMBL1083053,success,-11.51,39.0,3.5011799335479736,7.475103855133057,54.097930908203125,3.56752626083667,2.2896838188171387,37.0,0.0,0.0,outputs/dude_docking_public6_v0/work/docking/adrb2/active_00026/pose.pdbqt,outputs/dude_docking_public6_v0/work/docking/adrb2/active_00026/ligand.pdbqt
adrb2,active,27,CHEMBL1083053,success,-11.5,38.0,3.3410260677337646,7.367027759552002,54.10578918457031,3.4454204754545987,1.853136420249939,35.0,0.0,0.0,outputs/dude_docking_public6_v0/work/docking/adrb2/active_00027/pose.pdbqt,outputs/dude_docking_public6_v0/work/docking/adrb2/active_00027/ligand.pdbqt
adrb2,active,28,CHEMBL1083053,success,-11.48,39.0,3.3104357719421387,7.404897689819336,54.137569427490234,3.482852710536121,2.754077434539795,36.0,0.0,0.0,outputs/dude_docking_public6_v0/work/docking/adrb2/active_00028/pose.pdbqt,outputs/dude_docking_public6_v0/work/docking/adrb2/active_00028/ligand.pdbqt
adrb2,active,29,CHEMBL1083053,success,-11.57,39.0,3.422435760498047,7.44520378112793,54.05509948730469,3.4926543234288414,2.2579197883605957,36.0,0.0,0.0,outputs/dude_docking_public6_v0/work/docking/adrb2/active_00029/pose.pdbqt,outputs/dude_docking_public6_v0/work/docking/adrb2/active_00029/ligand.pdbqt
adrb2,decoy,0,ZINC09056123,success,-9.454,35.0,3.2277426719665527,6.514742374420166,53.4169807434082,2.3879853175338193,2.245961904525757,35.0,0.0,0.0,outputs/dude_docking_public6_v0/work/docking/adrb2/decoy_00000/pose.pdbqt,outputs/dude_docking_public6_v0/work/docking/adrb2/decoy_00000/ligand.pdbqt
adrb2,decoy,1,ZINC09724648,success,-9.342,34.0,4.067912578582764,7.474059581756592,53.987857818603516,3.737427478138358,2.4099271297454834,33.0,0.0,0.0,outputs/dude_docking_public6_v0/work/docking/adrb2/decoy_00001/pose.pdbqt,outputs/dude_docking_public6_v0/work/docking/adrb2/decoy_00001/ligand.pdbqt
adrb2,decoy,2,ZINC09969860,success,-9.049,37.0,4.953757286071777,7.609107971191406,57.69093704223633,6.9544544011801745,2.4629225730895996,35.0,0.0,0.0,outputs/dude_docking_public6_v0/work/docking/adrb2/decoy_00002/pose.pdbqt,outputs/dude_docking_public6_v0/work/docking/adrb2/decoy_00002/ligand.pdbqt
adrb2,decoy,3,ZINC10211758,success,-9.456,36.0,5.848055839538574,7.258555889129639,58.24991989135742,7.692187573628734,2.052105188369751,33.0,0.0,0.0,outputs/dude_docking_public6_v0/work/docking/adrb2/decoy_00003/pose.pdbqt,outputs/dude_docking_public6_v0/work/docking/adrb2/decoy_00003/ligand.pdbqt
adrb2,decoy,4,ZINC10211759,success,-9.741,36.0,4.768639087677002,7.897082805633545,56.835140228271484,6.29819885081291,2.262673854827881,35.0,0.0,0.0,outputs/dude_docking_public6_v0/work/docking/adrb2/decoy_00004/pose.pdbqt,outputs/dude_docking_public6_v0/work/docking/adrb2/decoy_00004/ligand.pdbqt
adrb2,decoy,5,ZINC11441389,success,-10.35,37.0,4.5627570152282715,7.44481086730957,55.97978973388672,5.33316707354437,2.2895660400390625,35.0,0.0,0.0,outputs/dude_docking_public6_v0/work/docking/adrb2/decoy_00005/pose.pdbqt,outputs/dude_docking_public6_v0/work/docking/adrb2/decoy_00005/ligand.pdbqt
adrb2,decoy,6,ZINC12522128,success,-9.247,32.0,3.6882808208465576,7.440343856811523,53.39990234375,3.2211728306658958,2.5249788761138916,31.0,0.0,0.0,outputs/dude_docking_public6_v0/work/docking/adrb2/decoy_00006/pose.pdbqt,outputs/dude_docking_public6_v0/work/docking/adrb2/decoy_00006/ligand.pdbqt
adrb2,decoy,7,ZINC03362898,success,-9.234,36.0,5.64461088180542,7.18744421005249,59.05445098876953,8.271554666763944,2.428795576095581,32.0,0.0,0.0,outputs/dude_docking_public6_v0/work/docking/adrb2/decoy_00007/pose.pdbqt,outputs/dude_docking_public6_v0/work/docking/adrb2/decoy_00007/ligand.pdbqt
adrb2,decoy,8,ZINC06245350,success,-10.12,36.0,4.6491379737854,7.276861190795898,56.71088790893555,5.888169537386217,1.8742932081222534,36.0,0.0,0.0,outputs/dude_docking_public6_v0/work/docking/adrb2/decoy_00008/pose.pdbqt,outputs/dude_docking_public6_v0/work/docking/adrb2/decoy_00008/ligand.pdbqt
adrb2,decoy,9,ZINC13117913,success,-9.633,39.0,4.733487129211426,8.45148754119873,57.09183883666992,6.754529291979711,2.5407814979553223,34.0,0.0,0.0,outputs/dude_docking_public6_v0/work/docking/adrb2/decoy_00009/pose.pdbqt,outputs/dude_docking_public6_v0/work/docking/adrb2/decoy_00009/ligand.pdbqt
adrb2,decoy,10,ZINC15123137,success,-9.388,37.0,4.470269680023193,8.752108573913574,56.57056427001953,6.428264506644617,2.3842084407806396,35.0,0.0,0.0,outputs/dude_docking_public6_v0/work/docking/adrb2/decoy_00010/pose.pdbqt,outputs/dude_docking_public6_v0/work/docking/adrb2/decoy_00010/ligand.pdbqt
adrb2,decoy,11,ZINC15848433,success,-9.698,34.0,3.656588315963745,8.115765571594238,53.62278366088867,3.841780191148931,2.204782247543335,34.0,0.0,0.0,outputs/dude_docking_public6_v0/work/docking/adrb2/decoy_00011/pose.pdbqt,outputs/dude_docking_public6_v0/work/docking/adrb2/decoy_00011/ligand.pdbqt
adrb2,decoy,12,ZINC16811033,success,-8.709,31.0,5.229742050170898,7.49277400970459,57.21583938598633,6.632929645790182,2.1007258892059326,29.0,0.0,0.0,outputs/dude_docking_public6_v0/work/docking/adrb2/decoy_00012/pose.pdbqt,outputs/dude_docking_public6_v0/work/docking/adrb2/decoy_00012/ligand.pdbqt
adrb2,decoy,13,ZINC16915966,success,-10.06,35.0,4.307799816131592,7.641172409057617,55.90993118286133,5.267369863541112,2.1100070476531982,34.0,0.0,0.0,outputs/dude_docking_public6_v0/work/docking/adrb2/decoy_00013/pose.pdbqt,outputs/dude_docking_public6_v0/work/docking/adrb2/decoy_00013/ligand.pdbqt
adrb2,decoy,14,ZINC20438155,success,-9.692,34.0,5.002176284790039,8.487442016601562,57.035797119140625,6.832922086661271,2.7981958389282227,34.0,0.0,0.0,outputs/dude_docking_public6_v0/work/docking/adrb2/decoy_00014/pose.pdbqt,outputs/dude_docking_public6_v0/work/docking/adrb2/decoy_00014/ligand.pdbqt
adrb2,decoy,15,ZINC20527456,success,-11.01,36.0,3.0300276279449463,7.22938871383667,52.85972595214844,2.5570406522063713,1.928378701210022,35.0,0.0,0.0,outputs/dude_docking_public6_v0/work/docking/adrb2/decoy_00015/pose.pdbqt,outputs/dude_docking_public6_v0/work/docking/adrb2/decoy_00015/ligand.pdbqt
adrb2,decoy,16,ZINC20905243,success,-10.97,37.0,4.576188564300537,6.960865020751953,55.74359893798828,4.9485891127274435,2.043037176132202,35.0,0.0,0.0,outputs/dude_docking_public6_v0/work/docking/adrb2/decoy_00016/pose.pdbqt,outputs/dude_docking_public6_v0/work/docking/adrb2/decoy_00016/ligand.pdbqt
adrb2,decoy,17,ZINC20923588,success,-10.35,34.0,5.00179386138916,8.092147827148438,57.06029510498047,6.660292765497823,1.8995602130889893,33.0,0.0,0.0,outputs/dude_docking_public6_v0/work/docking/adrb2/decoy_00017/pose.pdbqt,outputs/dude_docking_public6_v0/work/docking/adrb2/decoy_00017/ligand.pdbqt
adrb2,decoy,18,ZINC20973344,success,-8.067,38.0,3.6603686809539795,7.258817195892334,54.04787063598633,3.4511512933016886,2.6092541217803955,36.0,0.0,0.0,outputs/dude_docking_public6_v0/work/docking/adrb2/decoy_00018/pose.pdbqt,outputs/dude_docking_public6_v0/work/docking/adrb2/decoy_00018/ligand.pdbqt
adrb2,decoy,19,ZINC21321475,success,-9.714,34.0,3.09570574760437,6.9703521728515625,54.66664505004883,3.5449148158102113,2.2277042865753174,32.0,0.0,0.0,outputs/dude_docking_public6_v0/work/docking/adrb2/decoy_00019/pose.pdbqt,outputs/dude_docking_public6_v0/work/docking/adrb2/decoy_00019/ligand.pdbqt
adrb2,decoy,20,ZINC21323504,success,-9.954,34.0,3.018117666244507,7.4186177253723145,53.2746467590332,2.9018108017283817,1.6012306213378906,32.0,0.0,0.0,outputs/dude_docking_public6_v0/work/docking/adrb2/decoy_00020/pose.pdbqt,outputs/dude_docking_public6_v0/work/docking/adrb2/decoy_00020/ligand.pdbqt
adrb2,decoy,21,ZINC21328080,success,-9.587,35.0,5.425686359405518,8.145943641662598,57.81559753417969,7.46174714714876,1.8999037742614746,33.0,0.0,0.0,outputs/dude_docking_public6_v0/work/docking/adrb2/decoy_00021/pose.pdbqt,outputs/dude_docking_public6_v0/work/docking/adrb2/decoy_00021/ligand.pdbqt
adrb2,decoy,22,ZINC22089612,success,-8.898,37.0,4.765810966491699,9.051432609558105,56.819725036621094,6.889693801582458,2.7124640941619873,34.0,0.0,0.0,outputs/dude_docking_public6_v0/work/docking/adrb2/decoy_00022/pose.pdbqt,outputs/dude_docking_public6_v0/work/docking/adrb2/decoy_00022/ligand.pdbqt
adrb2,decoy,23,ZINC22181155,success,-9.414,32.0,4.0776872634887695,9.026344299316406,55.0924072265625,5.478916935340118,2.626527786254883,26.0,0.0,0.0,outputs/dude_docking_public6_v0/work/docking/adrb2/decoy_00023/pose.pdbqt,outputs/dude_docking_public6_v0/work/docking/adrb2/decoy_00023/ligand.pdbqt
adrb2,decoy,24,ZINC02654706,success,-10.31,35.0,3.911742687225342,7.3165717124938965,53.05565643310547,3.0852603729948616,1.9820395708084106,35.0,0.0,0.0,outputs/dude_docking_public6_v0/work/docking/adrb2/decoy_00024/pose.pdbqt,outputs/dude_docking_public6_v0/work/docking/adrb2/decoy_00024/ligand.pdbqt
adrb2,decoy,25,ZINC03367928,success,-7.921,32.0,5.097375392913818,7.317561626434326,58.101844787597656,7.261217626002705,1.3667995929718018,31.0,0.0,0.0,outputs/dude_docking_public6_v0/work/docking/adrb2/decoy_00025/pose.pdbqt,outputs/dude_docking_public6_v0/work/docking/adrb2/decoy_00025/ligand.pdbqt
adrb2,decoy,26,ZINC36184347,success,-9.915,35.0,3.044628620147705,6.776913642883301,53.286865234375,2.4153412602676005,2.5436737537384033,35.0,0.0,0.0,outputs/dude_docking_public6_v0/work/docking/adrb2/decoy_00026/pose.pdbqt,outputs/dude_docking_public6_v0/work/docking/adrb2/decoy_00026/ligand.pdbqt
adrb2,decoy,27,ZINC12485317,success,-9.05,36.0,5.072749137878418,8.85697078704834,57.17719268798828,7.160445857639726,2.0694665908813477,35.0,0.0,0.0,outputs/dude_docking_public6_v0/work/docking/adrb2/decoy_00027/pose.pdbqt,outputs/dude_docking_public6_v0/work/docking/adrb2/decoy_00027/ligand.pdbqt
adrb2,decoy,28,ZINC38915308,success,-9.957,38.0,4.869842529296875,8.62502670288086,55.907989501953125,6.039356846616715,2.553231954574585,38.0,0.0,0.0,outputs/dude_docking_public6_v0/work/docking/adrb2/decoy_00028/pose.pdbqt,outputs/dude_docking_public6_v0/work/docking/adrb2/decoy_00028/ligand.pdbqt
adrb2,decoy,29,ZINC39252482,success,-10.56,35.0,2.591371536254883,7.0670576095581055,53.944175720214844,2.9625914565700313,2.0281472206115723,35.0,0.0,0.0,outputs/dude_docking_public6_v0/work/docking/adrb2/decoy_00029/pose.pdbqt,outputs/dude_docking_public6_v0/work/docking/adrb2/decoy_00029/ligand.pdbqt
bace1,active,0,CHEMBL253799,success,-7.773,49.0,19.524940490722656,13.65665340423584,20.022001266479492,5.624818286219043,2.5603976249694824,36.0,0.0,0.0,outputs/dude_docking_public6_v0/work/docking/bace1/active_00000/pose.pdbqt,outputs/dude_docking_public6_v0/work/docking/bace1/active_00000/ligand.pdbqt
bace1,active,1,CHEMBL272718,success,-7.247,39.0,21.292078018188477,11.187715530395508,22.102664947509766,3.234900291280779,2.2899434566497803,34.0,0.0,0.0,outputs/dude_docking_public6_v0/work/docking/bace1/active_00001/pose.pdbqt,outputs/dude_docking_public6_v0/work/docking/bace1/active_00001/ligand.pdbqt
bace1,active,2,CHEMBL272718,success,-7.261,39.0,21.774412155151367,11.832999229431152,22.283536911010742,2.642614641184474,2.3257110118865967,35.0,0.0,0.0,outputs/dude_docking_public6_v0/work/docking/bace1/active_00002/pose.pdbqt,outputs/dude_docking_public6_v0/work/docking/bace1/active_00002/ligand.pdbqt
bace1,active,3,CHEMBL272719,success,-7.396,41.0,20.968929290771484,11.396585464477539,22.86292839050293,3.5455423187638284,1.6447153091430664,38.0,0.0,0.0,outputs/dude_docking_public6_v0/work/docking/bace1/active_00003/pose.pdbqt,outputs/dude_docking_public6_v0/work/docking/bace1/active_00003/ligand.pdbqt
bace1,active,4,CHEMBL272719,success,-7.71,40.0,20.963552474975586,11.335176467895508,22.604677200317383,3.529802420989784,2.3222110271453857,38.0,0.0,0.0,outputs/dude_docking_public6_v0/work/docking/bace1/active_00004/pose.pdbqt,outputs/dude_docking_public6_v0/work/docking/bace1/active_00004/ligand.pdbqt
bace1,active,5,CHEMBL272719,success,-7.235,40.0,21.802303314208984,11.388175010681152,22.15227508544922,2.6888201805154677,2.0945396423339844,38.0,0.0,0.0,outputs/dude_docking_public6_v0/work/docking/bace1/active_00005/pose.pdbqt,outputs/dude_docking_public6_v0/work/docking/bace1/active_00005/ligand.pdbqt
bace1,active,6,CHEMBL272719,success,-7.667,41.0,20.699073791503906,11.357511520385742,22.88104820251465,3.8174488803416193,2.100456953048706,40.0,0.0,0.0,outputs/dude_docking_public6_v0/work/docking/bace1/active_00006/pose.pdbqt,outputs/dude_docking_public6_v0/work/docking/bace1/active_00006/ligand.pdbqt
bace1,active,7,CHEMBL1209054,success,-7.42,39.0,20.14992904663086,10.785358428955078,22.038692474365234,4.445087112130993,2.3127365112304688,35.0,0.0,0.0,outputs/dude_docking_public6_v0/work/docking/bace1/active_00007/pose.pdbqt,outputs/dude_docking_public6_v0/work/docking/bace1/active_00007/ligand.pdbqt
bace1,active,8,CHEMBL564530,success,-6.32,45.0,21.171934127807617,12.178688049316406,20.035930633544922,3.946833425773407,2.3312158584594727,37.0,0.0,0.0,outputs/dude_docking_public6_v0/work/docking/bace1/active_00008/pose.pdbqt,outputs/dude_docking_public6_v0/work/docking/bace1/active_00008/ligand.pdbqt
bace1,active,9,CHEMBL564530,success,-6.311,44.0,20.856931686401367,12.060044288635254,20.188297271728516,4.127025718742735,1.9033293724060059,35.0,0.0,0.0,outputs/dude_docking_public6_v0/work/docking/bace1/active_00009/pose.pdbqt,outputs/dude_docking_public6_v0/work/docking/bace1/active_00009/ligand.pdbqt
bace1,active,10,CHEMBL402576,success,-8.954,39.0,19.4744873046875,11.411332130432129,23.459125518798828,5.109801377541747,2.4593613147735596,35.0,0.0,0.0,outputs/dude_docking_public6_v0/work/docking/bace1/active_00010/pose.pdbqt,outputs/dude_docking_public6_v0/work/docking/bace1/active_00010/ligand.pdbqt
bace1,active,11,CHEMBL402576,success,-8.59,39.0,18.98023223876953,12.299256324768066,23.368873596191406,5.542331175949181,2.652585744857788,31.0,0.0,0.0,outputs/dude_docking_public6_v0/work/docking/bace1/active_00011/pose.pdbqt,outputs/dude_docking_public6_v0/work/docking/bace1/active_00011/ligand.pdbqt
bace1,active,12,CHEMBL316181,success,-7.363,49.0,21.105083465576172,11.404509544372559,22.098203659057617,3.3687496569937703,2.1101932525634766,41.0,0.0,0.0,outputs/dude_docking_public6_v0/work/docking/bace1/active_00012/pose.pdbqt,outputs/dude_docking_public6_v0/work/docking/bace1/active_00012/ligand.pdbqt
bace1,active,13,CHEMBL598290,success,-9.389,34.0,23.10735511779785,11.119207382202148,20.706233978271484,2.2428345184504854,1.9417681694030762,32.0,0.0,0.0,outputs/dude_docking_public6_v0/work/docking/bace1/active_00013/pose.pdbqt,outputs/dude_docking_public6_v0/work/docking/bace1/active_00013/ligand.pdbqt
bace1,active,14,CHEMBL598290,success,-9.437,34.0,23.19385528564453,11.090912818908691,20.677499771118164,2.2263533978537695,1.9611817598342896,33.0,0.0,0.0,outputs/dude_docking_public6_v0/work/docking/bace1/active_00014/pose.pdbqt,outputs/dude_docking_public6_v0/work/docking/bace1/active_00014/ligand.pdbqt
bace1,active,15,CHEMBL272700,success,-8.011,45.0,20.501800537109375,11.2778902053833,21.632888793945312,4.033321213880907,1.3388715982437134,38.0,0.0,0.0,outputs/dude_docking_public6_v0/work/docking/bace1/active_00015/pose.pdbqt,outputs/dude_docking_public6_v0/work/docking/bace1/active_00015/ligand.pdbqt
bace1,active,16,CHEMBL312058,success,-7.282,49.0,21.507122039794922,11.280468940734863,22.25589370727539,2.998125755790937,2.0071213245391846,42.0,0.0,0.0,outputs/dude_docking_public6_v0/work/docking/bace1/active_00016/pose.pdbqt,outputs/dude_docking_public6_v0/work/docking/bace1/active_00016/ligand.pdbqt
bace1,active,17,CHEMBL190346,success,-5.939,23.0,23.28339195251465,11.24065113067627,22.31121826171875,1.3760785183159374,2.2624640464782715,23.0,0.0,0.0,outputs/dude_docking_public6_v0/work/docking/bace1/active_00017/pose.pdbqt,outputs/dude_docking_public6_v0/work/docking/bace1/active_00017/ligand.pdbqt
bace1,active,18,CHEMBL1096683,success,-8.125,43.0,20.70241928100586,11.754998207092285,22.772113800048828,3.7487829532411565,2.079012155532837,38.0,0.0,0.0,outputs/dude_docking_public6_v0/work/docking/bace1/active_00018/pose.pdbqt,outputs/dude_docking_public6_v0/work/docking/bace1/active_00018/ligand.pdbqt
bace1,active,19,CHEMBL429666,success,-6.116,46.0,18.736719131469727,11.72912883758545,22.943675994873047,5.718575616542126,2.2275123596191406,37.0,0.0,0.0,outputs/dude_docking_public6_v0/work/docking/bace1/active_00019/pose.pdbqt,outputs/dude_docking_public6_v0/work/docking/bace1/active_00019/ligand.pdbqt
bace1,active,20,CHEMBL370043,success,-7.801,42.0,21.273618698120117,10.837809562683105,22.095233917236328,3.360869877013899,2.2135894298553467,42.0,0.0,0.0,outputs/dude_docking_public6_v0/work/docking/bace1/active_00020/pose.pdbqt,outputs/dude_docking_public6_v0/work/docking/bace1/active_00020/ligand.pdbqt
bace1,active,21,CHEMBL370043,success,-7.349,43.0,22.526626586914062,12.332279205322266,21.664859771728516,2.0062386905309646,1.8918253183364868,35.0,0.0,0.0,outputs/dude_docking_public6_v0/work/docking/bace1/active_00021/pose.pdbqt,outputs/dude_docking_public6_v0/work/docking/bace1/active_00021/ligand.pdbqt
bace1,active,22,CHEMBL539436,success,-6.46,48.0,20.9378719329834,12.457793235778809,20.48443603515625,3.935599794900299,2.275712490081787,38.0,0.0,0.0,outputs/dude_docking_public6_v0/work/docking/bace1/active_00022/pose.pdbqt,outputs/dude_docking_public6_v0/work/docking/bace1/active_00022/ligand.pdbqt
bace1,active,23,CHEMBL1097340,success,-7.508,44.0,18.993227005004883,11.59749984741211,23.034957885742188,5.484744200922699,2.148184061050415,42.0,0.0,0.0,outputs/dude_docking_public6_v0/work/docking/bace1/active_00023/pose.pdbqt,outputs/dude_docking_public6_v0/work/docking/bace1/active_00023/ligand.pdbqt
bace1,active,24,CHEMBL1097340,success,-7.447,45.0,22.69691276550293,12.149088859558105,22.690845489501953,1.7632966285951814,1.868900179862976,42.0,0.0,0.0,outputs/dude_docking_public6_v0/work/docking/bace1/active_00024/pose.pdbqt,outputs/dude_docking_public6_v0/work/docking/bace1/active_00024/ligand.pdbqt
bace1,active,25,CHEMBL570556,success,-6.909,38.0,21.023685455322266,11.690397262573242,21.900634765625,3.4250115267174484,2.2592661380767822,34.0,0.0,0.0,outputs/dude_docking_public6_v0/work/docking/bace1/active_00025/pose.pdbqt,outputs/dude_docking_public6_v0/work/docking/bace1/active_00025/ligand.pdbqt
bace1,active,26,CHEMBL271914,success,-8.347,41.0,20.924997329711914,11.558268547058105,22.94026756286621,3.5764429088098293,2.6122279167175293,39.0,0.0,0.0,outputs/dude_docking_public6_v0/work/docking/bace1/active_00026/pose.pdbqt,outputs/dude_docking_public6_v0/work/docking/bace1/active_00026/ligand.pdbqt
bace1,active,27,CHEMBL271914,success,-8.249,41.0,20.410825729370117,11.476512908935547,22.737655639648438,4.061961772286192,2.4554009437561035,40.0,0.0,0.0,outputs/dude_docking_public6_v0/work/docking/bace1/active_00027/pose.pdbqt,outputs/dude_docking_public6_v0/work/docking/bace1/active_00027/ligand.pdbqt
bace1,active,28,CHEMBL558078,success,-5.846,40.0,20.78432846069336,11.55162525177002,22.125,3.6604716770189127,2.176515579223633,37.0,0.0,0.0,outputs/dude_docking_public6_v0/work/docking/bace1/active_00028/pose.pdbqt,outputs/dude_docking_public6_v0/work/docking/bace1/active_00028/ligand.pdbqt
bace1,active,29,CHEMBL558078,success,-6.22,41.0,20.770244598388672,12.176217079162598,20.163339614868164,4.216808275257207,2.3390064239501953,34.0,0.0,0.0,outputs/dude_docking_public6_v0/work/docking/bace1/active_00029/pose.pdbqt,outputs/dude_docking_public6_v0/work/docking/bace1/active_00029/ligand.pdbqt
bace1,decoy,0,ZINC01123976,success,-6.493,33.0,27.28636360168457,14.369424819946289,20.334365844726562,4.190672740622337,2.3691608905792236,28.0,0.0,0.0,outputs/dude_docking_public6_v0/work/docking/bace1/decoy_00000/pose.pdbqt,outputs/dude_docking_public6_v0/work/docking/bace1/decoy_00000/ligand.pdbqt
bace1,decoy,1,ZINC08444221,success,-6.906,39.0,21.302127838134766,12.503076553344727,20.604228973388672,3.5658523167070064,2.219388484954834,25.0,0.0,0.0,outputs/dude_docking_public6_v0/work/docking/bace1/decoy_00001/pose.pdbqt,outputs/dude_docking_public6_v0/work/docking/bace1/decoy_00001/ligand.pdbqt
bace1,decoy,2,ZINC08444232,success,-7.282,38.0,19.972156524658203,11.357157707214355,23.17226219177246,4.574527418744195,2.2877073287963867,34.0,0.0,0.0,outputs/dude_docking_public6_v0/work/docking/bace1/decoy_00002/pose.pdbqt,outputs/dude_docking_public6_v0/work/docking/bace1/decoy_00002/ligand.pdbqt
bace1,decoy,3,ZINC06143650,success,-8.635,35.0,19.200000762939453,11.797085762023926,24.566715240478516,5.690836315793629,2.213529586791992,31.0,0.0,0.0,outputs/dude_docking_public6_v0/work/docking/bace1/decoy_00003/pose.pdbqt,outputs/dude_docking_public6_v0/work/docking/bace1/decoy_00003/ligand.pdbqt
bace1,decoy,4,ZINC03664815,success,-6.318,37.0,27.224246978759766,14.122944831848145,21.902753829956055,3.528022470571676,2.0577542781829834,34.0,0.0,0.0,outputs/dude_docking_public6_v0/work/docking/bace1/decoy_00004/pose.pdbqt,outputs/dude_docking_public6_v0/work/docking/bace1/decoy_00004/ligand.pdbqt
bace1,decoy,5,ZINC00720714,success,-6.141,37.0,20.73248863220215,13.879297256469727,25.450862884521484,5.190249588027344,1.4347060918807983,31.0,0.0,0.0,outputs/dude_docking_public6_v0/work/docking/bace1/decoy_00005/pose.pdbqt,outputs/dude_docking_public6_v0/work/docking/bace1/decoy_00005/ligand.pdbqt
bace1,decoy,6,ZINC09328122,success,-6.997,34.0,27.962709426879883,13.851235389709473,20.94506072998047,4.212132388741672,2.0726006031036377,31.0,0.0,0.0,outputs/dude_docking_public6_v0/work/docking/bace1/decoy_00006/pose.pdbqt,outputs/dude_docking_public6_v0/work/docking/bace1/decoy_00006/ligand.pdbqt
bace1,decoy,7,ZINC02914641,success,-7.579,32.0,20.539752960205078,11.841656684875488,24.44384765625,4.43370985612908,2.165170192718506,31.0,0.0,0.0,outputs/dude_docking_public6_v0/work/docking/bace1/decoy_00007/pose.pdbqt,outputs/dude_docking_public6_v0/work/docking/bace1/decoy_00007/ligand.pdbqt
bace1,decoy,8,ZINC09805239,success,-7.06,37.0,21.033618927001953,11.396838188171387,21.632892608642578,3.4970001394867114,2.5863406658172607,30.0,0.0,0.0,outputs/dude_docking_public6_v0/work/docking/bace1/decoy_00008/pose.pdbqt,outputs/dude_docking_public6_v0/work/docking/bace1/decoy_00008/ligand.pdbqt
bace1,decoy,9,ZINC13548651,success,-7.978,30.0,22.441064834594727,10.934067726135254,20.487401962280273,2.884754977246281,1.6932036876678467,27.0,0.0,0.0,outputs/dude_docking_public6_v0/work/docking/bace1/decoy_00009/pose.pdbqt,outputs/dude_docking_public6_v0/work/docking/bace1/decoy_00009/ligand.pdbqt
bace1,decoy,10,ZINC14467217,success,-6.015,36.0,19.73036003112793,11.643306732177734,23.271663665771484,4.797134158910068,2.012876510620117,30.0,0.0,0.0,outputs/dude_docking_public6_v0/work/docking/bace1/decoy_00010/pose.pdbqt,outputs/dude_docking_public6_v0/work/docking/bace1/decoy_00010/ligand.pdbqt
bace1,decoy,11,ZINC14467307,success,-8.135,33.0,21.911245346069336,10.742059707641602,20.855209350585938,3.155482728766298,1.8835742473602295,31.0,0.0,0.0,outputs/dude_docking_public6_v0/work/docking/bace1/decoy_00011/pose.pdbqt,outputs/dude_docking_public6_v0/work/docking/bace1/decoy_00011/ligand.pdbqt
bace1,decoy,12,ZINC14544790,success,-8.541,37.0,22.95267677307129,12.800025939941406,19.666675567626953,3.0962810150684734,2.160011053085327,28.0,0.0,0.0,outputs/dude_docking_public6_v0/work/docking/bace1/decoy_00012/pose.pdbqt,outputs/dude_docking_public6_v0/work/docking/bace1/decoy_00012/ligand.pdbqt
bace1,decoy,13,ZINC14544794,success,-8.872,37.0,22.709732055664062,12.564053535461426,19.751216888427734,3.1000842079926767,2.1536667346954346,30.0,0.0,0.0,outputs/dude_docking_public6_v0/work/docking/bace1/decoy_00013/pose.pdbqt,outputs/dude_docking_public6_v0/work/docking/bace1/decoy_00013/ligand.pdbqt
bace1,decoy,14,ZINC14547736,success,-9.076,37.0,20.46780776977539,11.839781761169434,19.835487365722656,4.6465741599260175,1.3802059888839722,29.0,0.0,0.0,outputs/dude_docking_public6_v0/work/docking/bace1/decoy_00014/pose.pdbqt,outputs/dude_docking_public6_v0/work/docking/bace1/decoy_00014/ligand.pdbqt
bace1,decoy,15,ZINC14547753,success,-8.634,37.0,23.302377700805664,12.652161598205566,19.568811416625977,3.001240824392006,2.087387800216675,33.0,0.0,0.0,outputs/dude_docking_public6_v0/work/docking/bace1/decoy_00015/pose.pdbqt,outputs/dude_docking_public6_v0/work/docking/bace1/decoy_00015/ligand.pdbqt
bace1,decoy,16,ZINC14547755,success,-8.353,37.0,18.37521743774414,11.1287841796875,23.174379348754883,6.165455500965602,2.3801186084747314,35.0,0.0,0.0,outputs/dude_docking_public6_v0/work/docking/bace1/decoy_00016/pose.pdbqt,outputs/dude_docking_public6_v0/work/docking/bace1/decoy_00016/ligand.pdbqt
bace1,decoy,17,ZINC14547954,success,-9.354,39.0,22.682100296020508,11.870051383972168,19.77235984802246,3.0561791050696123,2.53155779838562,36.0,0.0,0.0,outputs/dude_docking_public6_v0/work/docking/bace1/decoy_00017/pose.pdbqt,outputs/dude_docking_public6_v0/work/docking/bace1/decoy_00017/ligand.pdbqt
bace1,decoy,18,ZINC17135925,success,-7.204,37.0,22.22975730895996,12.368244171142578,21.763378143310547,2.2673625853924673,2.5762522220611572,26.0,0.0,0.0,outputs/dude_docking_public6_v0/work/docking/bace1/decoy_00018/pose.pdbqt,outputs/dude_docking_public6_v0/work/docking/bace1/decoy_00018/ligand.pdbqt
bace1,decoy,19,ZINC18200711,success,-7.726,39.0,22.36781883239746,13.30148696899414,19.84048843383789,3.431431584455964,2.2177305221557617,26.0,0.0,0.0,outputs/dude_docking_public6_v0/work/docking/bace1/decoy_00019/pose.pdbqt,outputs/dude_docking_public6_v0/work/docking/bace1/decoy_00019/ligand.pdbqt
bace1,decoy,20,ZINC20751458,success,-8.475,37.0,18.09483528137207,12.126973152160645,24.479915618896484,6.684937352982859,1.4466859102249146,35.0,0.0,0.0,outputs/dude_docking_public6_v0/work/docking/bace1/decoy_00020/pose.pdbqt,outputs/dude_docking_public6_v0/work/docking/bace1/decoy_00020/ligand.pdbqt
bace1,decoy,21,ZINC20751681,success,-6.201,38.0,23.138158798217773,12.897236824035645,19.86652374267578,2.869133330902755,2.0686423778533936,29.0,0.0,0.0,outputs/dude_docking_public6_v0/work/docking/bace1/decoy_00021/pose.pdbqt,outputs/dude_docking_public6_v0/work/docking/bace1/decoy_00021/ligand.pdbqt
bace1,decoy,22,ZINC21250556,success,-7.185,39.0,20.232540130615234,11.38269329071045,21.834638595581055,4.251347532493995,2.3148813247680664,36.0,0.0,0.0,outputs/dude_docking_public6_v0/work/docking/bace1/decoy_00022/pose.pdbqt,outputs/dude_docking_public6_v0/work/docking/bace1/decoy_00022/ligand.pdbqt
bace1,decoy,23,ZINC16662114,success,-7.815,36.0,20.682554244995117,11.430082321166992,20.948307037353516,4.005948045767802,1.9016597270965576,32.0,0.0,0.0,outputs/dude_docking_public6_v0/work/docking/bace1/decoy_00023/pose.pdbqt,outputs/dude_docking_public6_v0/work/docking/bace1/decoy_00023/ligand.pdbqt
bace1,decoy,24,ZINC17220638,success,-8.214,36.0,22.20108413696289,10.998943328857422,21.89221954345703,2.4697495678820305,2.016167640686035,31.0,0.0,0.0,outputs/dude_docking_public6_v0/work/docking/bace1/decoy_00024/pose.pdbqt,outputs/dude_docking_public6_v0/work/docking/bace1/decoy_00024/ligand.pdbqt
bace1,decoy,25,ZINC35930049,success,-8.421,36.0,21.366971969604492,13.160750389099121,19.654193878173828,4.1799971731679495,2.740724563598633,24.0,0.0,0.0,outputs/dude_docking_public6_v0/work/docking/bace1/decoy_00025/pose.pdbqt,outputs/dude_docking_public6_v0/work/docking/bace1/decoy_00025/ligand.pdbqt
bace1,decoy,26,ZINC36559262,success,-9.342,38.0,20.82331657409668,11.243184089660645,21.215763092041016,3.8252445632806524,2.366014242172241,29.0,0.0,0.0,outputs/dude_docking_public6_v0/work/docking/bace1/decoy_00026/pose.pdbqt,outputs/dude_docking_public6_v0/work/docking/bace1/decoy_00026/ligand.pdbqt
bace1,decoy,27,ZINC01156877,success,-7.376,32.0,21.433216094970703,11.819875717163086,20.710561752319336,3.3753133164957227,2.7731382846832275,26.0,0.0,0.0,outputs/dude_docking_public6_v0/work/docking/bace1/decoy_00027/pose.pdbqt,outputs/dude_docking_public6_v0/work/docking/bace1/decoy_00027/ligand.pdbqt
bace1,decoy,28,ZINC38655698,success,-8.995,33.0,22.413299560546875,10.934362411499023,21.02466583251953,2.604756870690156,2.656876564025879,31.0,0.0,0.0,outputs/dude_docking_public6_v0/work/docking/bace1/decoy_00028/pose.pdbqt,outputs/dude_docking_public6_v0/work/docking/bace1/decoy_00028/ligand.pdbqt
bace1,decoy,29,ZINC38686932,success,-8.76,35.0,19.98151397705078,11.766084671020508,20.812368392944336,4.675095601369246,2.6124980449676514,27.0,0.0,0.0,outputs/dude_docking_public6_v0/work/docking/bace1/decoy_00029/pose.pdbqt,outputs/dude_docking_public6_v0/work/docking/bace1/decoy_00029/ligand.pdbqt
cp3a4,active,0,CHEMBL192850,success,-9.078,31.0,35.3600959777832,-16.973838806152344,28.921096801757812,2.517052308749665,2.9552855491638184,26.0,0.0,0.0,outputs/dude_docking_public6_v0/work/docking/cp3a4/active_00000/pose.pdbqt,outputs/dude_docking_public6_v0/work/docking/cp3a4/active_00000/ligand.pdbqt
cp3a4,active,1,CHEMBL192850,success,-9.111,31.0,35.373775482177734,-17.027549743652344,28.90196990966797,2.554647454889728,2.33493971824646,26.0,0.0,0.0,outputs/dude_docking_public6_v0/work/docking/cp3a4/active_00001/pose.pdbqt,outputs/dude_docking_public6_v0/work/docking/cp3a4/active_00001/ligand.pdbqt
cp3a4,active,2,CHEMBL501315,success,-11.64,45.0,36.46502685546875,-16.019224166870117,29.327821731567383,1.0916355497314076,1.8168091773986816,44.0,0.0,0.0,outputs/dude_docking_public6_v0/work/docking/cp3a4/active_00002/pose.pdbqt,outputs/dude_docking_public6_v0/work/docking/cp3a4/active_00002/ligand.pdbqt
cp3a4,active,3,CHEMBL252240,success,-11.4,45.0,36.4487419128418,-16.11293601989746,28.34371566772461,1.9090313767352265,1.408828854560852,39.0,0.0,0.0,outputs/dude_docking_public6_v0/work/docking/cp3a4/active_00003/pose.pdbqt,outputs/dude_docking_public6_v0/work/docking/cp3a4/active_00003/ligand.pdbqt
cp3a4,active,4,CHEMBL254080,success,-9.601,35.0,36.18368911743164,-16.274398803710938,29.021942138671875,1.5632910138244678,2.11796498298645,28.0,0.0,0.0,outputs/dude_docking_public6_v0/work/docking/cp3a4/active_00004/pose.pdbqt,outputs/dude_docking_public6_v0/work/docking/cp3a4/active_00004/ligand.pdbqt
cp3a4,active,5,CHEMBL1096789,success,-7.695,36.0,37.32164001464844,-17.10564422607422,28.60063934326172,2.381886177164721,2.5543947219848633,28.0,0.0,0.0,outputs/dude_docking_public6_v0/work/docking/cp3a4/active_00005/pose.pdbqt,outputs/dude_docking_public6_v0/work/docking/cp3a4/active_00005/ligand.pdbqt
cp3a4,active,6,CHEMBL596072,success,-10.82,40.0,34.055023193359375,-17.338848114013672,29.9424991607666,3.4824448368167467,1.2920572757720947,36.0,0.0,0.0,outputs/dude_docking_public6_v0/work/docking/cp3a4/active_00006/pose.pdbqt,outputs/dude_docking_public6_v0/work/docking/cp3a4/active_00006/ligand.pdbqt
cp3a4,active,7,CHEMBL180805,success,-8.453,29.0,38.3997917175293,-14.324309349060059,30.95882797241211,2.053744381238345,2.214595079421997,28.0,0.0,0.0,outputs/dude_docking_public6_v0/work/docking/cp3a4/active_00007/pose.pdbqt,outputs/dude_docking_public6_v0/work/docking/cp3a4/active_00007/ligand.pdbqt
cp3a4,active,8,CHEMBL180805,success,-8.033,28.0,37.872467041015625,-12.932357788085938,31.753999710083008,3.080410126222202,3.2155282497406006,25.0,0.0,0.0,outputs/dude_docking_public6_v0/work/docking/cp3a4/active_00008/pose.pdbqt,outputs/dude_docking_public6_v0/work/docking/cp3a4/active_00008/ligand.pdbqt
cp3a4,active,9,CHEMBL180805,success,-8.446,29.0,37.7740364074707,-13.789998054504395,31.65452003479004,2.3944305017191936,3.260890245437622,27.0,0.0,0.0,outputs/dude_docking_public6_v0/work/docking/cp3a4/active_00009/pose.pdbqt,outputs/dude_docking_public6_v0/work/docking/cp3a4/active_00009/ligand.pdbqt
cp3a4,active,10,CHEMBL180805,success,-8.473,28.0,37.917747497558594,-13.804678916931152,31.593427658081055,2.404873279870434,3.284158945083618,26.0,0.0,0.0,outputs/dude_docking_public6_v0/work/docking/cp3a4/active_00010/pose.pdbqt,outputs/dude_docking_public6_v0/work/docking/cp3a4/active_00010/ligand.pdbqt
cp3a4,active,11,CHEMBL180805,success,-8.812,29.0,38.194244384765625,-14.309792518615723,31.262723922729492,2.0783611717529813,2.1763722896575928,28.0,0.0,0.0,outputs/dude_docking_public6_v0/work/docking/cp3a4/active_00011/pose.pdbqt,outputs/dude_docking_public6_v0/work/docking/cp3a4/active_00011/ligand.pdbqt
cp3a4,active,12,CHEMBL180805,success,-8.706,28.0,38.26000213623047,-14.124893188476562,31.30046272277832,2.231085085476847,3.2352216243743896,27.0,0.0,0.0,outputs/dude_docking_public6_v0/work/docking/cp3a4/active_00012/pose.pdbqt,outputs/dude_docking_public6_v0/work/docking/cp3a4/active_00012/ligand.pdbqt
cp3a4,active,13,CHEMBL180805,success,-8.574,29.0,37.743350982666016,-13.058448791503906,31.83713722229004,2.9950540567050288,2.7600297927856445,28.0,0.0,0.0,outputs/dude_docking_public6_v0/work/docking/cp3a4/active_00013/pose.pdbqt,outputs/dude_docking_public6_v0/work/docking/cp3a4/active_00013/ligand.pdbqt
cp3a4,active,14,CHEMBL180805,success,-8.579,28.0,37.99335861206055,-13.159214973449707,31.735254287719727,2.948621259327468,3.1612143516540527,27.0,0.0,0.0,outputs/dude_docking_public6_v0/work/docking/cp3a4/active_00014/pose.pdbqt,outputs/dude_docking_public6_v0/work/docking/cp3a4/active_00014/ligand.pdbqt
cp3a4,active,15,CHEMBL596073,success,-9.618,40.0,35.08592224121094,-15.683774948120117,29.141300201416016,1.995218686284882,1.4554646015167236,36.0,0.0,0.0,outputs/dude_docking_public6_v0/work/docking/cp3a4/active_00015/pose.pdbqt,outputs/dude_docking_public6_v0/work/docking/cp3a4/active_00015/ligand.pdbqt
cp3a4,active,16,CHEMBL596290,success,-10.85,40.0,34.01625061035156,-17.24614906311035,29.94082260131836,3.4588692489073365,1.636393427848816,37.0,0.0,0.0,outputs/dude_docking_public6_v0/work/docking/cp3a4/active_00016/pose.pdbqt,outputs/dude_docking_public6_v0/work/docking/cp3a4/active_00016/ligand.pdbqt
cp3a4,active,17,CHEMBL1209842,success,-10.79,35.0,34.81471252441406,-14.538084983825684,32.42711639404297,3.2355445079508027,2.0566012859344482,33.0,0.0,0.0,outputs/dude_docking_public6_v0/work/docking/cp3a4/active_00017/pose.pdbqt,outputs/dude_docking_public6_v0/work/docking/cp3a4/active_00017/ligand.pdbqt
cp3a4,active,18,CHEMBL270271,success,-7.786,21.0,35.38733673095703,-19.737855911254883,29.468189239501953,4.754833175132991,2.7069320678710938,20.0,0.0,0.0,outputs/dude_docking_public6_v0/work/docking/cp3a4/active_00018/pose.pdbqt,outputs/dude_docking_public6_v0/work/docking/cp3a4/active_00018/ligand.pdbqt
cp3a4,active,19,CHEMBL270271,success,-7.649,21.0,35.9351921081543,-19.04752540588379,28.673145294189453,4.130737347289721,2.3047688007354736,18.0,0.0,0.0,outputs/dude_docking_public6_v0/work/docking/cp3a4/active_00019/pose.pdbqt,outputs/dude_docking_public6_v0/work/docking/cp3a4/active_00019/ligand.pdbqt
cp3a4,active,20,CHEMBL270271,success,-7.555,21.0,35.341522216796875,-19.764190673828125,29.341524124145508,4.809429464061529,2.7829928398132324,19.0,0.0,0.0,outputs/dude_docking_public6_v0/work/docking/cp3a4/active_00020/pose.pdbqt,outputs/dude_docking_public6_v0/work/docking/cp3a4/active_00020/ligand.pdbqt
cp3a4,active,21,CHEMBL270271,success,-7.6,21.0,37.2681884765625,-18.908618927001953,27.725425720214844,4.337741410797989,2.998708486557007,20.0,0.0,0.0,outputs/dude_docking_public6_v0/work/docking/cp3a4/active_00021/pose.pdbqt,outputs/dude_docking_public6_v0/work/docking/cp3a4/active_00021/ligand.pdbqt
cp3a4,active,22,CHEMBL549930,success,-10.29,38.0,35.548789978027344,-13.3226318359375,30.253684997558594,2.3208602847719138,2.799774646759033,38.0,0.0,0.0,outputs/dude_docking_public6_v0/work/docking/cp3a4/active_00022/pose.pdbqt,outputs/dude_docking_public6_v0/work/docking/cp3a4/active_00022/ligand.pdbqt
cp3a4,active,23,CHEMBL549930,success,-10.47,37.0,35.60554122924805,-13.324865341186523,30.030481338500977,2.2738863095826614,2.668926239013672,36.0,0.0,0.0,outputs/dude_docking_public6_v0/work/docking/cp3a4/active_00023/pose.pdbqt,outputs/dude_docking_public6_v0/work/docking/cp3a4/active_00023/ligand.pdbqt
cp3a4,active,24,CHEMBL549930,success,-10.74,38.0,35.608612060546875,-13.038342475891113,30.421630859375,2.5536664691480855,2.630890130996704,36.0,0.0,0.0,outputs/dude_docking_public6_v0/work/docking/cp3a4/active_00024/pose.pdbqt,outputs/dude_docking_public6_v0/work/docking/cp3a4/active_00024/ligand.pdbqt
cp3a4,active,25,CHEMBL549930,success,-10.64,37.0,36.409950256347656,-12.904864311218262,29.896728515625,2.374170918432322,2.5820233821868896,36.0,0.0,0.0,outputs/dude_docking_public6_v0/work/docking/cp3a4/active_00025/pose.pdbqt,outputs/dude_docking_public6_v0/work/docking/cp3a4/active_00025/ligand.pdbqt
cp3a4,active,26,CHEMBL570596,success,-8.682,22.0,33.87940979003906,-16.29186248779297,28.920997619628906,3.3147593944039015,2.603452682495117,21.0,0.0,0.0,outputs/dude_docking_public6_v0/work/docking/cp3a4/active_00026/pose.pdbqt,outputs/dude_docking_public6_v0/work/docking/cp3a4/active_00026/ligand.pdbqt
cp3a4,active,27,CHEMBL271121,success,-10.18,28.0,36.017356872558594,-19.248071670532227,28.877002716064453,4.241685427208554,2.385530710220337,27.0,0.0,0.0,outputs/dude_docking_public6_v0/work/docking/cp3a4/active_00027/pose.pdbqt,outputs/dude_docking_public6_v0/work/docking/cp3a4/active_00027/ligand.pdbqt
cp3a4,active,28,CHEMBL271240,success,-10.88,38.0,35.93008041381836,-16.737499237060547,29.839895248413086,1.7563675524915328,2.2171857357025146,34.0,0.0,0.0,outputs/dude_docking_public6_v0/work/docking/cp3a4/active_00028/pose.pdbqt,outputs/dude_docking_public6_v0/work/docking/cp3a4/active_00028/ligand.pdbqt
cp3a4,active,29,CHEMBL255460,success,-9.827,33.0,36.914485931396484,-18.049394607543945,28.435880661010742,3.2159314156139636,2.1498920917510986,32.0,0.0,0.0,outputs/dude_docking_public6_v0/work/docking/cp3a4/active_00029/pose.pdbqt,outputs/dude_docking_public6_v0/work/docking/cp3a4/active_00029/ligand.pdbqt
cp3a4,decoy,0,ZINC03846921,success,-9.456,23.0,37.351871490478516,-19.769651412963867,28.716262817382812,4.736769599297638,2.4060020446777344,23.0,0.0,0.0,outputs/dude_docking_public6_v0/work/docking/cp3a4/decoy_00000/pose.pdbqt,outputs/dude_docking_public6_v0/work/docking/cp3a4/decoy_00000/ligand.pdbqt
cp3a4,decoy,1,ZINC00368525,success,-7.468,18.0,36.82455825805664,-19.791276931762695,29.505056381225586,4.578822309645327,2.291274309158325,17.0,0.0,0.0,outputs/dude_docking_public6_v0/work/docking/cp3a4/decoy_00001/pose.pdbqt,outputs/dude_docking_public6_v0/work/docking/cp3a4/decoy_00001/ligand.pdbqt
cp3a4,decoy,2,ZINC04384876,success,-9.996,23.0,37.30421829223633,-19.929126739501953,29.346481323242188,4.758487295109347,2.3415417671203613,21.0,0.0,0.0,outputs/dude_docking_public6_v0/work/docking/cp3a4/decoy_00002/pose.pdbqt,outputs/dude_docking_public6_v0/work/docking/cp3a4/decoy_00002/ligand.pdbqt
cp3a4,decoy,3,ZINC04996204,success,-7.323,19.0,33.487579345703125,-17.252788543701172,30.067790985107422,3.905083617770247,2.5052034854888916,18.0,0.0,0.0,outputs/dude_docking_public6_v0/work/docking/cp3a4/decoy_00003/pose.pdbqt,outputs/dude_docking_public6_v0/work/docking/cp3a4/decoy_00003/ligand.pdbqt
cp3a4,decoy,4,ZINC05227511,success,-9.529,25.0,37.924522399902344,-19.043716430664062,27.79867935180664,4.527792215111664,3.056147336959839,25.0,0.0,0.0,outputs/dude_docking_public6_v0/work/docking/cp3a4/decoy_00004/pose.pdbqt,outputs/dude_docking_public6_v0/work/docking/cp3a4/decoy_00004/ligand.pdbqt
cp3a4,decoy,5,ZINC05556938,success,-8.729,23.0,33.3161735534668,-17.683956146240234,30.395174026489258,4.301374867802179,2.1635231971740723,23.0,0.0,0.0,outputs/dude_docking_public6_v0/work/docking/cp3a4/decoy_00005/pose.pdbqt,outputs/dude_docking_public6_v0/work/docking/cp3a4/decoy_00005/ligand.pdbqt
cp3a4,decoy,6,ZINC06526729,success,-7.594,20.0,34.9505500793457,-16.756549835205078,27.433547973632812,3.5236735293122576,2.9097342491149902,18.0,0.0,0.0,outputs/dude_docking_public6_v0/work/docking/cp3a4/decoy_00006/pose.pdbqt,outputs/dude_docking_public6_v0/work/docking/cp3a4/decoy_00006/ligand.pdbqt
cp3a4,decoy,7,ZINC03389185,success,-8.234,22.0,34.29986572265625,-15.680228233337402,32.93949890136719,3.9074267082318817,2.341094970703125,22.0,0.0,0.0,outputs/dude_docking_public6_v0/work/docking/cp3a4/decoy_00007/pose.pdbqt,outputs/dude_docking_public6_v0/work/docking/cp3a4/decoy_00007/ligand.pdbqt
cp3a4,decoy,8,ZINC09202440,success,-8.738,20.0,34.98280334472656,-19.72024917602539,28.58559799194336,5.049320280640935,2.317070245742798,20.0,0.0,0.0,outputs/dude_docking_public6_v0/work/docking/cp3a4/decoy_00008/pose.pdbqt,outputs/dude_docking_public6_v0/work/docking/cp3a4/decoy_00008/ligand.pdbqt
cp3a4,decoy,9,ZINC10156797,success,-9.84,24.0,37.046669006347656,-19.434877395629883,28.184289932250977,4.57573128585022,1.2319879531860352,24.0,0.0,0.0,outputs/dude_docking_public6_v0/work/docking/cp3a4/decoy_00009/pose.pdbqt,outputs/dude_docking_public6_v0/work/docking/cp3a4/decoy_00009/ligand.pdbqt
cp3a4,decoy,10,ZINC14662393,success,-8.998,23.0,34.620262145996094,-17.64038848876953,28.86469268798828,3.4559113110420836,2.4714534282684326,20.0,0.0,0.0,outputs/dude_docking_public6_v0/work/docking/cp3a4/decoy_00010/pose.pdbqt,outputs/dude_docking_public6_v0/work/docking/cp3a4/decoy_00010/ligand.pdbqt
cp3a4,decoy,11,ZINC16129061,success,-7.677,19.0,34.67426681518555,-11.455683708190918,33.50194549560547,5.590751422222481,2.1615989208221436,17.0,0.0,0.0,outputs/dude_docking_public6_v0/work/docking/cp3a4/decoy_00011/pose.pdbqt,outputs/dude_docking_public6_v0/work/docking/cp3a4/decoy_00011/ligand.pdbqt
cp3a4,decoy,12,ZINC20594227,success,-8.157,21.0,37.22371292114258,-18.779001235961914,27.3050479888916,4.464443052638272,3.332216739654541,21.0,0.0,0.0,outputs/dude_docking_public6_v0/work/docking/cp3a4/decoy_00012/pose.pdbqt,outputs/dude_docking_public6_v0/work/docking/cp3a4/decoy_00012/ligand.pdbqt
cp3a4,decoy,13,ZINC26686723,success,-9.759,23.0,37.03843688964844,-19.449045181274414,29.394607543945312,4.257934515387083,2.665245294570923,22.0,0.0,0.0,outputs/dude_docking_public6_v0/work/docking/cp3a4/decoy_00013/pose.pdbqt,outputs/dude_docking_public6_v0/work/docking/cp3a4/decoy_00013/ligand.pdbqt
cp3a4,decoy,14,ZINC31110592,success,-10.85,26.0,37.337650299072266,-19.80934715270996,29.52623176574707,4.622238669200153,2.620727300643921,24.0,0.0,0.0,outputs/dude_docking_public6_v0/work/docking/cp3a4/decoy_00014/pose.pdbqt,outputs/dude_docking_public6_v0/work/docking/cp3a4/decoy_00014/ligand.pdbqt
cp3a4,decoy,15,ZINC32610441,success,-7.745,19.0,34.77778625488281,-20.461105346679688,29.0049991607666,5.698862763521947,2.297703981399536,19.0,0.0,0.0,outputs/dude_docking_public6_v0/work/docking/cp3a4/decoy_00015/pose.pdbqt,outputs/dude_docking_public6_v0/work/docking/cp3a4/decoy_00015/ligand.pdbqt
cp3a4,decoy,16,ZINC32843561,success,-10.11,24.0,37.13349914550781,-19.951580047607422,29.592002868652344,4.739547267169644,2.3649210929870605,23.0,0.0,0.0,outputs/dude_docking_public6_v0/work/docking/cp3a4/decoy_00016/pose.pdbqt,outputs/dude_docking_public6_v0/work/docking/cp3a4/decoy_00016/ligand.pdbqt
cp3a4,decoy,17,ZINC35369646,success,-7.784,20.0,35.64824676513672,-18.035198211669922,26.982349395751953,4.278962461893794,2.79287052154541,20.0,0.0,0.0,outputs/dude_docking_public6_v0/work/docking/cp3a4/decoy_00017/pose.pdbqt,outputs/dude_docking_public6_v0/work/docking/cp3a4/decoy_00017/ligand.pdbqt
cp3a4,decoy,18,ZINC36922437,success,-8.943,22.0,36.00345230102539,-20.340272903442383,29.76177406311035,5.173604099450818,2.50492787361145,20.0,0.0,0.0,outputs/dude_docking_public6_v0/work/docking/cp3a4/decoy_00018/pose.pdbqt,outputs/dude_docking_public6_v0/work/docking/cp3a4/decoy_00018/ligand.pdbqt
cp3a4,decoy,19,ZINC37065047,success,-7.921,21.0,34.65161895751953,-18.223094940185547,27.818098068237305,4.290591691174793,2.1812665462493896,20.0,0.0,0.0,outputs/dude_docking_public6_v0/work/docking/cp3a4/decoy_00019/pose.pdbqt,outputs/dude_docking_public6_v0/work/docking/cp3a4/decoy_00019/ligand.pdbqt
cp3a4,decoy,20,ZINC37651079,success,-8.208,19.0,33.51410675048828,-18.308420181274414,30.51179313659668,4.549618103853794,2.3652050495147705,18.0,0.0,0.0,outputs/dude_docking_public6_v0/work/docking/cp3a4/decoy_00020/pose.pdbqt,outputs/dude_docking_public6_v0/work/docking/cp3a4/decoy_00020/ligand.pdbqt
cp3a4,decoy,21,ZINC00376123,success,-8.277,21.0,35.654571533203125,-17.420665740966797,26.9950008392334,3.893501407320804,3.158090829849243,20.0,0.0,0.0,outputs/dude_docking_public6_v0/work/docking/cp3a4/decoy_00021/pose.pdbqt,outputs/dude_docking_public6_v0/work/docking/cp3a4/decoy_00021/ligand.pdbqt
cp3a4,decoy,22,ZINC36695610,success,-7.914,22.0,34.10782241821289,-14.171819686889648,31.971912384033203,3.530387030276238,2.9246153831481934,19.0,0.0,0.0,outputs/dude_docking_public6_v0/work/docking/cp3a4/decoy_00022/pose.pdbqt,outputs/dude_docking_public6_v0/work/docking/cp3a4/decoy_00022/ligand.pdbqt
cp3a4,decoy,23,ZINC02549033,success,-8.718,22.0,35.384090423583984,-19.883955001831055,29.02386474609375,4.961961674543071,2.41757869720459,21.0,0.0,0.0,outputs/dude_docking_public6_v0/work/docking/cp3a4/decoy_00023/pose.pdbqt,outputs/dude_docking_public6_v0/work/docking/cp3a4/decoy_00023/ligand.pdbqt
cp3a4,decoy,24,ZINC00308339,success,-8.722,22.0,35.602725982666016,-19.599273681640625,28.864452362060547,4.669849155734689,2.15021014213562,20.0,0.0,0.0,outputs/dude_docking_public6_v0/work/docking/cp3a4/decoy_00024/pose.pdbqt,outputs/dude_docking_public6_v0/work/docking/cp3a4/decoy_00024/ligand.pdbqt
cp3a4,decoy,25,ZINC39523245,success,-7.708,20.0,38.47904968261719,-18.822650909423828,27.941844940185547,4.447148973673932,2.748692035675049,18.0,0.0,0.0,outputs/dude_docking_public6_v0/work/docking/cp3a4/decoy_00025/pose.pdbqt,outputs/dude_docking_public6_v0/work/docking/cp3a4/decoy_00025/ligand.pdbqt
cp3a4,decoy,26,ZINC39556501,success,-8.299,22.0,34.19895553588867,-12.117635726928711,33.08745193481445,5.121511949404444,2.0145084857940674,20.0,0.0,0.0,outputs/dude_docking_public6_v0/work/docking/cp3a4/decoy_00026/pose.pdbqt,outputs/dude_docking_public6_v0/work/docking/cp3a4/decoy_00026/ligand.pdbqt
cp3a4,decoy,27,ZINC47410375,success,-6.639,17.0,34.17182159423828,-15.485823631286621,27.544879913330078,3.626759631585659,2.6635022163391113,16.0,0.0,0.0,outputs/dude_docking_public6_v0/work/docking/cp3a4/decoy_00027/pose.pdbqt,outputs/dude_docking_public6_v0/work/docking/cp3a4/decoy_00027/ligand.pdbqt
cp3a4,decoy,28,ZINC48880296,success,-8.857,22.0,36.51827621459961,-19.997909545898438,29.873451232910156,4.770916389488051,1.964660882949829,20.0,0.0,0.0,outputs/dude_docking_public6_v0/work/docking/cp3a4/decoy_00028/pose.pdbqt,outputs/dude_docking_public6_v0/work/docking/cp3a4/decoy_00028/ligand.pdbqt
cp3a4,decoy,29,ZINC49140619,success,-7.065,20.0,37.05840301513672,-18.26830291748047,28.595348358154297,3.3455071285990767,3.4120171070098877,17.0,0.0,0.0,outputs/dude_docking_public6_v0/work/docking/cp3a4/decoy_00029/pose.pdbqt,outputs/dude_docking_public6_v0/work/docking/cp3a4/decoy_00029/ligand.pdbqt
pparg,active,0,CHEMBL573015,success,-8.51,26.0,3.9693078994750977,24.827999114990234,17.92053985595703,0.7839701936178822,2.5347862243652344,26.0,0.0,0.0,outputs/dude_docking_public6_v0/work/docking/pparg/active_00000/pose.pdbqt,outputs/dude_docking_public6_v0/work/docking/pparg/active_00000/ligand.pdbqt
pparg,active,1,CHEMBL573015,success,-8.539,26.0,4.190768718719482,25.01519775390625,18.3126163482666,1.1980238618717942,2.5226798057556152,26.0,0.0,0.0,outputs/dude_docking_public6_v0/work/docking/pparg/active_00001/pose.pdbqt,outputs/dude_docking_public6_v0/work/docking/pparg/active_00001/ligand.pdbqt
pparg,active,2,CHEMBL192691,success,-9.779,36.0,4.17947244644165,23.72113800048828,19.071304321289062,2.322044257149023,1.9066435098648071,36.0,0.0,0.0,outputs/dude_docking_public6_v0/work/docking/pparg/active_00002/pose.pdbqt,outputs/dude_docking_public6_v0/work/docking/pparg/active_00002/ligand.pdbqt
pparg,active,3,CHEMBL482525,success,-10.27,29.0,4.135068893432617,25.11862564086914,17.42865562438965,0.415341376001383,2.5792391300201416,29.0,0.0,0.0,outputs/dude_docking_public6_v0/work/docking/pparg/active_00003/pose.pdbqt,outputs/dude_docking_public6_v0/work/docking/pparg/active_00003/ligand.pdbqt
pparg,active,4,CHEMBL222026,success,-10.14,36.0,5.669055461883545,19.68494415283203,12.069889068603516,7.598526927913209,2.5556297302246094,34.0,0.0,0.0,outputs/dude_docking_public6_v0/work/docking/pparg/active_00004/pose.pdbqt,outputs/dude_docking_public6_v0/work/docking/pparg/active_00004/ligand.pdbqt
pparg,active,5,CHEMBL392063,success,-8.312,31.0,4.328258514404297,23.328710556030273,16.435903549194336,1.8997544783558609,1.9151417016983032,31.0,0.0,0.0,outputs/dude_docking_public6_v0/work/docking/pparg/active_00005/pose.pdbqt,outputs/dude_docking_public6_v0/work/docking/pparg/active_00005/ligand.pdbqt
pparg,active,6,CHEMBL391264,success,-8.735,31.0,5.734323024749756,20.847190856933594,20.785030364990234,5.831591158692385,2.4114737510681152,31.0,0.0,0.0,outputs/dude_docking_public6_v0/work/docking/pparg/active_00006/pose.pdbqt,outputs/dude_docking_public6_v0/work/docking/pparg/active_00006/ligand.pdbqt
pparg,active,7,CHEMBL198170,success,-7.422,30.0,3.9287338256835938,24.36440086364746,20.222631454467773,3.1208258688756008,1.930548071861267,30.0,0.0,0.0,outputs/dude_docking_public6_v0/work/docking/pparg/active_00007/pose.pdbqt,outputs/dude_docking_public6_v0/work/docking/pparg/active_00007/ligand.pdbqt
pparg,active,8,CHEMBL198170,success,-7.608,30.0,3.8229665756225586,24.369333267211914,20.31879997253418,3.2124147535813585,1.9229499101638794,30.0,0.0,0.0,outputs/dude_docking_public6_v0/work/docking/pparg/active_00008/pose.pdbqt,outputs/dude_docking_public6_v0/work/docking/pparg/active_00008/ligand.pdbqt
pparg,active,9,CHEMBL373685,success,-10.17,42.0,4.600879669189453,22.332168579101562,21.22488021850586,4.918722995194463,2.267505645751953,41.0,0.0,0.0,outputs/dude_docking_public6_v0/work/docking/pparg/active_00009/pose.pdbqt,outputs/dude_docking_public6_v0/work/docking/pparg/active_00009/ligand.pdbqt
pparg,active,10,CHEMBL247925,success,-9.415,42.0,5.379262447357178,20.32173728942871,20.7204532623291,6.08002163883442,2.351045846939087,41.0,0.0,0.0,outputs/dude_docking_public6_v0/work/docking/pparg/active_00010/pose.pdbqt,outputs/dude_docking_public6_v0/work/docking/pparg/active_00010/ligand.pdbqt
pparg,active,11,CHEMBL220622,success,-8.727,41.0,6.173145771026611,19.85797691345215,12.72434139251709,7.196293323908261,2.2595603466033936,36.0,0.0,0.0,outputs/dude_docking_public6_v0/work/docking/pparg/active_00011/pose.pdbqt,outputs/dude_docking_public6_v0/work/docking/pparg/active_00011/ligand.pdbqt
pparg,active,12,CHEMBL184133,success,-9.196,39.0,6.064768314361572,21.839561462402344,14.584668159484863,4.6609497462034835,3.006530284881592,38.0,0.0,0.0,outputs/dude_docking_public6_v0/work/docking/pparg/active_00012/pose.pdbqt,outputs/dude_docking_public6_v0/work/docking/pparg/active_00012/ligand.pdbqt
pparg,active,13,CHEMBL184133,success,-10.14,39.0,3.946922779083252,23.044612884521484,16.27425765991211,2.1615453349926077,1.9615976810455322,39.0,0.0,0.0,outputs/dude_docking_public6_v0/work/docking/pparg/active_00013/pose.pdbqt,outputs/dude_docking_public6_v0/work/docking/pparg/active_00013/ligand.pdbqt
pparg,active,14,CHEMBL373318,success,-7.536,25.0,4.577360153198242,21.663999557495117,23.655839920043945,7.334978533552152,2.3090500831604004,25.0,0.0,0.0,outputs/dude_docking_public6_v0/work/docking/pparg/active_00014/pose.pdbqt,outputs/dude_docking_public6_v0/work/docking/pparg/active_00014/ligand.pdbqt
pparg,active,15,CHEMBL373318,success,-7.154,25.0,5.493199348449707,19.991962432861328,23.607921600341797,8.328899728308611,1.5662996768951416,25.0,0.0,0.0,outputs/dude_docking_public6_v0/work/docking/pparg/active_00015/pose.pdbqt,outputs/dude_docking_public6_v0/work/docking/pparg/active_00015/ligand.pdbqt
pparg,active,16,CHEMBL522366,success,-10.04,40.0,4.5676493644714355,23.904848098754883,15.343772888183594,2.258235325320632,1.979495644569397,40.0,0.0,0.0,outputs/dude_docking_public6_v0/work/docking/pparg/active_00016/pose.pdbqt,outputs/dude_docking_public6_v0/work/docking/pparg/active_00016/ligand.pdbqt
pparg,active,17,CHEMBL452051,success,-9.291,37.0,4.365296840667725,23.727243423461914,18.814132690429688,2.151619330476304,2.2902920246124268,37.0,0.0,0.0,outputs/dude_docking_public6_v0/work/docking/pparg/active_00017/pose.pdbqt,outputs/dude_docking_public6_v0/work/docking/pparg/active_00017/ligand.pdbqt
pparg,active,18,CHEMBL330938,success,-8.079,31.0,5.9187750816345215,23.440162658691406,16.152097702026367,2.804005576861277,2.3573083877563477,31.0,0.0,0.0,outputs/dude_docking_public6_v0/work/docking/pparg/active_00018/pose.pdbqt,outputs/dude_docking_public6_v0/work/docking/pparg/active_00018/ligand.pdbqt
pparg,active,19,CHEMBL200043,success,-8.852,30.0,3.9919002056121826,23.996667861938477,16.384267807006836,1.2913635858342973,2.3816871643066406,29.0,0.0,0.0,outputs/dude_docking_public6_v0/work/docking/pparg/active_00019/pose.pdbqt,outputs/dude_docking_public6_v0/work/docking/pparg/active_00019/ligand.pdbqt
pparg,active,20,CHEMBL200043,success,-8.799,30.0,3.819000244140625,23.45199966430664,16.88086700439453,1.5828121069115964,2.448521375656128,29.0,0.0,0.0,outputs/dude_docking_public6_v0/work/docking/pparg/active_00020/pose.pdbqt,outputs/dude_docking_public6_v0/work/docking/pparg/active_00020/ligand.pdbqt
pparg,active,21,CHEMBL200043,success,-9.196,30.0,3.4652671813964844,23.581499099731445,21.83843421936035,4.894560491648066,1.9499796628952026,30.0,0.0,0.0,outputs/dude_docking_public6_v0/work/docking/pparg/active_00021/pose.pdbqt,outputs/dude_docking_public6_v0/work/docking/pparg/active_00021/ligand.pdbqt
pparg,active,22,CHEMBL200043,success,-9.018,30.0,4.812133312225342,23.357797622680664,20.952730178833008,4.242033197637319,2.0561699867248535,30.0,0.0,0.0,outputs/dude_docking_public6_v0/work/docking/pparg/active_00022/pose.pdbqt,outputs/dude_docking_public6_v0/work/docking/pparg/active_00022/ligand.pdbqt
pparg,active,23,CHEMBL472245,success,-8.545,26.0,3.6269619464874268,25.201040267944336,18.144346237182617,1.0131158330743233,2.3326210975646973,26.0,0.0,0.0,outputs/dude_docking_public6_v0/work/docking/pparg/active_00023/pose.pdbqt,outputs/dude_docking_public6_v0/work/docking/pparg/active_00023/ligand.pdbqt
pparg,active,24,CHEMBL472451,success,-7.941,24.0,2.812333822250366,24.847375869750977,20.601625442504883,3.5821698778658675,2.543401002883911,24.0,0.0,0.0,outputs/dude_docking_public6_v0/work/docking/pparg/active_00024/pose.pdbqt,outputs/dude_docking_public6_v0/work/docking/pparg/active_00024/ligand.pdbqt
pparg,active,25,CHEMBL324856,success,-7.494,33.0,6.052151203155518,19.75990867614746,14.22254753112793,6.416835404316757,2.2261862754821777,31.0,0.0,0.0,outputs/dude_docking_public6_v0/work/docking/pparg/active_00025/pose.pdbqt,outputs/dude_docking_public6_v0/work/docking/pparg/active_00025/ligand.pdbqt
pparg,active,26,CHEMBL324856,success,-8.571,33.0,5.972635746002197,22.288455963134766,19.7358455657959,4.30952742690132,2.1943397521972656,33.0,0.0,0.0,outputs/dude_docking_public6_v0/work/docking/pparg/active_00026/pose.pdbqt,outputs/dude_docking_public6_v0/work/docking/pparg/active_00026/ligand.pdbqt
pparg,active,27,CHEMBL376627,success,-9.035,40.0,4.726099967956543,19.031875610351562,13.237226486206055,7.210424610433993,2.5210604667663574,33.0,0.0,0.0,outputs/dude_docking_public6_v0/work/docking/pparg/active_00027/pose.pdbqt,outputs/dude_docking_public6_v0/work/docking/pparg/active_00027/ligand.pdbqt
pparg,active,28,CHEMBL328455,success,-10.98,42.0,4.231881141662598,23.10809326171875,18.832712173461914,2.5563577533081734,1.830251693725586,40.0,0.0,0.0,outputs/dude_docking_public6_v0/work/docking/pparg/active_00028/pose.pdbqt,outputs/dude_docking_public6_v0/work/docking/pparg/active_00028/ligand.pdbqt
pparg,active,29,CHEMBL230706,success,-8.643,34.0,3.2954111099243164,22.363439559936523,17.201324462890625,2.698086535904219,2.459019184112549,32.0,0.0,0.0,outputs/dude_docking_public6_v0/work/docking/pparg/active_00029/pose.pdbqt,outputs/dude_docking_public6_v0/work/docking/pparg/active_00029/ligand.pdbqt
pparg,decoy,0,ZINC04527326,success,-7.651,30.0,6.010800361633301,21.374868392944336,16.15373420715332,4.358203224979668,2.475234031677246,29.0,0.0,0.0,outputs/dude_docking_public6_v0/work/docking/pparg/decoy_00000/pose.pdbqt,outputs/dude_docking_public6_v0/work/docking/pparg/decoy_00000/ligand.pdbqt
pparg,decoy,1,ZINC06705124,success,-8.009,30.0,5.370567798614502,22.0730037689209,15.447432518005371,3.7362879360711214,2.549290418624878,28.0,0.0,0.0,outputs/dude_docking_public6_v0/work/docking/pparg/decoy_00001/pose.pdbqt,outputs/dude_docking_public6_v0/work/docking/pparg/decoy_00001/ligand.pdbqt
pparg,decoy,2,ZINC09172394,success,-6.464,36.0,6.234889030456543,20.831890106201172,14.204195976257324,5.659286578020037,2.3346524238586426,33.0,0.0,0.0,outputs/dude_docking_public6_v0/work/docking/pparg/decoy_00002/pose.pdbqt,outputs/dude_docking_public6_v0/work/docking/pparg/decoy_00002/ligand.pdbqt
pparg,decoy,3,ZINC09447377,success,-9.402,35.0,4.941713809967041,23.120201110839844,19.884370803833008,3.4881149193446794,2.4363925457000732,35.0,0.0,0.0,outputs/dude_docking_public6_v0/work/docking/pparg/decoy_00003/pose.pdbqt,outputs/dude_docking_public6_v0/work/docking/pparg/decoy_00003/ligand.pdbqt
pparg,decoy,4,ZINC10127295,success,-7.282,28.0,5.004749774932861,21.01396369934082,16.711002349853516,4.188814532505956,2.411186456680298,27.0,0.0,0.0,outputs/dude_docking_public6_v0/work/docking/pparg/decoy_00004/pose.pdbqt,outputs/dude_docking_public6_v0/work/docking/pparg/decoy_00004/ligand.pdbqt
pparg,decoy,5,ZINC11592379,success,-7.353,31.0,6.738774299621582,19.188518524169922,11.702580451965332,8.498936636892456,2.730477809906006,30.0,0.0,0.0,outputs/dude_docking_public6_v0/work/docking/pparg/decoy_00005/pose.pdbqt,outputs/dude_docking_public6_v0/work/docking/pparg/decoy_00005/ligand.pdbqt
pparg,decoy,6,ZINC12130680,success,-9.633,30.0,4.385232925415039,24.31006622314453,19.0851993560791,2.1124610288010257,2.2783873081207275,30.0,0.0,0.0,outputs/dude_docking_public6_v0/work/docking/pparg/decoy_00006/pose.pdbqt,outputs/dude_docking_public6_v0/work/docking/pparg/decoy_00006/ligand.pdbqt
pparg,decoy,7,ZINC12753683,success,-8.405,33.0,5.9199090003967285,21.864545822143555,14.34363842010498,4.716422196208011,2.5813779830932617,31.0,0.0,0.0,outputs/dude_docking_public6_v0/work/docking/pparg/decoy_00007/pose.pdbqt,outputs/dude_docking_public6_v0/work/docking/pparg/decoy_00007/ligand.pdbqt
pparg,decoy,8,ZINC12804775,success,-7.562,36.0,5.431944370269775,20.215723037719727,13.798444747924805,6.0750825534132,1.6202102899551392,34.0,0.0,0.0,outputs/dude_docking_public6_v0/work/docking/pparg/decoy_00008/pose.pdbqt,outputs/dude_docking_public6_v0/work/docking/pparg/decoy_00008/ligand.pdbqt
pparg,decoy,9,ZINC12506898,success,-9.241,36.0,5.898305892944336,19.59894561767578,12.070362091064453,7.716990562055025,3.0958364009857178,33.0,0.0,0.0,outputs/dude_docking_public6_v0/work/docking/pparg/decoy_00009/pose.pdbqt,outputs/dude_docking_public6_v0/work/docking/pparg/decoy_00009/ligand.pdbqt
pparg,decoy,10,ZINC13069880,success,-7.718,35.0,4.926743030548096,18.706682205200195,12.00891399383545,8.219150292396307,2.1532580852508545,32.0,0.0,0.0,outputs/dude_docking_public6_v0/work/docking/pparg/decoy_00010/pose.pdbqt,outputs/dude_docking_public6_v0/work/docking/pparg/decoy_00010/ligand.pdbqt
pparg,decoy,11,ZINC13112173,success,-8.211,37.0,4.295351982116699,24.37894630432129,16.146677017211914,1.2889862678784088,2.5014331340789795,37.0,0.0,0.0,outputs/dude_docking_public6_v0/work/docking/pparg/decoy_00011/pose.pdbqt,outputs/dude_docking_public6_v0/work/docking/pparg/decoy_00011/ligand.pdbqt
pparg,decoy,12,ZINC09184853,success,-8.639,32.0,6.298593997955322,21.64565086364746,19.909284591674805,4.990509686257937,2.0350182056427,32.0,0.0,0.0,outputs/dude_docking_public6_v0/work/docking/pparg/decoy_00012/pose.pdbqt,outputs/dude_docking_public6_v0/work/docking/pparg/decoy_00012/ligand.pdbqt
pparg,decoy,13,ZINC09809625,success,-8.532,32.0,4.552281379699707,24.927621841430664,19.77153205871582,2.700881650994626,2.1170482635498047,32.0,0.0,0.0,outputs/dude_docking_public6_v0/work/docking/pparg/decoy_00013/pose.pdbqt,outputs/dude_docking_public6_v0/work/docking/pparg/decoy_00013/ligand.pdbqt
pparg,decoy,14,ZINC13499821,success,-8.477,32.0,5.1519060134887695,23.135717391967773,15.756125450134277,2.693719910382114,2.653144359588623,30.0,0.0,0.0,outputs/dude_docking_public6_v0/work/docking/pparg/decoy_00014/pose.pdbqt,outputs/dude_docking_public6_v0/work/docking/pparg/decoy_00014/ligand.pdbqt
pparg,decoy,15,ZINC15312891,success,-6.519,35.0,4.679257869720459,21.005769729614258,17.011140823364258,4.094692725434495,2.1929779052734375,33.0,0.0,0.0,outputs/dude_docking_public6_v0/work/docking/pparg/decoy_00015/pose.pdbqt,outputs/dude_docking_public6_v0/work/docking/pparg/decoy_00015/ligand.pdbqt
pparg,decoy,16,ZINC15863382,success,-8.029,30.0,6.529868125915527,19.87529945373535,13.098132133483887,7.086888155678504,2.3647658824920654,30.0,0.0,0.0,outputs/dude_docking_public6_v0/work/docking/pparg/decoy_00016/pose.pdbqt,outputs/dude_docking_public6_v0/work/docking/pparg/decoy_00016/ligand.pdbqt
pparg,decoy,17,ZINC16613091,success,-9.459,35.0,3.94171404838562,24.05108642578125,21.239402770996094,4.181412514685834,2.2809128761291504,35.0,0.0,0.0,outputs/dude_docking_public6_v0/work/docking/pparg/decoy_00017/pose.pdbqt,outputs/dude_docking_public6_v0/work/docking/pparg/decoy_00017/ligand.pdbqt
pparg,decoy,18,ZINC20713622,success,-9.495,34.0,6.618441581726074,21.548734664916992,16.410470962524414,4.508357278879443,2.1940362453460693,34.0,0.0,0.0,outputs/dude_docking_public6_v0/work/docking/pparg/decoy_00018/pose.pdbqt,outputs/dude_docking_public6_v0/work/docking/pparg/decoy_00018/ligand.pdbqt
pparg,decoy,19,ZINC20757166,success,-9.262,34.0,7.005176544189453,21.625967025756836,15.869117736816406,4.8187104213796585,2.186124801635742,34.0,0.0,0.0,outputs/dude_docking_public6_v0/work/docking/pparg/decoy_00019/pose.pdbqt,outputs/dude_docking_public6_v0/work/docking/pparg/decoy_00019/ligand.pdbqt
pparg,decoy,20,ZINC11500022,success,-9.892,34.0,5.0912652015686035,22.0967960357666,17.227439880371094,3.1736157152556164,2.0255558490753174,31.0,0.0,0.0,outputs/dude_docking_public6_v0/work/docking/pparg/decoy_00020/pose.pdbqt,outputs/dude_docking_public6_v0/work/docking/pparg/decoy_00020/ligand.pdbqt
pparg,decoy,21,ZINC22094163,success,-8.741,31.0,5.833484172821045,22.142257690429688,17.789291381835938,3.551536338793115,2.425161123275757,31.0,0.0,0.0,outputs/dude_docking_public6_v0/work/docking/pparg/decoy_00021/pose.pdbqt,outputs/dude_docking_public6_v0/work/docking/pparg/decoy_00021/ligand.pdbqt
pparg,decoy,22,ZINC24138901,success,-6.909,37.0,4.915918350219727,23.708271026611328,15.641294479370117,2.282383931834891,2.4851834774017334,37.0,0.0,0.0,outputs/dude_docking_public6_v0/work/docking/pparg/decoy_00022/pose.pdbqt,outputs/dude_docking_public6_v0/work/docking/pparg/decoy_00022/ligand.pdbqt
pparg,decoy,23,ZINC24504463,success,-8.05,35.0,6.063999652862549,18.547428131103516,9.986485481262207,9.9169110356849,2.969567060470581,25.0,0.0,0.0,outputs/dude_docking_public6_v0/work/docking/pparg/decoy_00023/pose.pdbqt,outputs/dude_docking_public6_v0/work/docking/pparg/decoy_00023/ligand.pdbqt
pparg,decoy,24,ZINC24843609,success,-10.58,36.0,5.017027378082275,23.866085052490234,16.124971389770508,1.9515576161963035,2.3446414470672607,36.0,0.0,0.0,outputs/dude_docking_public6_v0/work/docking/pparg/decoy_00024/pose.pdbqt,outputs/dude_docking_public6_v0/work/docking/pparg/decoy_00024/ligand.pdbqt
pparg,decoy,25,ZINC25796204,success,-8.97,33.0,3.839000701904297,23.474395751953125,17.003936767578125,1.5427067912377868,2.4991955757141113,32.0,0.0,0.0,outputs/dude_docking_public6_v0/work/docking/pparg/decoy_00025/pose.pdbqt,outputs/dude_docking_public6_v0/work/docking/pparg/decoy_00025/ligand.pdbqt
pparg,decoy,26,ZINC31631296,success,-6.327,35.0,4.232943058013916,20.039884567260742,11.25,7.739408863806695,2.3231496810913086,27.0,0.0,0.0,outputs/dude_docking_public6_v0/work/docking/pparg/decoy_00026/pose.pdbqt,outputs/dude_docking_public6_v0/work/docking/pparg/decoy_00026/ligand.pdbqt
pparg,decoy,27,ZINC33276564,success,-7.649,35.0,4.821057319641113,21.4032039642334,16.656599044799805,3.7740062065441946,2.2965126037597656,33.0,0.0,0.0,outputs/dude_docking_public6_v0/work/docking/pparg/decoy_00027/pose.pdbqt,outputs/dude_docking_public6_v0/work/docking/pparg/decoy_00027/ligand.pdbqt
pparg,decoy,28,ZINC34792601,success,-8.424,34.0,5.3129119873046875,21.27867317199707,17.36355972290039,4.018379182731758,2.2661941051483154,33.0,0.0,0.0,outputs/dude_docking_public6_v0/work/docking/pparg/decoy_00028/pose.pdbqt,outputs/dude_docking_public6_v0/work/docking/pparg/decoy_00028/ligand.pdbqt
pparg,decoy,29,ZINC34792608,success,-9.963,34.0,4.145999908447266,23.550207138061523,18.54538345336914,2.0287904642754584,1.951129674911499,34.0,0.0,0.0,outputs/dude_docking_public6_v0/work/docking/pparg/decoy_00029/pose.pdbqt,outputs/dude_docking_public6_v0/work/docking/pparg/decoy_00029/ligand.pdbqt
src,active,0,CHEMBL215943,success,-9.54,41.0,3.3003900051116943,9.825901985168457,5.771146297454834,4.952472488773319,1.9018341302871704,38.0,0.0,0.0,outputs/dude_docking_public6_v0/work/docking/src/active_00000/pose.pdbqt,outputs/dude_docking_public6_v0/work/docking/src/active_00000/ligand.pdbqt
src,active,1,CHEMBL215943,success,-9.622,42.0,3.2814996242523193,9.90873908996582,5.711261749267578,5.043867993258269,1.9001456499099731,38.0,0.0,0.0,outputs/dude_docking_public6_v0/work/docking/src/active_00001/pose.pdbqt,outputs/dude_docking_public6_v0/work/docking/src/active_00001/ligand.pdbqt
src,active,2,CHEMBL386661,success,-9.057,43.0,1.2710930109024048,10.180349349975586,3.5010690689086914,6.3624686654437435,2.373582363128662,31.0,0.0,0.0,outputs/dude_docking_public6_v0/work/docking/src/active_00002/pose.pdbqt,outputs/dude_docking_public6_v0/work/docking/src/active_00002/ligand.pdbqt
src,active,3,CHEMBL122640,success,-7.169,41.0,3.2211709022521973,9.394903182983398,5.801146984100342,4.54534640717962,2.56911563873291,36.0,0.0,0.0,outputs/dude_docking_public6_v0/work/docking/src/active_00003/pose.pdbqt,outputs/dude_docking_public6_v0/work/docking/src/active_00003/ligand.pdbqt
src,active,4,CHEMBL122640,success,-7.677,42.0,3.054500102996826,9.403191566467285,6.22759485244751,4.338648317277913,2.5859739780426025,40.0,0.0,0.0,outputs/dude_docking_public6_v0/work/docking/src/active_00004/pose.pdbqt,outputs/dude_docking_public6_v0/work/docking/src/active_00004/ligand.pdbqt
src,active,5,CHEMBL1085316,success,-9.182,43.0,6.034209728240967,8.884349822998047,4.63700008392334,6.1715579960490246,2.4679441452026367,39.0,0.0,0.0,outputs/dude_docking_public6_v0/work/docking/src/active_00005/pose.pdbqt,outputs/dude_docking_public6_v0/work/docking/src/active_00005/ligand.pdbqt
src,active,6,CHEMBL1085316,success,-9.518,42.0,7.04257345199585,9.240426063537598,4.6981425285339355,7.038571012688625,2.2318527698516846,34.0,0.0,0.0,outputs/dude_docking_public6_v0/work/docking/src/active_00006/pose.pdbqt,outputs/dude_docking_public6_v0/work/docking/src/active_00006/ligand.pdbqt
src,active,7,CHEMBL119620,success,-9.361,33.0,1.0707274675369263,3.9867873191833496,7.441333770751953,1.7757851314859703,2.705946922302246,32.0,0.0,0.0,outputs/dude_docking_public6_v0/work/docking/src/active_00007/pose.pdbqt,outputs/dude_docking_public6_v0/work/docking/src/active_00007/ligand.pdbqt
src,active,8,CHEMBL1079945,success,-10.82,41.0,1.6682437658309937,5.785877704620361,7.2916340827941895,0.6101280257777394,2.1783230304718018,40.0,0.0,0.0,outputs/dude_docking_public6_v0/work/docking/src/active_00008/pose.pdbqt,outputs/dude_docking_public6_v0/work/docking/src/active_00008/ligand.pdbqt
src,active,9,CHEMBL1079945,success,-10.99,42.0,1.6729763746261597,5.477214336395264,7.172308921813965,0.6494400179760518,2.1782515048980713,42.0,0.0,0.0,outputs/dude_docking_public6_v0/work/docking/src/active_00009/pose.pdbqt,outputs/dude_docking_public6_v0/work/docking/src/active_00009/ligand.pdbqt
src,active,10,CHEMBL1085564,success,-9.314,43.0,7.44169807434082,9.833906173706055,4.139488220214844,7.893745507856887,2.5767123699188232,33.0,0.0,0.0,outputs/dude_docking_public6_v0/work/docking/src/active_00010/pose.pdbqt,outputs/dude_docking_public6_v0/work/docking/src/active_00010/ligand.pdbqt
src,active,11,CHEMBL1085564,success,-10.05,42.0,6.927333354949951,9.14033317565918,4.92207145690918,6.805364343542988,2.4355194568634033,34.0,0.0,0.0,outputs/dude_docking_public6_v0/work/docking/src/active_00011/pose.pdbqt,outputs/dude_docking_public6_v0/work/docking/src/active_00011/ligand.pdbqt
src,active,12,CHEMBL217092,success,-8.895,40.0,5.827750205993652,9.271623611450195,4.946475028991699,6.112008906342104,2.0215659141540527,38.0,0.0,0.0,outputs/dude_docking_public6_v0/work/docking/src/active_00012/pose.pdbqt,outputs/dude_docking_public6_v0/work/docking/src/active_00012/ligand.pdbqt
src,active,13,CHEMBL281957,success,-9.305,36.0,6.5316948890686035,8.627250671386719,6.488249778747559,5.7080441981561725,2.277076005935669,35.0,0.0,0.0,outputs/dude_docking_public6_v0/work/docking/src/active_00013/pose.pdbqt,outputs/dude_docking_public6_v0/work/docking/src/active_00013/ligand.pdbqt
src,active,14,CHEMBL281957,success,-9.351,35.0,6.2462286949157715,8.537315368652344,6.540713787078857,5.417491130673749,2.3898539543151855,33.0,0.0,0.0,outputs/dude_docking_public6_v0/work/docking/src/active_00014/pose.pdbqt,outputs/dude_docking_public6_v0/work/docking/src/active_00014/ligand.pdbqt
src,active,15,CHEMBL455164,success,-8.008,26.0,4.585384845733643,7.846461296081543,6.528846740722656,3.752193981968055,3.020747184753418,25.0,0.0,0.0,outputs/dude_docking_public6_v0/work/docking/src/active_00015/pose.pdbqt,outputs/dude_docking_public6_v0/work/docking/src/active_00015/ligand.pdbqt
src,active,16,CHEMBL455164,success,-8.226,26.0,3.66965389251709,8.096116065979004,6.7574615478515625,3.280629142078334,3.279512882232666,25.0,0.0,0.0,outputs/dude_docking_public6_v0/work/docking/src/active_00016/pose.pdbqt,outputs/dude_docking_public6_v0/work/docking/src/active_00016/ligand.pdbqt
src,active,17,CHEMBL107458,success,-9.356,38.0,1.6702632904052734,4.985552787780762,7.614816665649414,0.6019182357956473,2.5752196311950684,38.0,0.0,0.0,outputs/dude_docking_public6_v0/work/docking/src/active_00017/pose.pdbqt,outputs/dude_docking_public6_v0/work/docking/src/active_00017/ligand.pdbqt
src,active,18,CHEMBL216543,success,-8.964,24.0,4.890666484832764,7.731916904449463,7.291708469390869,3.736590313328691,2.0622968673706055,24.0,0.0,0.0,outputs/dude_docking_public6_v0/work/docking/src/active_00018/pose.pdbqt,outputs/dude_docking_public6_v0/work/docking/src/active_00018/ligand.pdbqt
src,active,19,CHEMBL474998,success,-8.127,36.0,3.4993886947631836,6.588415622711182,6.59505558013916,2.240874543229307,1.8638290166854858,35.0,0.0,0.0,outputs/dude_docking_public6_v0/work/docking/src/active_00019/pose.pdbqt,outputs/dude_docking_public6_v0/work/docking/src/active_00019/ligand.pdbqt
src,active,20,CHEMBL312933,success,-8.846,36.0,5.453832626342773,9.482666015625,5.784944534301758,5.67282629211969,1.5720895528793335,36.0,0.0,0.0,outputs/dude_docking_public6_v0/work/docking/src/active_00020/pose.pdbqt,outputs/dude_docking_public6_v0/work/docking/src/active_00020/ligand.pdbqt
src,active,21,CHEMBL312933,success,-9.01,35.0,5.481143951416016,9.429572105407715,5.855086326599121,5.628645302845915,1.5505646467208862,35.0,0.0,0.0,outputs/dude_docking_public6_v0/work/docking/src/active_00021/pose.pdbqt,outputs/dude_docking_public6_v0/work/docking/src/active_00021/ligand.pdbqt
src,active,22,CHEMBL1083091,success,-9.749,34.0,4.812236309051514,8.677146911621094,6.558530330657959,4.454142534284169,1.9112954139709473,33.0,0.0,0.0,outputs/dude_docking_public6_v0/work/docking/src/active_00022/pose.pdbqt,outputs/dude_docking_public6_v0/work/docking/src/active_00022/ligand.pdbqt
src,active,23,CHEMBL1083091,success,-9.758,33.0,4.844817638397217,8.48957633972168,6.641151428222656,4.322207638493876,1.859749436378479,32.0,0.0,0.0,outputs/dude_docking_public6_v0/work/docking/src/active_00023/pose.pdbqt,outputs/dude_docking_public6_v0/work/docking/src/active_00023/ligand.pdbqt
src,active,24,CHEMBL541412,success,-9.139,33.0,5.724817752838135,8.750666618347168,6.2015767097473145,5.234772276965951,2.305640935897827,32.0,0.0,0.0,outputs/dude_docking_public6_v0/work/docking/src/active_00024/pose.pdbqt,outputs/dude_docking_public6_v0/work/docking/src/active_00024/ligand.pdbqt
src,active,25,CHEMBL445162,success,-8.39,30.0,2.3089001178741455,7.983132839202881,6.8921990394592285,2.6538629385509904,2.442446708679199,28.0,0.0,0.0,outputs/dude_docking_public6_v0/work/docking/src/active_00025/pose.pdbqt,outputs/dude_docking_public6_v0/work/docking/src/active_00025/ligand.pdbqt
src,active,26,CHEMBL102595,success,-9.871,39.0,6.585179805755615,9.39622974395752,4.274820804595947,7.002665354425477,2.314223289489746,33.0,0.0,0.0,outputs/dude_docking_public6_v0/work/docking/src/active_00026/pose.pdbqt,outputs/dude_docking_public6_v0/work/docking/src/active_00026/ligand.pdbqt
src,active,27,CHEMBL102595,success,-9.85,39.0,6.628385066986084,9.39363956451416,4.3465375900268555,6.994677596525096,2.3158602714538574,33.0,0.0,0.0,outputs/dude_docking_public6_v0/work/docking/src/active_00027/pose.pdbqt,outputs/dude_docking_public6_v0/work/docking/src/active_00027/ligand.pdbqt
src,active,28,CHEMBL327188,success,-8.732,35.0,5.952542781829834,9.283769607543945,4.8378005027771,6.250035204394435,2.6102235317230225,34.0,0.0,0.0,outputs/dude_docking_public6_v0/work/docking/src/active_00028/pose.pdbqt,outputs/dude_docking_public6_v0/work/docking/src/active_00028/ligand.pdbqt
src,active,29,CHEMBL327188,success,-8.869,36.0,6.304555892944336,9.194527626037598,4.684861660003662,6.501968260153836,2.515347957611084,36.0,0.0,0.0,outputs/dude_docking_public6_v0/work/docking/src/active_00029/pose.pdbqt,outputs/dude_docking_public6_v0/work/docking/src/active_00029/ligand.pdbqt
src,decoy,0,ZINC00752577,success,-8.552,28.0,5.264430046081543,8.388321876525879,6.275679111480713,4.6552777761437625,2.1590664386749268,28.0,0.0,0.0,outputs/dude_docking_public6_v0/work/docking/src/decoy_00000/pose.pdbqt,outputs/dude_docking_public6_v0/work/docking/src/decoy_00000/ligand.pdbqt
src,decoy,1,ZINC00720242,success,-8.779,31.0,2.9187748432159424,8.47390365600586,6.060580253601074,3.5640998348352424,2.7349777221679688,31.0,0.0,0.0,outputs/dude_docking_public6_v0/work/docking/src/decoy_00001/pose.pdbqt,outputs/dude_docking_public6_v0/work/docking/src/decoy_00001/ligand.pdbqt
src,decoy,2,ZINC04212939,success,-9.185,30.0,2.1874003410339355,8.197500228881836,6.540333271026611,2.9686984544197483,2.652069568634033,29.0,0.0,0.0,outputs/dude_docking_public6_v0/work/docking/src/decoy_00002/pose.pdbqt,outputs/dude_docking_public6_v0/work/docking/src/decoy_00002/ligand.pdbqt
src,decoy,3,ZINC04280702,success,-8.564,27.0,2.595741033554077,9.54688835144043,6.2138519287109375,4.3797147613962535,3.284567356109619,23.0,0.0,0.0,outputs/dude_docking_public6_v0/work/docking/src/decoy_00003/pose.pdbqt,outputs/dude_docking_public6_v0/work/docking/src/decoy_00003/ligand.pdbqt
src,decoy,4,ZINC04531978,success,-8.344,29.0,2.1920688152313232,9.2139310836792,6.722207069396973,3.86035939545696,2.7313878536224365,26.0,0.0,0.0,outputs/dude_docking_public6_v0/work/docking/src/decoy_00004/pose.pdbqt,outputs/dude_docking_public6_v0/work/docking/src/decoy_00004/ligand.pdbqt
src,decoy,5,ZINC00705606,success,-8.969,32.0,2.5989999771118164,9.435124397277832,6.4547505378723145,4.195765823809828,2.7229080200195312,29.0,0.0,0.0,outputs/dude_docking_public6_v0/work/docking/src/decoy_00005/pose.pdbqt,outputs/dude_docking_public6_v0/work/docking/src/decoy_00005/ligand.pdbqt
src,decoy,6,ZINC01108522,success,-8.181,31.0,3.8689358234405518,9.946355819702148,5.07209587097168,5.545271388314714,2.2705881595611572,31.0,0.0,0.0,outputs/dude_docking_public6_v0/work/docking/src/decoy_00006/pose.pdbqt,outputs/dude_docking_public6_v0/work/docking/src/decoy_00006/ligand.pdbqt
src,decoy,7,ZINC05259332,success,-9.909,30.0,5.770166397094727,9.133699417114258,6.17816686630249,5.518539619013333,2.8202192783355713,29.0,0.0,0.0,outputs/dude_docking_public6_v0/work/docking/src/decoy_00007/pose.pdbqt,outputs/dude_docking_public6_v0/work/docking/src/decoy_00007/ligand.pdbqt
src,decoy,8,ZINC05891423,success,-8.883,26.0,5.175231456756592,8.011808395385742,7.064615726470947,4.161982312347702,2.0602867603302,26.0,0.0,0.0,outputs/dude_docking_public6_v0/work/docking/src/decoy_00008/pose.pdbqt,outputs/dude_docking_public6_v0/work/docking/src/decoy_00008/ligand.pdbqt
src,decoy,9,ZINC14460788,success,-8.254,28.0,2.3151071071624756,8.273106575012207,6.912322044372559,2.921040964680589,2.513659715652466,28.0,0.0,0.0,outputs/dude_docking_public6_v0/work/docking/src/decoy_00009/pose.pdbqt,outputs/dude_docking_public6_v0/work/docking/src/decoy_00009/ligand.pdbqt
src,decoy,10,ZINC14461065,success,-6.272,34.0,3.4503233432769775,9.051676750183105,6.031499862670898,4.231062477689264,2.9953887462615967,34.0,0.0,0.0,outputs/dude_docking_public6_v0/work/docking/src/decoy_00010/pose.pdbqt,outputs/dude_docking_public6_v0/work/docking/src/decoy_00010/ligand.pdbqt
src,decoy,11,ZINC15048398,success,-9.945,30.0,3.5297999382019043,8.099600791931152,6.790266990661621,3.2011223471206836,3.0359537601470947,30.0,0.0,0.0,outputs/dude_docking_public6_v0/work/docking/src/decoy_00011/pose.pdbqt,outputs/dude_docking_public6_v0/work/docking/src/decoy_00011/ligand.pdbqt
src,decoy,12,ZINC01103341,success,-8.718,25.0,3.3193204402923584,7.981959819793701,5.981799125671387,3.3552251186932396,2.5674538612365723,25.0,0.0,0.0,outputs/dude_docking_public6_v0/work/docking/src/decoy_00012/pose.pdbqt,outputs/dude_docking_public6_v0/work/docking/src/decoy_00012/ligand.pdbqt
src,decoy,13,ZINC20695760,success,-8.034,28.0,3.0849642753601074,8.963143348693848,5.496035575866699,4.295359290486553,2.7800421714782715,27.0,0.0,0.0,outputs/dude_docking_public6_v0/work/docking/src/decoy_00013/pose.pdbqt,outputs/dude_docking_public6_v0/work/docking/src/decoy_00013/ligand.pdbqt
src,decoy,14,ZINC20701621,success,-8.675,29.0,3.6613106727600098,8.4212064743042,6.067378997802734,3.794078850800248,2.4440174102783203,27.0,0.0,0.0,outputs/dude_docking_public6_v0/work/docking/src/decoy_00014/pose.pdbqt,outputs/dude_docking_public6_v0/work/docking/src/decoy_00014/ligand.pdbqt
src,decoy,15,ZINC20707244,success,-7.546,33.0,3.4687576293945312,8.755939483642578,5.608545303344727,4.195104355774145,2.7725768089294434,30.0,0.0,0.0,outputs/dude_docking_public6_v0/work/docking/src/decoy_00015/pose.pdbqt,outputs/dude_docking_public6_v0/work/docking/src/decoy_00015/ligand.pdbqt
src,decoy,16,ZINC20752753,success,-8.675,29.0,2.599621057510376,8.879205703735352,6.9771037101745605,3.5280551817163173,2.571432590484619,27.0,0.0,0.0,outputs/dude_docking_public6_v0/work/docking/src/decoy_00016/pose.pdbqt,outputs/dude_docking_public6_v0/work/docking/src/decoy_00016/ligand.pdbqt
src,decoy,17,ZINC33682971,success,-8.554,29.0,3.515103578567505,8.367033958435059,6.210171699523926,3.6236231768752574,1.9072391986846924,27.0,0.0,0.0,outputs/dude_docking_public6_v0/work/docking/src/decoy_00017/pose.pdbqt,outputs/dude_docking_public6_v0/work/docking/src/decoy_00017/ligand.pdbqt
src,decoy,18,ZINC36288251,success,-6.843,22.0,4.727181434631348,8.786864280700684,6.192590713500977,4.59166523360324,2.1364212036132812,21.0,0.0,0.0,outputs/dude_docking_public6_v0/work/docking/src/decoy_00018/pose.pdbqt,outputs/dude_docking_public6_v0/work/docking/src/decoy_00018/ligand.pdbqt
src,decoy,19,ZINC13737467,success,-8.091,25.0,4.855800628662109,8.002559661865234,6.64463996887207,4.008834050744019,2.2220234870910645,25.0,0.0,0.0,outputs/dude_docking_public6_v0/work/docking/src/decoy_00019/pose.pdbqt,outputs/dude_docking_public6_v0/work/docking/src/decoy_00019/ligand.pdbqt
src,decoy,20,ZINC36901716,success,-6.342,19.0,2.5338950157165527,7.053842544555664,8.568053245544434,1.8430563105644382,2.7174315452575684,19.0,0.0,0.0,outputs/dude_docking_public6_v0/work/docking/src/decoy_00020/pose.pdbqt,outputs/dude_docking_public6_v0/work/docking/src/decoy_00020/ligand.pdbqt
src,decoy,21,ZINC36683414,success,-7.597,21.0,4.494856834411621,7.701190948486328,7.765143394470215,3.377590956247847,2.320551633834839,20.0,0.0,0.0,outputs/dude_docking_public6_v0/work/docking/src/decoy_00021/pose.pdbqt,outputs/dude_docking_public6_v0/work/docking/src/decoy_00021/ligand.pdbqt
src,decoy,22,ZINC37643149,success,-7.399,22.0,4.047408580780029,7.843908786773682,7.5916361808776855,3.1603461209246513,2.5558907985687256,22.0,0.0,0.0,outputs/dude_docking_public6_v0/work/docking/src/decoy_00022/pose.pdbqt,outputs/dude_docking_public6_v0/work/docking/src/decoy_00022/ligand.pdbqt
src,decoy,23,ZINC37687863,success,-5.508,16.0,2.4626247882843018,6.983437538146973,8.588061332702637,1.7705799694193867,2.6462793350219727,16.0,0.0,0.0,outputs/dude_docking_public6_v0/work/docking/src/decoy_00023/pose.pdbqt,outputs/dude_docking_public6_v0/work/docking/src/decoy_00023/ligand.pdbqt
src,decoy,24,ZINC37928736,success,-7.612,22.0,3.8092269897460938,7.041999340057373,7.256182670593262,2.482427951440877,1.9613560438156128,22.0,0.0,0.0,outputs/dude_docking_public6_v0/work/docking/src/decoy_00024/pose.pdbqt,outputs/dude_docking_public6_v0/work/docking/src/decoy_00024/ligand.pdbqt
src,decoy,25,ZINC08236667,success,-9.564,28.0,5.463250160217285,8.776998519897461,6.689213275909424,4.936012202997672,2.983257532119751,28.0,0.0,0.0,outputs/dude_docking_public6_v0/work/docking/src/decoy_00025/pose.pdbqt,outputs/dude_docking_public6_v0/work/docking/src/decoy_00025/ligand.pdbqt
src,decoy,26,ZINC39948157,success,-7.655,23.0,5.874434947967529,8.821173667907715,5.966825485229492,5.460346275177513,3.1692399978637695,23.0,0.0,0.0,outputs/dude_docking_public6_v0/work/docking/src/decoy_00026/pose.pdbqt,outputs/dude_docking_public6_v0/work/docking/src/decoy_00026/ligand.pdbqt
src,decoy,27,ZINC40262613,success,-8.152,23.0,2.8560867309570312,6.287999153137207,8.299565315246582,1.3244030227565289,2.1846115589141846,23.0,0.0,0.0,outputs/dude_docking_public6_v0/work/docking/src/decoy_00027/pose.pdbqt,outputs/dude_docking_public6_v0/work/docking/src/decoy_00027/ligand.pdbqt
src,decoy,28,ZINC40269656,success,-6.949,25.0,3.897639751434326,7.529360771179199,7.739599227905273,2.823733389540641,2.9076592922210693,25.0,0.0,0.0,outputs/dude_docking_public6_v0/work/docking/src/decoy_00028/pose.pdbqt,outputs/dude_docking_public6_v0/work/docking/src/decoy_00028/ligand.pdbqt
src,decoy,29,ZINC40282756,success,-7.774,21.0,4.63804817199707,7.600618839263916,7.218380928039551,3.46942119366184,2.0279593467712402,21.0,0.0,0.0,outputs/dude_docking_public6_v0/work/docking/src/decoy_00029/pose.pdbqt,outputs/dude_docking_public6_v0/work/docking/src/decoy_00029/ligand.pdbqt
try1,active,0,CHEMBL355378,success,-7.288,42.0,23.390167236328125,21.4464054107666,25.825429916381836,2.2233784020845415,2.0980260372161865,39.0,0.0,0.0,outputs/dude_docking_public6_v0/work/docking/try1/active_00000/pose.pdbqt,outputs/dude_docking_public6_v0/work/docking/try1/active_00000/ligand.pdbqt
try1,active,1,CHEMBL332655,success,-7.091,41.0,23.009780883789062,19.899560928344727,27.57846450805664,1.446488239605812,2.047769069671631,37.0,0.0,0.0,outputs/dude_docking_public6_v0/work/docking/try1/active_00001/pose.pdbqt,outputs/dude_docking_public6_v0/work/docking/try1/active_00001/ligand.pdbqt
try1,active,2,CHEMBL332655,success,-6.999,40.0,26.537250518798828,18.16644859313965,30.48772621154785,4.368538389011154,1.3893775939941406,37.0,0.0,0.0,outputs/dude_docking_public6_v0/work/docking/try1/active_00002/pose.pdbqt,outputs/dude_docking_public6_v0/work/docking/try1/active_00002/ligand.pdbqt
try1,active,3,CHEMBL163312,success,-7.607,46.0,22.42087173461914,21.941543579101562,26.656591415405273,2.475321935380882,1.9982802867889404,40.0,0.0,0.0,outputs/dude_docking_public6_v0/work/docking/try1/active_00003/pose.pdbqt,outputs/dude_docking_public6_v0/work/docking/try1/active_00003/ligand.pdbqt
try1,active,4,CHEMBL77490,success,-8.825,42.0,23.249046325683594,20.144189834594727,27.314287185668945,1.182131507361461,1.5492477416992188,40.0,0.0,0.0,outputs/dude_docking_public6_v0/work/docking/try1/active_00004/pose.pdbqt,outputs/dude_docking_public6_v0/work/docking/try1/active_00004/ligand.pdbqt
try1,active,5,CHEMBL91999,success,-8.809,46.0,22.8028507232666,22.022563934326172,26.038782119750977,2.605262207822256,2.2046639919281006,40.0,0.0,0.0,outputs/dude_docking_public6_v0/work/docking/try1/active_00005/pose.pdbqt,outputs/dude_docking_public6_v0/work/docking/try1/active_00005/ligand.pdbqt
try1,active,6,CHEMBL91999,success,-9.142,46.0,22.978456497192383,21.614627838134766,25.918197631835938,2.4024861076849775,2.190155267715454,42.0,0.0,0.0,outputs/dude_docking_public6_v0/work/docking/try1/active_00006/pose.pdbqt,outputs/dude_docking_public6_v0/work/docking/try1/active_00006/ligand.pdbqt
try1,active,7,CHEMBL325101,success,-8.099,42.0,25.244857788085938,19.72818946838379,28.419376373291016,1.5285203381266765,1.857650637626648,41.0,0.0,0.0,outputs/dude_docking_public6_v0/work/docking/try1/active_00007/pose.pdbqt,outputs/dude_docking_public6_v0/work/docking/try1/active_00007/ligand.pdbqt
try1,active,8,CHEMBL120438,success,-8.732,48.0,24.54789161682129,19.167627334594727,30.36060333251953,3.0444787301021536,2.1406731605529785,44.0,0.0,0.0,outputs/dude_docking_public6_v0/work/docking/try1/active_00008/pose.pdbqt,outputs/dude_docking_public6_v0/work/docking/try1/active_00008/ligand.pdbqt
try1,active,9,CHEMBL196182,success,-8.427,40.0,26.174823760986328,17.86804962158203,33.380672454833984,6.597861018979777,2.256546974182129,38.0,0.0,0.0,outputs/dude_docking_public6_v0/work/docking/try1/active_00009/pose.pdbqt,outputs/dude_docking_public6_v0/work/docking/try1/active_00009/ligand.pdbqt
try1,active,10,CHEMBL196182,success,-8.285,39.0,25.703868865966797,18.58887481689453,30.779590606689453,3.9679790416206924,1.9485738277435303,33.0,0.0,0.0,outputs/dude_docking_public6_v0/work/docking/try1/active_00010/pose.pdbqt,outputs/dude_docking_public6_v0/work/docking/try1/active_00010/ligand.pdbqt
try1,active,11,CHEMBL111543,success,-7.875,35.0,24.491914749145508,19.010801315307617,29.689083099365234,2.5734957884846215,1.8983911275863647,32.0,0.0,0.0,outputs/dude_docking_public6_v0/work/docking/try1/active_00011/pose.pdbqt,outputs/dude_docking_public6_v0/work/docking/try1/active_00011/ligand.pdbqt
try1,active,12,CHEMBL91654,success,-6.945,36.0,24.4498291015625,18.66619300842285,29.028499603271484,2.3823358242837513,1.9796075820922852,36.0,0.0,0.0,outputs/dude_docking_public6_v0/work/docking/try1/active_00012/pose.pdbqt,outputs/dude_docking_public6_v0/work/docking/try1/active_00012/ligand.pdbqt
try1,active,13,CHEMBL326417,success,-7.345,37.0,26.581079483032227,17.890594482421875,31.800460815429688,5.452766881052204,2.1262800693511963,33.0,0.0,0.0,outputs/dude_docking_public6_v0/work/docking/try1/active_00013/pose.pdbqt,outputs/dude_docking_public6_v0/work/docking/try1/active_00013/ligand.pdbqt
try1,active,14,CHEMBL326417,success,-7.714,37.0,24.908782958984375,19.171133041381836,28.651105880737305,1.8669726847020125,2.0494441986083984,35.0,0.0,0.0,outputs/dude_docking_public6_v0/work/docking/try1/active_00014/pose.pdbqt,outputs/dude_docking_public6_v0/work/docking/try1/active_00014/ligand.pdbqt
try1,active,15,CHEMBL282260,success,-9.111,43.0,24.84484100341797,20.01030731201172,27.699604034423828,0.8731859902746515,1.983869194984436,42.0,0.0,0.0,outputs/dude_docking_public6_v0/work/docking/try1/active_00015/pose.pdbqt,outputs/dude_docking_public6_v0/work/docking/try1/active_00015/ligand.pdbqt
try1,active,16,CHEMBL418839,success,-8.761,37.0,23.07843017578125,21.083784103393555,26.92719078063965,1.4735870509184033,2.4397804737091064,37.0,0.0,0.0,outputs/dude_docking_public6_v0/work/docking/try1/active_00016/pose.pdbqt,outputs/dude_docking_public6_v0/work/docking/try1/active_00016/ligand.pdbqt
try1,active,17,CHEMBL101049,vina_timeout,,,,,,,,,,,,
try1,active,18,CHEMBL451184,success,-7.204,43.0,25.33708953857422,19.017675399780273,29.685510635375977,2.7787127914426906,1.6606383323669434,39.0,0.0,0.0,outputs/dude_docking_public6_v0/work/docking/try1/active_00018/pose.pdbqt,outputs/dude_docking_public6_v0/work/docking/try1/active_00018/ligand.pdbqt
try1,active,19,CHEMBL451184,success,-7.334,42.0,26.47861671447754,18.422855377197266,30.71633529663086,4.351363202349206,2.000204086303711,38.0,0.0,0.0,outputs/dude_docking_public6_v0/work/docking/try1/active_00019/pose.pdbqt,outputs/dude_docking_public6_v0/work/docking/try1/active_00019/ligand.pdbqt
try1,active,20,CHEMBL451184,success,-7.802,43.0,25.134138107299805,19.51339340209961,28.355876922607422,1.574950340039574,1.8831686973571777,42.0,0.0,0.0,outputs/dude_docking_public6_v0/work/docking/try1/active_00020/pose.pdbqt,outputs/dude_docking_public6_v0/work/docking/try1/active_00020/ligand.pdbqt
try1,active,21,CHEMBL451184,success,-7.973,42.0,24.758113861083984,19.19464111328125,28.9997615814209,2.0033526583846175,1.9969112873077393,41.0,0.0,0.0,outputs/dude_docking_public6_v0/work/docking/try1/active_00021/pose.pdbqt,outputs/dude_docking_public6_v0/work/docking/try1/active_00021/ligand.pdbqt
try1,active,22,CHEMBL41947,success,-6.643,43.0,28.672183990478516,19.55902099609375,29.7646484375,4.999259353885242,1.9485751390457153,41.0,0.0,0.0,outputs/dude_docking_public6_v0/work/docking/try1/active_00022/pose.pdbqt,outputs/dude_docking_public6_v0/work/docking/try1/active_00022/ligand.pdbqt
try1,active,23,CHEMBL174702,success,-8.815,40.0,26.393173217773438,18.678699493408203,32.239505767822266,5.380750084724094,1.8810986280441284,32.0,0.0,0.0,outputs/dude_docking_public6_v0/work/docking/try1/active_00023/pose.pdbqt,outputs/dude_docking_public6_v0/work/docking/try1/active_00023/ligand.pdbqt
try1,active,24,CHEMBL174995,success,-8.392,38.0,29.158550262451172,19.27326202392578,30.678552627563477,5.900867982363535,1.945429801940918,38.0,0.0,0.0,outputs/dude_docking_public6_v0/work/docking/try1/active_00024/pose.pdbqt,outputs/dude_docking_public6_v0/work/docking/try1/active_00024/ligand.pdbqt
try1,active,25,CHEMBL70763,success,-9.208,40.0,23.4680233001709,22.195148468017578,24.569278717041016,3.592414629138733,2.2447845935821533,36.0,0.0,0.0,outputs/dude_docking_public6_v0/work/docking/try1/active_00025/pose.pdbqt,outputs/dude_docking_public6_v0/work/docking/try1/active_00025/ligand.pdbqt
try1,active,26,CHEMBL127773,success,-7.619,37.0,25.970108032226562,18.2925968170166,30.375511169433594,3.94778484367498,1.9506356716156006,35.0,0.0,0.0,outputs/dude_docking_public6_v0/work/docking/try1/active_00026/pose.pdbqt,outputs/dude_docking_public6_v0/work/docking/try1/active_00026/ligand.pdbqt
try1,active,27,CHEMBL141834,success,-7.58,43.0,24.14325714111328,19.626819610595703,28.110675811767578,1.094986084397568,1.9003956317901611,43.0,0.0,0.0,outputs/dude_docking_public6_v0/work/docking/try1/active_00027/pose.pdbqt,outputs/dude_docking_public6_v0/work/docking/try1/active_00027/ligand.pdbqt
try1,active,28,CHEMBL141834,success,-8.107,43.0,23.9750919342041,19.596323013305664,27.99767303466797,1.1167360115314098,2.0407516956329346,42.0,0.0,0.0,outputs/dude_docking_public6_v0/work/docking/try1/active_00028/pose.pdbqt,outputs/dude_docking_public6_v0/work/docking/try1/active_00028/ligand.pdbqt
try1,active,29,CHEMBL84065,success,-8.391,39.0,26.845333099365234,18.333717346191406,30.392793655395508,4.390292488735155,1.6136459112167358,38.0,0.0,0.0,outputs/dude_docking_public6_v0/work/docking/try1/active_00029/pose.pdbqt,outputs/dude_docking_public6_v0/work/docking/try1/active_00029/ligand.pdbqt
try1,decoy,0,ZINC04018031,success,-5.945,21.0,26.363048553466797,17.428428649902344,28.410429000854492,3.9128689478814667,1.3844802379608154,21.0,0.0,0.0,outputs/dude_docking_public6_v0/work/docking/try1/decoy_00000/pose.pdbqt,outputs/dude_docking_public6_v0/work/docking/try1/decoy_00000/ligand.pdbqt
try1,decoy,1,ZINC04477398,success,-7.948,25.0,27.30008316040039,16.628639221191406,29.642160415649414,5.401239209369753,2.0383028984069824,24.0,0.0,0.0,outputs/dude_docking_public6_v0/work/docking/try1/decoy_00001/pose.pdbqt,outputs/dude_docking_public6_v0/work/docking/try1/decoy_00001/ligand.pdbqt
try1,decoy,2,ZINC04529966,success,-5.467,21.0,26.703092575073242,17.474998474121094,29.599760055541992,4.431650884384247,1.8999608755111694,21.0,0.0,0.0,outputs/dude_docking_public6_v0/work/docking/try1/decoy_00002/pose.pdbqt,outputs/dude_docking_public6_v0/work/docking/try1/decoy_00002/ligand.pdbqt
try1,decoy,3,ZINC04718899,success,-6.082,22.0,27.7274112701416,17.355134963989258,29.84895133972168,5.244385577870717,1.7379242181777954,22.0,0.0,0.0,outputs/dude_docking_public6_v0/work/docking/try1/decoy_00003/pose.pdbqt,outputs/dude_docking_public6_v0/work/docking/try1/decoy_00003/ligand.pdbqt
try1,decoy,4,ZINC04718902,success,-6.059,22.0,26.571134567260742,16.961681365966797,29.062131881713867,4.559151162602884,1.8506416082382202,22.0,0.0,0.0,outputs/dude_docking_public6_v0/work/docking/try1/decoy_00004/pose.pdbqt,outputs/dude_docking_public6_v0/work/docking/try1/decoy_00004/ligand.pdbqt
try1,decoy,5,ZINC01674441,success,-7.01,26.0,27.378232955932617,16.403806686401367,29.901424407958984,5.707841141067524,2.3703114986419678,26.0,0.0,0.0,outputs/dude_docking_public6_v0/work/docking/try1/decoy_00005/pose.pdbqt,outputs/dude_docking_public6_v0/work/docking/try1/decoy_00005/ligand.pdbqt
try1,decoy,6,ZINC05131877,success,-6.242,22.0,27.62390899658203,16.73863410949707,29.50763702392578,5.466870514714702,1.942575454711914,22.0,0.0,0.0,outputs/dude_docking_public6_v0/work/docking/try1/decoy_00006/pose.pdbqt,outputs/dude_docking_public6_v0/work/docking/try1/decoy_00006/ligand.pdbqt
try1,decoy,7,ZINC05224152,success,-5.56,31.0,25.715225219726562,18.459096908569336,31.803159713745117,4.8630860288152595,1.7663167715072632,29.0,0.0,0.0,outputs/dude_docking_public6_v0/work/docking/try1/decoy_00007/pose.pdbqt,outputs/dude_docking_public6_v0/work/docking/try1/decoy_00007/ligand.pdbqt
try1,decoy,8,ZINC01605714,success,-5.269,24.0,26.08045768737793,17.891916275024414,30.708251953125,4.461343644635364,2.3569881916046143,24.0,0.0,0.0,outputs/dude_docking_public6_v0/work/docking/try1/decoy_00008/pose.pdbqt,outputs/dude_docking_public6_v0/work/docking/try1/decoy_00008/ligand.pdbqt
try1,decoy,9,ZINC05736110,success,-6.488,31.0,25.974998474121094,18.356290817260742,30.684162139892578,4.128464807317938,1.8800835609436035,28.0,0.0,0.0,outputs/dude_docking_public6_v0/work/docking/try1/decoy_00009/pose.pdbqt,outputs/dude_docking_public6_v0/work/docking/try1/decoy_00009/ligand.pdbqt
try1,decoy,10,ZINC06158052,success,-6.35,24.0,27.301544189453125,17.25237464904785,28.932165145874023,4.7255846920573035,1.6111977100372314,24.0,0.0,0.0,outputs/dude_docking_public6_v0/work/docking/try1/decoy_00010/pose.pdbqt,outputs/dude_docking_public6_v0/work/docking/try1/decoy_00010/ligand.pdbqt
try1,decoy,11,ZINC06468498,success,-6.462,29.0,26.164514541625977,17.25861930847168,30.829967498779297,4.984822037577847,2.126844644546509,28.0,0.0,0.0,outputs/dude_docking_public6_v0/work/docking/try1/decoy_00011/pose.pdbqt,outputs/dude_docking_public6_v0/work/docking/try1/decoy_00011/ligand.pdbqt
try1,decoy,12,ZINC06469326,success,-6.479,29.0,24.21965789794922,19.49303436279297,28.537206649780273,1.413810515044645,2.063887596130371,28.0,0.0,0.0,outputs/dude_docking_public6_v0/work/docking/try1/decoy_00012/pose.pdbqt,outputs/dude_docking_public6_v0/work/docking/try1/decoy_00012/ligand.pdbqt
try1,decoy,13,ZINC04772566,success,-6.97,24.0,27.1790828704834,17.08254051208496,29.547250747680664,4.965209018257531,2.2209503650665283,24.0,0.0,0.0,outputs/dude_docking_public6_v0/work/docking/try1/decoy_00013/pose.pdbqt,outputs/dude_docking_public6_v0/work/docking/try1/decoy_00013/ligand.pdbqt
try1,decoy,14,ZINC15134554,success,-6.56,26.0,27.198652267456055,17.596500396728516,29.487730026245117,4.599827233208281,1.8869801759719849,26.0,0.0,0.0,outputs/dude_docking_public6_v0/work/docking/try1/decoy_00014/pose.pdbqt,outputs/dude_docking_public6_v0/work/docking/try1/decoy_00014/ligand.pdbqt
try1,decoy,15,ZINC16137473,success,-6.464,21.0,27.273855209350586,16.978092193603516,28.98781394958496,4.923034795391699,1.6968510150909424,21.0,0.0,0.0,outputs/dude_docking_public6_v0/work/docking/try1/decoy_00015/pose.pdbqt,outputs/dude_docking_public6_v0/work/docking/try1/decoy_00015/ligand.pdbqt
try1,decoy,16,ZINC16322549,success,-6.509,24.0,26.88458251953125,17.07929229736328,29.619375228881836,4.827360202187844,1.6472218036651611,24.0,0.0,0.0,outputs/dude_docking_public6_v0/work/docking/try1/decoy_00016/pose.pdbqt,outputs/dude_docking_public6_v0/work/docking/try1/decoy_00016/ligand.pdbqt
try1,decoy,17,ZINC19319963,success,-6.162,24.0,28.89912223815918,17.613916397094727,29.494041442871094,5.832508825602897,1.8304150104522705,24.0,0.0,0.0,outputs/dude_docking_public6_v0/work/docking/try1/decoy_00017/pose.pdbqt,outputs/dude_docking_public6_v0/work/docking/try1/decoy_00017/ligand.pdbqt
try1,decoy,18,ZINC22059715,success,-6.672,29.0,26.109447479248047,17.9455509185791,29.743688583374023,3.8567643553129134,2.1551804542541504,28.0,0.0,0.0,outputs/dude_docking_public6_v0/work/docking/try1/decoy_00018/pose.pdbqt,outputs/dude_docking_public6_v0/work/docking/try1/decoy_00018/ligand.pdbqt
try1,decoy,19,ZINC22059719,success,-6.03,29.0,26.617033004760742,18.503725051879883,30.49782943725586,4.237445620276184,1.7255390882492065,26.0,0.0,0.0,outputs/dude_docking_public6_v0/work/docking/try1/decoy_00019/pose.pdbqt,outputs/dude_docking_public6_v0/work/docking/try1/decoy_00019/ligand.pdbqt
try1,decoy,20,ZINC22591934,success,-5.89,23.0,27.97043800354004,17.129436492919922,29.16008949279785,5.322185457921433,1.7075644731521606,23.0,0.0,0.0,outputs/dude_docking_public6_v0/work/docking/try1/decoy_00020/pose.pdbqt,outputs/dude_docking_public6_v0/work/docking/try1/decoy_00020/ligand.pdbqt
try1,decoy,21,ZINC32107339,success,-6.255,22.0,26.607635498046875,16.934907913208008,29.056276321411133,4.597742006519948,1.7789822816848755,22.0,0.0,0.0,outputs/dude_docking_public6_v0/work/docking/try1/decoy_00021/pose.pdbqt,outputs/dude_docking_public6_v0/work/docking/try1/decoy_00021/ligand.pdbqt
try1,decoy,22,ZINC33665985,success,-7.133,24.0,26.381500244140625,17.237749099731445,29.30433464050293,4.32363495913492,2.097040891647339,24.0,0.0,0.0,outputs/dude_docking_public6_v0/work/docking/try1/decoy_00022/pose.pdbqt,outputs/dude_docking_public6_v0/work/docking/try1/decoy_00022/ligand.pdbqt
try1,decoy,23,ZINC17527325,success,-7.012,23.0,27.44074058532715,16.955087661743164,30.11774444580078,5.440413922233843,2.0563910007476807,23.0,0.0,0.0,outputs/dude_docking_public6_v0/work/docking/try1/decoy_00023/pose.pdbqt,outputs/dude_docking_public6_v0/work/docking/try1/decoy_00023/ligand.pdbqt
try1,decoy,24,ZINC04320893,success,-6.011,22.0,27.012819290161133,17.025680541992188,29.262636184692383,4.8115253025332985,1.9048939943313599,22.0,0.0,0.0,outputs/dude_docking_public6_v0/work/docking/try1/decoy_00024/pose.pdbqt,outputs/dude_docking_public6_v0/work/docking/try1/decoy_00024/ligand.pdbqt
try1,decoy,25,ZINC38646447,success,-5.819,23.0,26.63578224182129,17.147872924804688,28.422130584716797,4.294190316740353,2.1073713302612305,23.0,0.0,0.0,outputs/dude_docking_public6_v0/work/docking/try1/decoy_00025/pose.pdbqt,outputs/dude_docking_public6_v0/work/docking/try1/decoy_00025/ligand.pdbqt
try1,decoy,26,ZINC40736212,success,-5.956,22.0,27.871000289916992,17.068138122558594,29.112682342529297,5.281476953985313,1.149750828742981,22.0,1.0,0.0,outputs/dude_docking_public6_v0/work/docking/try1/decoy_00026/pose.pdbqt,outputs/dude_docking_public6_v0/work/docking/try1/decoy_00026/ligand.pdbqt
try1,decoy,27,ZINC40759723,success,-7.105,23.0,27.197656631469727,15.83382797241211,28.957260131835938,5.779247431278083,1.8237932920455933,23.0,0.0,0.0,outputs/dude_docking_public6_v0/work/docking/try1/decoy_00027/pose.pdbqt,outputs/dude_docking_public6_v0/work/docking/try1/decoy_00027/ligand.pdbqt
try1,decoy,28,ZINC41679629,success,-5.591,23.0,26.088563919067383,17.60382652282715,28.456130981445312,3.6319306103239106,2.122732639312744,23.0,0.0,0.0,outputs/dude_docking_public6_v0/work/docking/try1/decoy_00028/pose.pdbqt,outputs/dude_docking_public6_v0/work/docking/try1/decoy_00028/ligand.pdbqt
try1,decoy,29,ZINC44019145,success,-5.987,24.0,27.197580337524414,17.572500228881836,29.41849708557129,4.588921559810194,2.16507887840271,24.0,0.0,0.0,outputs/dude_docking_public6_v0/work/docking/try1/decoy_00029/pose.pdbqt,outputs/dude_docking_public6_v0/work/docking/try1/decoy_00029/ligand.pdbqt
