split,seed,pocket_id,group_id,fold
domain_group,11,2pqw-A-rec-2rhy-mlz-lig-tt-min-0-pocket10_2pqw-A-rec-2rhy-mlz-lig-tt-min-0,LMBL1_HUMAN_198_526_0,0
domain_group,11,2rhy-A-rec-2rhy-mlz-lig-tt-min-0-pocket10_2rhy-A-rec-2rhy-mlz-lig-tt-min-0,LMBL1_HUMAN_198_526_0,0
domain_group,11,2f2c-B-rec-1xo2-fse-lig-tt-min-0-pocket10_2f2c-B-rec-1xo2-fse-lig-tt-min-0,CDK6_HUMAN_1_312_0,0
domain_group,11,4aua-A-rec-4aua-4au-lig-it2-tt-docked-7-pocket10_4aua-A-rec-4aua-4au-lig-it2-tt-docked-7,CDK6_HUMAN_1_312_0,0
domain_group,11,1l3l-A-rec-1l3l-lae-lig-tt-min-0-pocket10_1l3l-A-rec-1l3l-lae-lig-tt-min-0,TRAR_RHIRD_1_234_0,0
domain_group,11,2pc8-A-rec-1eqc-cts-lig-tt-docked-6-pocket10_2pc8-A-rec-1eqc-cts-lig-tt-docked-6,EXG1_CANAL_41_438_0,0
domain_group,11,3nfb-A-rec-3nfb-oae-lig-tt-docked-2-pocket10_3nfb-A-rec-3nfb-oae-lig-tt-docked-2,BAPA_SPHXN_30_402_0,0
domain_group,11,5q0k-A-rec-5q0q-9ld-lig-tt-docked-0-pocket10_5q0k-A-rec-5q0q-9ld-lig-tt-docked-0,NR1H4_HUMAN_258_486_0,0
domain_group,11,3af2-A-rec-3af4-gcp-lig-tt-min-0-pocket10_3af2-A-rec-3af4-gcp-lig-tt-min-0,COAA_MYCTU_1_312_0,0
domain_group,11,4lfu-A-rec-4y13-480-lig-tt-min-0-pocket10_4lfu-A-rec-4y13-480-lig-tt-min-0,SDIA_ECOLI_1_171_0,0
domain_group,11,3pdh-A-rec-4buz-ocz-lig-tt-min-0-pocket10_3pdh-A-rec-4buz-ocz-lig-tt-min-0,NPD_THEMA_1_246_0,0
domain_group,11,4qlk-A-rec-4qlk-ctt-lig-tt-docked-0-pocket10_4qlk-A-rec-4qlk-ctt-lig-tt-docked-0,BGL07_ORYSJ_25_504_0,0
domain_group,11,4pxz-A-rec-4pxz-6ad-lig-tt-min-0-pocket10_4pxz-A-rec-4pxz-6ad-lig-tt-min-0,P2Y12_HUMAN_1_342_0,0
domain_group,11,3l3n-A-rec-2iux-nxa-lig-tt-docked-2-pocket10_3l3n-A-rec-2iux-nxa-lig-tt-docked-2,ACE_HUMAN_650_1230_0,0
domain_group,11,3li4-A-rec-2gvv-di9-lig-tt-min-0-pocket10_3li4-A-rec-2gvv-di9-lig-tt-min-0,DFPA_LOLVU_2_314_0,0
domain_group,11,4yhj-A-rec-4yhj-an2-lig-tt-min-0-pocket10_4yhj-A-rec-4yhj-an2-lig-tt-min-0,GRK4_HUMAN_1_578_0,0
domain_group,11,4rlu-A-rec-4rlu-hcc-lig-tt-min-0-pocket10_4rlu-A-rec-4rlu-hcc-lig-tt-min-0,Y635_MYCTU_1_158_0,0
domain_group,11,3chc-B-rec-3ch9-xrg-lig-tt-min-0-pocket10_3chc-B-rec-3ch9-xrg-lig-tt-min-0,CHIB1_ASPFM_39_433_0,0
domain_group,11,4keu-A-rec-4ket-pg4-lig-tt-min-0-pocket10_4keu-A-rec-4ket-pg4-lig-tt-min-0,PHP_SULSO_1_314_0,0
domain_group,11,1h36-A-rec-1o79-r23-lig-tt-docked-5-pocket10_1h36-A-rec-1o79-r23-lig-tt-docked-5,SQHC_ALIAD_1_631_0,0
domain_group,11,1dxo-C-rec-1gg5-e09-lig-tt-min-0-pocket10_1dxo-C-rec-1gg5-e09-lig-tt-min-0,NQO1_HUMAN_2_274_0,1
domain_group,11,1gg5-A-rec-1kbo-340-lig-tt-min-0-pocket10_1gg5-A-rec-1kbo-340-lig-tt-min-0,NQO1_HUMAN_2_274_0,1
domain_group,11,3tym-A-rec-3n5v-xfh-lig-tt-min-0-pocket10_3tym-A-rec-3n5v-xfh-lig-tt-min-0,NOS1_HUMAN_302_723_0,1
domain_group,11,4d7o-A-rec-3n5z-xfm-lig-tt-min-0-pocket10_4d7o-A-rec-3n5z-xfm-lig-tt-min-0,NOS1_HUMAN_302_723_0,1
domain_group,11,3gs6-A-rec-2oxn-oan-lig-tt-docked-4-pocket10_3gs6-A-rec-2oxn-oan-lig-tt-docked-4,NAGZ_VIBCH_1_330_0,1
domain_group,11,2rma-A-rec-3rdd-ea4-lig-tt-docked-0-pocket10_2rma-A-rec-3rdd-ea4-lig-tt-docked-0,PPIA_HUMAN_1_165_0,1
domain_group,11,1a2g-A-rec-4jmv-1ly-lig-tt-min-0-pocket10_1a2g-A-rec-4jmv-1ly-lig-tt-min-0,CCPR_YEAST_69_361_0,1
domain_group,11,5mma-A-rec-4ztf-x2p-lig-tt-min-0-pocket10_5mma-A-rec-4ztf-x2p-lig-tt-min-0,POL_FOAMV_861_1060_0,1
domain_group,11,4rn0-B-rec-4rn1-l8g-lig-tt-min-0-pocket10_4rn0-B-rec-4rn1-l8g-lig-tt-min-0,HDAC8_HUMAN_1_377_0,1
domain_group,11,3u9f-C-rec-3u9f-clm-lig-tt-min-0-pocket10_3u9f-C-rec-3u9f-clm-lig-tt-min-0,CAT_ECOLX_1_219_0,1
domain_group,11,2jjg-A-rec-2jjg-plp-lig-tt-min-0-pocket10_2jjg-A-rec-2jjg-plp-lig-tt-min-0,LAT_MYCTU_1_449_0,1
domain_group,11,4h3c-A-rec-5cqj-53q-lig-tt-docked-2-pocket10_4h3c-A-rec-5cqj-53q-lig-tt-docked-2,UPPS_ECOLI_1_253_0,1
domain_group,11,4azf-A-rec-5lxc-7aa-lig-tt-min-0-pocket10_4azf-A-rec-5lxc-7aa-lig-tt-min-0,DYRK2_HUMAN_145_550_0,1
domain_group,11,2z3h-A-rec-1wn6-bst-lig-tt-docked-3-pocket10_2z3h-A-rec-1wn6-bst-lig-tt-docked-3,BSD_ASPTE_1_130_0,1
domain_group,11,1phk-A-rec-1phk-atp-lig-tt-min-0-pocket10_1phk-A-rec-1phk-atp-lig-tt-min-0,PHKG1_RABIT_6_296_ATPsite_0,1
domain_group,11,3v4t-A-rec-4e7f-udp-lig-tt-min-0-pocket10_3v4t-A-rec-4e7f-udp-lig-tt-min-0,MURA_ECOLI_1_419_catalytic_0,1
domain_group,11,5aeh-A-rec-5aeh-8ir-lig-tt-docked-0-pocket10_5aeh-A-rec-5aeh-8ir-lig-tt-docked-0,TNKS2_HUMAN_948_1162_0,1
domain_group,11,5b08-A-rec-5b09-4mx-lig-tt-min-0-pocket10_5b08-A-rec-5b09-4mx-lig-tt-min-0,OLIAC_CANSA_1_101_0,1
domain_group,11,3kc1-A-rec-3kc1-2t6-lig-tt-min-0-pocket10_3kc1-A-rec-3kc1-2t6-lig-tt-min-0,F16P1_HUMAN_1_338_0,1
domain_group,11,5mgl-A-rec-5mgl-7mu-lig-tt-min-0-pocket10_5mgl-A-rec-5mgl-7mu-lig-tt-min-0,BAZ2A_HUMAN_1795_1898_0,1
domain_group,11,2e6d-A-rec-2e6d-fum-lig-tt-min-0-pocket10_2e6d-A-rec-2e6d-fum-lig-tt-min-0,PYRD_TRYCC_2_314_catalytic_0,2
domain_group,11,3w83-B-rec-2e6d-fum-lig-tt-min-0-pocket10_3w83-B-rec-2e6d-fum-lig-tt-min-0,PYRD_TRYCC_2_314_catalytic_0,2
domain_group,11,3b6h-A-rec-3b6h-mxd-lig-tt-min-0-pocket10_3b6h-A-rec-3b6h-mxd-lig-tt-min-0,PTGIS_HUMAN_20_500_0,2
domain_group,11,3o96-A-rec-3o96-iqo-lig-tt-docked-2-pocket10_3o96-A-rec-3o96-iqo-lig-tt-docked-2,AKT1_HUMAN_1_137_0,2
domain_group,11,5i0b-A-rec-5vef-m77-lig-tt-min-0-pocket10_5i0b-A-rec-5vef-m77-lig-tt-min-0,PAK4_HUMAN_291_591_ATP_0,2
domain_group,11,2azy-A-rec-2azy-chd-lig-tt-docked-0-pocket10_2azy-A-rec-2azy-chd-lig-tt-docked-0,PA21B_PIG_23_146_0,2
domain_group,11,4aaw-A-rec-4ac3-r83-lig-tt-min-0-pocket10_4aaw-A-rec-4ac3-r83-lig-tt-min-0,GLMU_STRPN_2_459_0,2
domain_group,11,1ai4-A-rec-1ai5-mnp-lig-tt-docked-0-pocket10_1ai4-A-rec-1ai5-mnp-lig-tt-docked-0,PAC_ECOLX_27_846_0,2
domain_group,11,4p6p-A-rec-4p77-5rp-lig-tt-docked-0-pocket10_4p6p-A-rec-4p77-5rp-lig-tt-docked-0,RIBB_VIBCH_2_218_0,2
domain_group,11,2hcj-B-rec-2hcj-gdp-lig-tt-docked-0-pocket10_2hcj-B-rec-2hcj-gdp-lig-tt-docked-0,EFTU1_ECOLI_2_178_0,2
domain_group,11,4iwq-A-rec-4jlc-su6-lig-tt-min-0-pocket10_4iwq-A-rec-4jlc-su6-lig-tt-min-0,TBK1_HUMAN_1_303_0,2
domain_group,11,1d7j-A-rec-1tco-fk5-lig-tt-docked-0-pocket10_1d7j-A-rec-1tco-fk5-lig-tt-docked-0,FKB1A_HUMAN_2_108_0,2
domain_group,11,4u5s-A-rec-4u54-3c5-lig-tt-min-0-pocket10_4u5s-A-rec-4u54-3c5-lig-tt-min-0,IMA1_HUMAN_68_497_0,2
domain_group,11,1k9t-A-rec-2wlz-dio-lig-tt-min-0-pocket10_1k9t-A-rec-2wlz-dio-lig-tt-min-0,CHIA_SERMA_19_563_0,2
domain_group,11,5liu-X-rec-4gq0-qap-lig-tt-min-0-pocket10_5liu-X-rec-4gq0-qap-lig-tt-min-0,AK1BA_HUMAN_1_316_0,2
domain_group,11,3g51-A-rec-3g51-anp-lig-tt-min-0-pocket10_3g51-A-rec-3g51-anp-lig-tt-min-0,KS6A3_HUMAN_41_357_0,2
domain_group,11,3dzh-A-rec-3u4i-cvr-lig-tt-docked-0-pocket10_3dzh-A-rec-3u4i-cvr-lig-tt-docked-0,CD38_HUMAN_44_300_0,2
domain_group,11,2e24-A-rec-1j0n-ceg-lig-tt-docked-14-pocket10_2e24-A-rec-1j0n-ceg-lig-tt-docked-14,XANLY_BACGL_26_777_0,2
domain_group,11,2v3r-A-rec-1dy4-snp-lig-tt-docked-1-pocket10_2v3r-A-rec-1dy4-snp-lig-tt-docked-1,GUX1_HYPJE_18_451_0,2
domain_group,11,5d7n-D-rec-4jt9-1ns-lig-tt-min-0-pocket10_5d7n-D-rec-4jt9-1ns-lig-tt-min-0,SIR3_HUMAN_117_398_0,2
domain_group,11,1rs9-A-rec-1dmk-itu-lig-tt-min-0-pocket10_1rs9-A-rec-1dmk-itu-lig-tt-min-0,NOS3_HUMAN_65_480_0,3
domain_group,11,4kcq-A-rec-4cwv-hw8-lig-tt-min-0-pocket10_4kcq-A-rec-4cwv-hw8-lig-tt-min-0,NOS3_HUMAN_65_480_0,3
domain_group,11,1umd-B-rec-1umb-tdp-lig-tt-docked-1-pocket10_1umd-B-rec-1umb-tdp-lig-tt-docked-1,ODBB_THET8_1_324_0,3
domain_group,11,1fmc-B-rec-1fmc-cho-lig-tt-docked-1-pocket10_1fmc-B-rec-1fmc-cho-lig-tt-docked-1,HDHA_ECOLI_1_255_0,3
domain_group,11,5ngz-A-rec-5ngz-2bg-lig-tt-min-0-pocket10_5ngz-A-rec-5ngz-2bg-lig-tt-min-0,UBE2T_HUMAN_1_156_0,3
domain_group,11,4xli-B-rec-4xli-1n1-lig-tt-min-0-pocket10_4xli-B-rec-4xli-1n1-lig-tt-min-0,ABL2_HUMAN_274_551_0,3
domain_group,11,2cy0-A-rec-2d5c-skm-lig-tt-min-0-pocket10_2cy0-A-rec-2d5c-skm-lig-tt-min-0,AROE_THET8_1_263_0,3
domain_group,11,3daf-A-rec-3daf-feg-lig-tt-docked-0-pocket10_3daf-A-rec-3daf-feg-lig-tt-docked-0,HMD_METJA_1_358_0,3
domain_group,11,3pnm-A-rec-3pnq-2ha-lig-tt-docked-10-pocket10_3pnm-A-rec-3pnq-2ha-lig-tt-docked-10,DHAK_ECOLI_1_356_0,3
domain_group,11,4tos-A-rec-4tos-355-lig-tt-min-0-pocket10_4tos-A-rec-4tos-355-lig-tt-min-0,TNKS1_HUMAN_1099_1319_0,3
domain_group,11,4ja8-B-rec-4ja8-1k9-lig-tt-docked-0-pocket10_4ja8-B-rec-4ja8-1k9-lig-tt-docked-0,IDHP_HUMAN_40_452_0,3
domain_group,11,4gvd-A-rec-4nxr-ans-lig-tt-min-0-pocket10_4gvd-A-rec-4nxr-ans-lig-tt-min-0,TIAM1_HUMAN_840_931_0,3
domain_group,11,4q8b-B-rec-4q8b-sxx-lig-tt-min-0-pocket10_4q8b-B-rec-4q8b-sxx-lig-tt-min-0,COTA_BACSU_1_513_0,3
domain_group,11,1jn2-P-rec-1val-png-lig-tt-docked-11-pocket10_1jn2-P-rec-1val-png-lig-tt-docked-11,CONA_CANCT_1_237_0,3
domain_group,11,5tjn-A-rec-1zj1-nlc-lig-tt-docked-4-pocket10_5tjn-A-rec-1zj1-nlc-lig-tt-docked-4,BGAT_HUMAN_63_353_0,3
domain_group,11,4rv4-A-rec-4rv4-prp-lig-tt-docked-2-pocket10_4rv4-A-rec-4rv4-prp-lig-tt-docked-2,PYRE_BACAN_1_210_0,3
domain_group,11,1afs-A-rec-1afs-tes-lig-tt-min-0-pocket10_1afs-A-rec-1afs-tes-lig-tt-min-0,DIDH_RAT_1_319_0,3
domain_group,11,3u5y-B-rec-3u57-dh8-lig-tt-min-0-pocket10_3u5y-B-rec-3u57-dh8-lig-tt-min-0,RG1_RAUSE_1_513_0,3
domain_group,11,5w2g-A-rec-5w2i-adp-lig-tt-min-0-pocket10_5w2g-A-rec-5w2i-adp-lig-tt-min-0,IPMK_HUMAN_49_416_0,3
domain_group,11,1coy-A-rec-1coy-and-lig-tt-docked-0-pocket10_1coy-A-rec-1coy-and-lig-tt-docked-0,CHOD_BREST_46_552_0,3
domain_group,11,1h0i-A-rec-1e6z-ngo-lig-it2-tt-docked-15-pocket10_1h0i-A-rec-1e6z-ngo-lig-it2-tt-docked-15,CHIB_SERMA_1_499_0,4
domain_group,11,4z2g-A-rec-4z2g-m6v-lig-tt-docked-16-pocket10_4z2g-A-rec-4z2g-m6v-lig-tt-docked-16,CHIB_SERMA_1_499_0,4
domain_group,11,1djy-A-rec-1djz-ip2-lig-tt-min-0-pocket10_1djy-A-rec-1djz-ip2-lig-tt-min-0,PLCD1_RAT_134_756_0,4
domain_group,11,1r1h-A-rec-1r1h-bir-lig-tt-docked-1-pocket10_1r1h-A-rec-1r1h-bir-lig-tt-docked-1,NEP_HUMAN_54_750_0,4
domain_group,11,4bel-A-rec-2ewy-dbo-lig-tt-min-0-pocket10_4bel-A-rec-2ewy-dbo-lig-tt-min-0,BACE2_HUMAN_76_460_0,4
domain_group,11,3jyh-A-rec-3n0t-opy-lig-tt-min-0-pocket10_3jyh-A-rec-3n0t-opy-lig-tt-min-0,DPP2_HUMAN_27_492_0,4
domain_group,11,4g3d-B-rec-4idv-13v-lig-tt-min-0-pocket10_4g3d-B-rec-4idv-13v-lig-tt-min-0,M3K14_HUMAN_321_678_0,4
domain_group,11,14gs-A-rec-20gs-cbd-lig-tt-min-0-pocket10_14gs-A-rec-20gs-cbd-lig-tt-min-0,GSTP1_HUMAN_2_210_0,4
domain_group,11,1e8h-A-rec-1e8h-adp-lig-tt-min-0-pocket10_1e8h-A-rec-1e8h-adp-lig-tt-min-0,VAOX_PENSI_1_560_0,4
domain_group,11,4f1m-A-rec-4f1m-acp-lig-tt-min-0-pocket10_4f1m-A-rec-4f1m-acp-lig-tt-min-0,ROCO4_DICDI_1009_1292_0,4
domain_group,11,4zfa-A-rec-1smj-pam-lig-tt-min-0-pocket10_4zfa-A-rec-1smj-pam-lig-tt-min-0,CPXB_BACMB_2_464_0,4
domain_group,11,5bur-A-rec-5x8f-amp-lig-tt-docked-7-pocket10_5bur-A-rec-5x8f-amp-lig-tt-docked-7,MENE_BACSU_2_486_0,4
domain_group,11,2zen-A-rec-2afx-1bn-lig-tt-docked-7-pocket10_2zen-A-rec-2afx-1bn-lig-tt-docked-7,QPCT_HUMAN_33_361_0,4
domain_group,11,3ej8-A-rec-2nsi-itu-lig-tt-min-0-pocket10_3ej8-A-rec-2nsi-itu-lig-tt-min-0,NOS2_HUMAN_78_505_0,4
domain_group,11,4m7t-A-rec-4m7t-sam-lig-tt-min-0-pocket10_4m7t-A-rec-4m7t-sam-lig-tt-min-0,BTRN_BACCI_2_250_0,4
domain_group,11,2gns-A-rec-4qer-stl-lig-tt-min-0-pocket10_2gns-A-rec-4qer-stl-lig-tt-min-0,PA2B8_DABRR_1_121_0,4
domain_group,11,5l1v-A-rec-5l1v-7pf-lig-tt-docked-0-pocket10_5l1v-A-rec-5l1v-7pf-lig-tt-docked-0,PNTM_STRAE_2_398_0,4
domain_group,11,4tqr-A-rec-2xca-doc-lig-tt-min-0-pocket10_4tqr-A-rec-2xca-doc-lig-tt-min-0,DPO4_SULSO_1_347_0,4
domain_group,11,3hy9-B-rec-3hyg-099-lig-tt-min-0-pocket10_3hy9-B-rec-3hyg-099-lig-tt-min-0,ATS5_HUMAN_262_480_0,4
domain_group,11,4iiy-A-rec-3tle-gsu-lig-tt-docked-12-pocket10_4iiy-A-rec-3tle-gsu-lig-tt-docked-12,MCCF_ECOLX_1_344_0,4
domain_group,22,1rs9-A-rec-1dmk-itu-lig-tt-min-0-pocket10_1rs9-A-rec-1dmk-itu-lig-tt-min-0,NOS3_HUMAN_65_480_0,0
domain_group,22,4kcq-A-rec-4cwv-hw8-lig-tt-min-0-pocket10_4kcq-A-rec-4cwv-hw8-lig-tt-min-0,NOS3_HUMAN_65_480_0,0
domain_group,22,3tym-A-rec-3n5v-xfh-lig-tt-min-0-pocket10_3tym-A-rec-3n5v-xfh-lig-tt-min-0,NOS1_HUMAN_302_723_0,0
domain_group,22,4d7o-A-rec-3n5z-xfm-lig-tt-min-0-pocket10_4d7o-A-rec-3n5z-xfm-lig-tt-min-0,NOS1_HUMAN_302_723_0,0
domain_group,22,1k9t-A-rec-2wlz-dio-lig-tt-min-0-pocket10_1k9t-A-rec-2wlz-dio-lig-tt-min-0,CHIA_SERMA_19_563_0,0
domain_group,22,5l1v-A-rec-5l1v-7pf-lig-tt-docked-0-pocket10_5l1v-A-rec-5l1v-7pf-lig-tt-docked-0,PNTM_STRAE_2_398_0,0
domain_group,22,1a2g-A-rec-4jmv-1ly-lig-tt-min-0-pocket10_1a2g-A-rec-4jmv-1ly-lig-tt-min-0,CCPR_YEAST_69_361_0,0
domain_group,22,2e24-A-rec-1j0n-ceg-lig-tt-docked-14-pocket10_2e24-A-rec-1j0n-ceg-lig-tt-docked-14,XANLY_BACGL_26_777_0,0
domain_group,22,2rma-A-rec-3rdd-ea4-lig-tt-docked-0-pocket10_2rma-A-rec-3rdd-ea4-lig-tt-docked-0,PPIA_HUMAN_1_165_0,0
domain_group,22,3li4-A-rec-2gvv-di9-lig-tt-min-0-pocket10_3li4-A-rec-2gvv-di9-lig-tt-min-0,DFPA_LOLVU_2_314_0,0
domain_group,22,1umd-B-rec-1umb-tdp-lig-tt-docked-1-pocket10_1umd-B-rec-1umb-tdp-lig-tt-docked-1,ODBB_THET8_1_324_0,0
domain_group,22,4keu-A-rec-4ket-pg4-lig-tt-min-0-pocket10_4keu-A-rec-4ket-pg4-lig-tt-min-0,PHP_SULSO_1_314_0,0
domain_group,22,4azf-A-rec-5lxc-7aa-lig-tt-min-0-pocket10_4azf-A-rec-5lxc-7aa-lig-tt-min-0,DYRK2_HUMAN_145_550_0,0
domain_group,22,1l3l-A-rec-1l3l-lae-lig-tt-min-0-pocket10_1l3l-A-rec-1l3l-lae-lig-tt-min-0,TRAR_RHIRD_1_234_0,0
domain_group,22,4f1m-A-rec-4f1m-acp-lig-tt-min-0-pocket10_4f1m-A-rec-4f1m-acp-lig-tt-min-0,ROCO4_DICDI_1009_1292_0,0
domain_group,22,4u5s-A-rec-4u54-3c5-lig-tt-min-0-pocket10_4u5s-A-rec-4u54-3c5-lig-tt-min-0,IMA1_HUMAN_68_497_0,0
domain_group,22,4rv4-A-rec-4rv4-prp-lig-tt-docked-2-pocket10_4rv4-A-rec-4rv4-prp-lig-tt-docked-2,PYRE_BACAN_1_210_0,0
domain_group,22,2zen-A-rec-2afx-1bn-lig-tt-docked-7-pocket10_2zen-A-rec-2afx-1bn-lig-tt-docked-7,QPCT_HUMAN_33_361_0,0
domain_group,22,4h3c-A-rec-5cqj-53q-lig-tt-docked-2-pocket10_4h3c-A-rec-5cqj-53q-lig-tt-docked-2,UPPS_ECOLI_1_253_0,0
domain_group,22,3ej8-A-rec-2nsi-itu-lig-tt-min-0-pocket10_3ej8-A-rec-2nsi-itu-lig-tt-min-0,NOS2_HUMAN_78_505_0,0
domain_group,22,2f2c-B-rec-1xo2-fse-lig-tt-min-0-pocket10_2f2c-B-rec-1xo2-fse-lig-tt-min-0,CDK6_HUMAN_1_312_0,1
domain_group,22,4aua-A-rec-4aua-4au-lig-it2-tt-docked-7-pocket10_4aua-A-rec-4aua-4au-lig-it2-tt-docked-7,CDK6_HUMAN_1_312_0,1
domain_group,22,1h0i-A-rec-1e6z-ngo-lig-it2-tt-docked-15-pocket10_1h0i-A-rec-1e6z-ngo-lig-it2-tt-docked-15,CHIB_SERMA_1_499_0,1
domain_group,22,4z2g-A-rec-4z2g-m6v-lig-tt-docked-16-pocket10_4z2g-A-rec-4z2g-m6v-lig-tt-docked-16,CHIB_SERMA_1_499_0,1
domain_group,22,2pc8-A-rec-1eqc-cts-lig-tt-docked-6-pocket10_2pc8-A-rec-1eqc-cts-lig-tt-docked-6,EXG1_CANAL_41_438_0,1
domain_group,22,2v3r-A-rec-1dy4-snp-lig-tt-docked-1-pocket10_2v3r-A-rec-1dy4-snp-lig-tt-docked-1,GUX1_HYPJE_18_451_0,1
domain_group,22,5b08-A-rec-5b09-4mx-lig-tt-min-0-pocket10_5b08-A-rec-5b09-4mx-lig-tt-min-0,OLIAC_CANSA_1_101_0,1
domain_group,22,2azy-A-rec-2azy-chd-lig-tt-docked-0-pocket10_2azy-A-rec-2azy-chd-lig-tt-docked-0,PA21B_PIG_23_146_0,1
domain_group,22,4xli-B-rec-4xli-1n1-lig-tt-min-0-pocket10_4xli-B-rec-4xli-1n1-lig-tt-min-0,ABL2_HUMAN_274_551_0,1
domain_group,22,4yhj-A-rec-4yhj-an2-lig-tt-min-0-pocket10_4yhj-A-rec-4yhj-an2-lig-tt-min-0,GRK4_HUMAN_1_578_0,1
domain_group,22,4m7t-A-rec-4m7t-sam-lig-tt-min-0-pocket10_4m7t-A-rec-4m7t-sam-lig-tt-min-0,BTRN_BACCI_2_250_0,1
domain_group,22,1afs-A-rec-1afs-tes-lig-tt-min-0-pocket10_1afs-A-rec-1afs-tes-lig-tt-min-0,DIDH_RAT_1_319_0,1
domain_group,22,2gns-A-rec-4qer-stl-lig-tt-min-0-pocket10_2gns-A-rec-4qer-stl-lig-tt-min-0,PA2B8_DABRR_1_121_0,1
domain_group,22,3o96-A-rec-3o96-iqo-lig-tt-docked-2-pocket10_3o96-A-rec-3o96-iqo-lig-tt-docked-2,AKT1_HUMAN_1_137_0,1
domain_group,22,4iiy-A-rec-3tle-gsu-lig-tt-docked-12-pocket10_4iiy-A-rec-3tle-gsu-lig-tt-docked-12,MCCF_ECOLX_1_344_0,1
domain_group,22,5w2g-A-rec-5w2i-adp-lig-tt-min-0-pocket10_5w2g-A-rec-5w2i-adp-lig-tt-min-0,IPMK_HUMAN_49_416_0,1
domain_group,22,1h36-A-rec-1o79-r23-lig-tt-docked-5-pocket10_1h36-A-rec-1o79-r23-lig-tt-docked-5,SQHC_ALIAD_1_631_0,1
domain_group,22,3nfb-A-rec-3nfb-oae-lig-tt-docked-2-pocket10_3nfb-A-rec-3nfb-oae-lig-tt-docked-2,BAPA_SPHXN_30_402_0,1
domain_group,22,3gs6-A-rec-2oxn-oan-lig-tt-docked-4-pocket10_3gs6-A-rec-2oxn-oan-lig-tt-docked-4,NAGZ_VIBCH_1_330_0,1
domain_group,22,5aeh-A-rec-5aeh-8ir-lig-tt-docked-0-pocket10_5aeh-A-rec-5aeh-8ir-lig-tt-docked-0,TNKS2_HUMAN_948_1162_0,1
domain_group,22,2pqw-A-rec-2rhy-mlz-lig-tt-min-0-pocket10_2pqw-A-rec-2rhy-mlz-lig-tt-min-0,LMBL1_HUMAN_198_526_0,2
domain_group,22,2rhy-A-rec-2rhy-mlz-lig-tt-min-0-pocket10_2rhy-A-rec-2rhy-mlz-lig-tt-min-0,LMBL1_HUMAN_198_526_0,2
domain_group,22,3daf-A-rec-3daf-feg-lig-tt-docked-0-pocket10_3daf-A-rec-3daf-feg-lig-tt-docked-0,HMD_METJA_1_358_0,2
domain_group,22,1jn2-P-rec-1val-png-lig-tt-docked-11-pocket10_1jn2-P-rec-1val-png-lig-tt-docked-11,CONA_CANCT_1_237_0,2
domain_group,22,1e8h-A-rec-1e8h-adp-lig-tt-min-0-pocket10_1e8h-A-rec-1e8h-adp-lig-tt-min-0,VAOX_PENSI_1_560_0,2
domain_group,22,3af2-A-rec-3af4-gcp-lig-tt-min-0-pocket10_3af2-A-rec-3af4-gcp-lig-tt-min-0,COAA_MYCTU_1_312_0,2
domain_group,22,4g3d-B-rec-4idv-13v-lig-tt-min-0-pocket10_4g3d-B-rec-4idv-13v-lig-tt-min-0,M3K14_HUMAN_321_678_0,2
domain_group,22,4lfu-A-rec-4y13-480-lig-tt-min-0-pocket10_4lfu-A-rec-4y13-480-lig-tt-min-0,SDIA_ECOLI_1_171_0,2
domain_group,22,3chc-B-rec-3ch9-xrg-lig-tt-min-0-pocket10_3chc-B-rec-3ch9-xrg-lig-tt-min-0,CHIB1_ASPFM_39_433_0,2
domain_group,22,1djy-A-rec-1djz-ip2-lig-tt-min-0-pocket10_1djy-A-rec-1djz-ip2-lig-tt-min-0,PLCD1_RAT_134_756_0,2
domain_group,22,5q0k-A-rec-5q0q-9ld-lig-tt-docked-0-pocket10_5q0k-A-rec-5q0q-9ld-lig-tt-docked-0,NR1H4_HUMAN_258_486_0,2
domain_group,22,4rn0-B-rec-4rn1-l8g-lig-tt-min-0-pocket10_4rn0-B-rec-4rn1-l8g-lig-tt-min-0,HDAC8_HUMAN_1_377_0,2
domain_group,22,3pdh-A-rec-4buz-ocz-lig-tt-min-0-pocket10_3pdh-A-rec-4buz-ocz-lig-tt-min-0,NPD_THEMA_1_246_0,2
domain_group,22,1fmc-B-rec-1fmc-cho-lig-tt-docked-1-pocket10_1fmc-B-rec-1fmc-cho-lig-tt-docked-1,HDHA_ECOLI_1_255_0,2
domain_group,22,3b6h-A-rec-3b6h-mxd-lig-tt-min-0-pocket10_3b6h-A-rec-3b6h-mxd-lig-tt-min-0,PTGIS_HUMAN_20_500_0,2
domain_group,22,4aaw-A-rec-4ac3-r83-lig-tt-min-0-pocket10_4aaw-A-rec-4ac3-r83-lig-tt-min-0,GLMU_STRPN_2_459_0,2
domain_group,22,3dzh-A-rec-3u4i-cvr-lig-tt-docked-0-pocket10_3dzh-A-rec-3u4i-cvr-lig-tt-docked-0,CD38_HUMAN_44_300_0,2
domain_group,22,3pnm-A-rec-3pnq-2ha-lig-tt-docked-10-pocket10_3pnm-A-rec-3pnq-2ha-lig-tt-docked-10,DHAK_ECOLI_1_356_0,2
domain_group,22,4ja8-B-rec-4ja8-1k9-lig-tt-docked-0-pocket10_4ja8-B-rec-4ja8-1k9-lig-tt-docked-0,IDHP_HUMAN_40_452_0,2
domain_group,22,5mma-A-rec-4ztf-x2p-lig-tt-min-0-pocket10_5mma-A-rec-4ztf-x2p-lig-tt-min-0,POL_FOAMV_861_1060_0,2
domain_group,22,1dxo-C-rec-1gg5-e09-lig-tt-min-0-pocket10_1dxo-C-rec-1gg5-e09-lig-tt-min-0,NQO1_HUMAN_2_274_0,3
domain_group,22,1gg5-A-rec-1kbo-340-lig-tt-min-0-pocket10_1gg5-A-rec-1kbo-340-lig-tt-min-0,NQO1_HUMAN_2_274_0,3
domain_group,22,2z3h-A-rec-1wn6-bst-lig-tt-docked-3-pocket10_2z3h-A-rec-1wn6-bst-lig-tt-docked-3,BSD_ASPTE_1_130_0,3
domain_group,22,14gs-A-rec-20gs-cbd-lig-tt-min-0-pocket10_14gs-A-rec-20gs-cbd-lig-tt-min-0,GSTP1_HUMAN_2_210_0,3
domain_group,22,4tos-A-rec-4tos-355-lig-tt-min-0-pocket10_4tos-A-rec-4tos-355-lig-tt-min-0,TNKS1_HUMAN_1099_1319_0,3
domain_group,22,4pxz-A-rec-4pxz-6ad-lig-tt-min-0-pocket10_4pxz-A-rec-4pxz-6ad-lig-tt-min-0,P2Y12_HUMAN_1_342_0,3
domain_group,22,1phk-A-rec-1phk-atp-lig-tt-min-0-pocket10_1phk-A-rec-1phk-atp-lig-tt-min-0,PHKG1_RABIT_6_296_ATPsite_0,3
domain_group,22,4p6p-A-rec-4p77-5rp-lig-tt-docked-0-pocket10_4p6p-A-rec-4p77-5rp-lig-tt-docked-0,RIBB_VIBCH_2_218_0,3
domain_group,22,1coy-A-rec-1coy-and-lig-tt-docked-0-pocket10_1coy-A-rec-1coy-and-lig-tt-docked-0,CHOD_BREST_46_552_0,3
domain_group,22,2cy0-A-rec-2d5c-skm-lig-tt-min-0-pocket10_2cy0-A-rec-2d5c-skm-lig-tt-min-0,AROE_THET8_1_263_0,3
domain_group,22,1r1h-A-rec-1r1h-bir-lig-tt-docked-1-pocket10_1r1h-A-rec-1r1h-bir-lig-tt-docked-1,NEP_HUMAN_54_750_0,3
domain_group,22,5tjn-A-rec-1zj1-nlc-lig-tt-docked-4-pocket10_5tjn-A-rec-1zj1-nlc-lig-tt-docked-4,BGAT_HUMAN_63_353_0,3
domain_group,22,4qlk-A-rec-4qlk-ctt-lig-tt-docked-0-pocket10_4qlk-A-rec-4qlk-ctt-lig-tt-docked-0,BGL07_ORYSJ_25_504_0,3
domain_group,22,1ai4-A-rec-1ai5-mnp-lig-tt-docked-0-pocket10_1ai4-A-rec-1ai5-mnp-lig-tt-docked-0,PAC_ECOLX_27_846_0,3
domain_group,22,5bur-A-rec-5x8f-amp-lig-tt-docked-7-pocket10_5bur-A-rec-5x8f-amp-lig-tt-docked-7,MENE_BACSU_2_486_0,3
domain_group,22,4gvd-A-rec-4nxr-ans-lig-tt-min-0-pocket10_4gvd-A-rec-4nxr-ans-lig-tt-min-0,TIAM1_HUMAN_840_931_0,3
domain_group,22,4tqr-A-rec-2xca-doc-lig-tt-min-0-pocket10_4tqr-A-rec-2xca-doc-lig-tt-min-0,DPO4_SULSO_1_347_0,3
domain_group,22,4bel-A-rec-2ewy-dbo-lig-tt-min-0-pocket10_4bel-A-rec-2ewy-dbo-lig-tt-min-0,BACE2_HUMAN_76_460_0,3
domain_group,22,3u5y-B-rec-3u57-dh8-lig-tt-min-0-pocket10_3u5y-B-rec-3u57-dh8-lig-tt-min-0,RG1_RAUSE_1_513_0,3
domain_group,22,3hy9-B-rec-3hyg-099-lig-tt-min-0-pocket10_3hy9-B-rec-3hyg-099-lig-tt-min-0,ATS5_HUMAN_262_480_0,3
domain_group,22,2e6d-A-rec-2e6d-fum-lig-tt-min-0-pocket10_2e6d-A-rec-2e6d-fum-lig-tt-min-0,PYRD_TRYCC_2_314_catalytic_0,4
domain_group,22,3w83-B-rec-2e6d-fum-lig-tt-min-0-pocket10_3w83-B-rec-2e6d-fum-lig-tt-min-0,PYRD_TRYCC_2_314_catalytic_0,4
domain_group,22,5mgl-A-rec-5mgl-7mu-lig-tt-min-0-pocket10_5mgl-A-rec-5mgl-7mu-lig-tt-min-0,BAZ2A_HUMAN_1795_1898_0,4
domain_group,22,5liu-X-rec-4gq0-qap-lig-tt-min-0-pocket10_5liu-X-rec-4gq0-qap-lig-tt-min-0,AK1BA_HUMAN_1_316_0,4
domain_group,22,4rlu-A-rec-4rlu-hcc-lig-tt-min-0-pocket10_4rlu-A-rec-4rlu-hcc-lig-tt-min-0,Y635_MYCTU_1_158_0,4
domain_group,22,3l3n-A-rec-2iux-nxa-lig-tt-docked-2-pocket10_3l3n-A-rec-2iux-nxa-lig-tt-docked-2,ACE_HUMAN_650_1230_0,4
domain_group,22,5d7n-D-rec-4jt9-1ns-lig-tt-min-0-pocket10_5d7n-D-rec-4jt9-1ns-lig-tt-min-0,SIR3_HUMAN_117_398_0,4
domain_group,22,3u9f-C-rec-3u9f-clm-lig-tt-min-0-pocket10_3u9f-C-rec-3u9f-clm-lig-tt-min-0,CAT_ECOLX_1_219_0,4
domain_group,22,2hcj-B-rec-2hcj-gdp-lig-tt-docked-0-pocket10_2hcj-B-rec-2hcj-gdp-lig-tt-docked-0,EFTU1_ECOLI_2_178_0,4
domain_group,22,5ngz-A-rec-5ngz-2bg-lig-tt-min-0-pocket10_5ngz-A-rec-5ngz-2bg-lig-tt-min-0,UBE2T_HUMAN_1_156_0,4
domain_group,22,4q8b-B-rec-4q8b-sxx-lig-tt-min-0-pocket10_4q8b-B-rec-4q8b-sxx-lig-tt-min-0,COTA_BACSU_1_513_0,4
domain_group,22,3jyh-A-rec-3n0t-opy-lig-tt-min-0-pocket10_3jyh-A-rec-3n0t-opy-lig-tt-min-0,DPP2_HUMAN_27_492_0,4
domain_group,22,2jjg-A-rec-2jjg-plp-lig-tt-min-0-pocket10_2jjg-A-rec-2jjg-plp-lig-tt-min-0,LAT_MYCTU_1_449_0,4
domain_group,22,4zfa-A-rec-1smj-pam-lig-tt-min-0-pocket10_4zfa-A-rec-1smj-pam-lig-tt-min-0,CPXB_BACMB_2_464_0,4
domain_group,22,3kc1-A-rec-3kc1-2t6-lig-tt-min-0-pocket10_3kc1-A-rec-3kc1-2t6-lig-tt-min-0,F16P1_HUMAN_1_338_0,4
domain_group,22,4iwq-A-rec-4jlc-su6-lig-tt-min-0-pocket10_4iwq-A-rec-4jlc-su6-lig-tt-min-0,TBK1_HUMAN_1_303_0,4
domain_group,22,5i0b-A-rec-5vef-m77-lig-tt-min-0-pocket10_5i0b-A-rec-5vef-m77-lig-tt-min-0,PAK4_HUMAN_291_591_ATP_0,4
domain_group,22,1d7j-A-rec-1tco-fk5-lig-tt-docked-0-pocket10_1d7j-A-rec-1tco-fk5-lig-tt-docked-0,FKB1A_HUMAN_2_108_0,4
domain_group,22,3v4t-A-rec-4e7f-udp-lig-tt-min-0-pocket10_3v4t-A-rec-4e7f-udp-lig-tt-min-0,MURA_ECOLI_1_419_catalytic_0,4
domain_group,22,3g51-A-rec-3g51-anp-lig-tt-min-0-pocket10_3g51-A-rec-3g51-anp-lig-tt-min-0,KS6A3_HUMAN_41_357_0,4
domain_group,33,2e6d-A-rec-2e6d-fum-lig-tt-min-0-pocket10_2e6d-A-rec-2e6d-fum-lig-tt-min-0,PYRD_TRYCC_2_314_catalytic_0,0
domain_group,33,3w83-B-rec-2e6d-fum-lig-tt-min-0-pocket10_3w83-B-rec-2e6d-fum-lig-tt-min-0,PYRD_TRYCC_2_314_catalytic_0,0
domain_group,33,2pqw-A-rec-2rhy-mlz-lig-tt-min-0-pocket10_2pqw-A-rec-2rhy-mlz-lig-tt-min-0,LMBL1_HUMAN_198_526_0,0
domain_group,33,2rhy-A-rec-2rhy-mlz-lig-tt-min-0-pocket10_2rhy-A-rec-2rhy-mlz-lig-tt-min-0,LMBL1_HUMAN_198_526_0,0
domain_group,33,3u5y-B-rec-3u57-dh8-lig-tt-min-0-pocket10_3u5y-B-rec-3u57-dh8-lig-tt-min-0,RG1_RAUSE_1_513_0,0
domain_group,33,2zen-A-rec-2afx-1bn-lig-tt-docked-7-pocket10_2zen-A-rec-2afx-1bn-lig-tt-docked-7,QPCT_HUMAN_33_361_0,0
domain_group,33,3pnm-A-rec-3pnq-2ha-lig-tt-docked-10-pocket10_3pnm-A-rec-3pnq-2ha-lig-tt-docked-10,DHAK_ECOLI_1_356_0,0
domain_group,33,5d7n-D-rec-4jt9-1ns-lig-tt-min-0-pocket10_5d7n-D-rec-4jt9-1ns-lig-tt-min-0,SIR3_HUMAN_117_398_0,0
domain_group,33,5bur-A-rec-5x8f-amp-lig-tt-docked-7-pocket10_5bur-A-rec-5x8f-amp-lig-tt-docked-7,MENE_BACSU_2_486_0,0
domain_group,33,1coy-A-rec-1coy-and-lig-tt-docked-0-pocket10_1coy-A-rec-1coy-and-lig-tt-docked-0,CHOD_BREST_46_552_0,0
domain_group,33,5mma-A-rec-4ztf-x2p-lig-tt-min-0-pocket10_5mma-A-rec-4ztf-x2p-lig-tt-min-0,POL_FOAMV_861_1060_0,0
domain_group,33,1l3l-A-rec-1l3l-lae-lig-tt-min-0-pocket10_1l3l-A-rec-1l3l-lae-lig-tt-min-0,TRAR_RHIRD_1_234_0,0
domain_group,33,1d7j-A-rec-1tco-fk5-lig-tt-docked-0-pocket10_1d7j-A-rec-1tco-fk5-lig-tt-docked-0,FKB1A_HUMAN_2_108_0,0
domain_group,33,2cy0-A-rec-2d5c-skm-lig-tt-min-0-pocket10_2cy0-A-rec-2d5c-skm-lig-tt-min-0,AROE_THET8_1_263_0,0
domain_group,33,4rv4-A-rec-4rv4-prp-lig-tt-docked-2-pocket10_4rv4-A-rec-4rv4-prp-lig-tt-docked-2,PYRE_BACAN_1_210_0,0
domain_group,33,1djy-A-rec-1djz-ip2-lig-tt-min-0-pocket10_1djy-A-rec-1djz-ip2-lig-tt-min-0,PLCD1_RAT_134_756_0,0
domain_group,33,3gs6-A-rec-2oxn-oan-lig-tt-docked-4-pocket10_3gs6-A-rec-2oxn-oan-lig-tt-docked-4,NAGZ_VIBCH_1_330_0,0
domain_group,33,3dzh-A-rec-3u4i-cvr-lig-tt-docked-0-pocket10_3dzh-A-rec-3u4i-cvr-lig-tt-docked-0,CD38_HUMAN_44_300_0,0
domain_group,33,14gs-A-rec-20gs-cbd-lig-tt-min-0-pocket10_14gs-A-rec-20gs-cbd-lig-tt-min-0,GSTP1_HUMAN_2_210_0,0
domain_group,33,5aeh-A-rec-5aeh-8ir-lig-tt-docked-0-pocket10_5aeh-A-rec-5aeh-8ir-lig-tt-docked-0,TNKS2_HUMAN_948_1162_0,0
domain_group,33,3tym-A-rec-3n5v-xfh-lig-tt-min-0-pocket10_3tym-A-rec-3n5v-xfh-lig-tt-min-0,NOS1_HUMAN_302_723_0,1
domain_group,33,4d7o-A-rec-3n5z-xfm-lig-tt-min-0-pocket10_4d7o-A-rec-3n5z-xfm-lig-tt-min-0,NOS1_HUMAN_302_723_0,1
domain_group,33,2f2c-B-rec-1xo2-fse-lig-tt-min-0-pocket10_2f2c-B-rec-1xo2-fse-lig-tt-min-0,CDK6_HUMAN_1_312_0,1
domain_group,33,4aua-A-rec-4aua-4au-lig-it2-tt-docked-7-pocket10_4aua-A-rec-4aua-4au-lig-it2-tt-docked-7,CDK6_HUMAN_1_312_0,1
domain_group,33,4iiy-A-rec-3tle-gsu-lig-tt-docked-12-pocket10_4iiy-A-rec-3tle-gsu-lig-tt-docked-12,MCCF_ECOLX_1_344_0,1
domain_group,33,5l1v-A-rec-5l1v-7pf-lig-tt-docked-0-pocket10_5l1v-A-rec-5l1v-7pf-lig-tt-docked-0,PNTM_STRAE_2_398_0,1
domain_group,33,4gvd-A-rec-4nxr-ans-lig-tt-min-0-pocket10_4gvd-A-rec-4nxr-ans-lig-tt-min-0,TIAM1_HUMAN_840_931_0,1
domain_group,33,3o96-A-rec-3o96-iqo-lig-tt-docked-2-pocket10_3o96-A-rec-3o96-iqo-lig-tt-docked-2,AKT1_HUMAN_1_137_0,1
domain_group,33,3u9f-C-rec-3u9f-clm-lig-tt-min-0-pocket10_3u9f-C-rec-3u9f-clm-lig-tt-min-0,CAT_ECOLX_1_219_0,1
domain_group,33,3ej8-A-rec-2nsi-itu-lig-tt-min-0-pocket10_3ej8-A-rec-2nsi-itu-lig-tt-min-0,NOS2_HUMAN_78_505_0,1
domain_group,33,4xli-B-rec-4xli-1n1-lig-tt-min-0-pocket10_4xli-B-rec-4xli-1n1-lig-tt-min-0,ABL2_HUMAN_274_551_0,1
domain_group,33,4rn0-B-rec-4rn1-l8g-lig-tt-min-0-pocket10_4rn0-B-rec-4rn1-l8g-lig-tt-min-0,HDAC8_HUMAN_1_377_0,1
domain_group,33,5w2g-A-rec-5w2i-adp-lig-tt-min-0-pocket10_5w2g-A-rec-5w2i-adp-lig-tt-min-0,IPMK_HUMAN_49_416_0,1
domain_group,33,4iwq-A-rec-4jlc-su6-lig-tt-min-0-pocket10_4iwq-A-rec-4jlc-su6-lig-tt-min-0,TBK1_HUMAN_1_303_0,1
domain_group,33,1e8h-A-rec-1e8h-adp-lig-tt-min-0-pocket10_1e8h-A-rec-1e8h-adp-lig-tt-min-0,VAOX_PENSI_1_560_0,1
domain_group,33,4yhj-A-rec-4yhj-an2-lig-tt-min-0-pocket10_4yhj-A-rec-4yhj-an2-lig-tt-min-0,GRK4_HUMAN_1_578_0,1
domain_group,33,3pdh-A-rec-4buz-ocz-lig-tt-min-0-pocket10_3pdh-A-rec-4buz-ocz-lig-tt-min-0,NPD_THEMA_1_246_0,1
domain_group,33,3jyh-A-rec-3n0t-opy-lig-tt-min-0-pocket10_3jyh-A-rec-3n0t-opy-lig-tt-min-0,DPP2_HUMAN_27_492_0,1
domain_group,33,1phk-A-rec-1phk-atp-lig-tt-min-0-pocket10_1phk-A-rec-1phk-atp-lig-tt-min-0,PHKG1_RABIT_6_296_ATPsite_0,1
domain_group,33,4zfa-A-rec-1smj-pam-lig-tt-min-0-pocket10_4zfa-A-rec-1smj-pam-lig-tt-min-0,CPXB_BACMB_2_464_0,1
domain_group,33,1rs9-A-rec-1dmk-itu-lig-tt-min-0-pocket10_1rs9-A-rec-1dmk-itu-lig-tt-min-0,NOS3_HUMAN_65_480_0,2
domain_group,33,4kcq-A-rec-4cwv-hw8-lig-tt-min-0-pocket10_4kcq-A-rec-4cwv-hw8-lig-tt-min-0,NOS3_HUMAN_65_480_0,2
domain_group,33,1a2g-A-rec-4jmv-1ly-lig-tt-min-0-pocket10_1a2g-A-rec-4jmv-1ly-lig-tt-min-0,CCPR_YEAST_69_361_0,2
domain_group,33,4rlu-A-rec-4rlu-hcc-lig-tt-min-0-pocket10_4rlu-A-rec-4rlu-hcc-lig-tt-min-0,Y635_MYCTU_1_158_0,2
domain_group,33,4g3d-B-rec-4idv-13v-lig-tt-min-0-pocket10_4g3d-B-rec-4idv-13v-lig-tt-min-0,M3K14_HUMAN_321_678_0,2
domain_group,33,4p6p-A-rec-4p77-5rp-lig-tt-docked-0-pocket10_4p6p-A-rec-4p77-5rp-lig-tt-docked-0,RIBB_VIBCH_2_218_0,2
domain_group,33,4qlk-A-rec-4qlk-ctt-lig-tt-docked-0-pocket10_4qlk-A-rec-4qlk-ctt-lig-tt-docked-0,BGL07_ORYSJ_25_504_0,2
domain_group,33,2pc8-A-rec-1eqc-cts-lig-tt-docked-6-pocket10_2pc8-A-rec-1eqc-cts-lig-tt-docked-6,EXG1_CANAL_41_438_0,2
domain_group,33,3hy9-B-rec-3hyg-099-lig-tt-min-0-pocket10_3hy9-B-rec-3hyg-099-lig-tt-min-0,ATS5_HUMAN_262_480_0,2
domain_group,33,3li4-A-rec-2gvv-di9-lig-tt-min-0-pocket10_3li4-A-rec-2gvv-di9-lig-tt-min-0,DFPA_LOLVU_2_314_0,2
domain_group,33,5b08-A-rec-5b09-4mx-lig-tt-min-0-pocket10_5b08-A-rec-5b09-4mx-lig-tt-min-0,OLIAC_CANSA_1_101_0,2
domain_group,33,5tjn-A-rec-1zj1-nlc-lig-tt-docked-4-pocket10_5tjn-A-rec-1zj1-nlc-lig-tt-docked-4,BGAT_HUMAN_63_353_0,2
domain_group,33,3nfb-A-rec-3nfb-oae-lig-tt-docked-2-pocket10_3nfb-A-rec-3nfb-oae-lig-tt-docked-2,BAPA_SPHXN_30_402_0,2
domain_group,33,1h36-A-rec-1o79-r23-lig-tt-docked-5-pocket10_1h36-A-rec-1o79-r23-lig-tt-docked-5,SQHC_ALIAD_1_631_0,2
domain_group,33,2jjg-A-rec-2jjg-plp-lig-tt-min-0-pocket10_2jjg-A-rec-2jjg-plp-lig-tt-min-0,LAT_MYCTU_1_449_0,2
domain_group,33,1umd-B-rec-1umb-tdp-lig-tt-docked-1-pocket10_1umd-B-rec-1umb-tdp-lig-tt-docked-1,ODBB_THET8_1_324_0,2
domain_group,33,4bel-A-rec-2ewy-dbo-lig-tt-min-0-pocket10_4bel-A-rec-2ewy-dbo-lig-tt-min-0,BACE2_HUMAN_76_460_0,2
domain_group,33,2hcj-B-rec-2hcj-gdp-lig-tt-docked-0-pocket10_2hcj-B-rec-2hcj-gdp-lig-tt-docked-0,EFTU1_ECOLI_2_178_0,2
domain_group,33,5q0k-A-rec-5q0q-9ld-lig-tt-docked-0-pocket10_5q0k-A-rec-5q0q-9ld-lig-tt-docked-0,NR1H4_HUMAN_258_486_0,2
domain_group,33,1jn2-P-rec-1val-png-lig-tt-docked-11-pocket10_1jn2-P-rec-1val-png-lig-tt-docked-11,CONA_CANCT_1_237_0,2
domain_group,33,1dxo-C-rec-1gg5-e09-lig-tt-min-0-pocket10_1dxo-C-rec-1gg5-e09-lig-tt-min-0,NQO1_HUMAN_2_274_0,3
domain_group,33,1gg5-A-rec-1kbo-340-lig-tt-min-0-pocket10_1gg5-A-rec-1kbo-340-lig-tt-min-0,NQO1_HUMAN_2_274_0,3
domain_group,33,2rma-A-rec-3rdd-ea4-lig-tt-docked-0-pocket10_2rma-A-rec-3rdd-ea4-lig-tt-docked-0,PPIA_HUMAN_1_165_0,3
domain_group,33,2z3h-A-rec-1wn6-bst-lig-tt-docked-3-pocket10_2z3h-A-rec-1wn6-bst-lig-tt-docked-3,BSD_ASPTE_1_130_0,3
domain_group,33,4m7t-A-rec-4m7t-sam-lig-tt-min-0-pocket10_4m7t-A-rec-4m7t-sam-lig-tt-min-0,BTRN_BACCI_2_250_0,3
domain_group,33,4ja8-B-rec-4ja8-1k9-lig-tt-docked-0-pocket10_4ja8-B-rec-4ja8-1k9-lig-tt-docked-0,IDHP_HUMAN_40_452_0,3
domain_group,33,4tqr-A-rec-2xca-doc-lig-tt-min-0-pocket10_4tqr-A-rec-2xca-doc-lig-tt-min-0,DPO4_SULSO_1_347_0,3
domain_group,33,3kc1-A-rec-3kc1-2t6-lig-tt-min-0-pocket10_3kc1-A-rec-3kc1-2t6-lig-tt-min-0,F16P1_HUMAN_1_338_0,3
domain_group,33,4tos-A-rec-4tos-355-lig-tt-min-0-pocket10_4tos-A-rec-4tos-355-lig-tt-min-0,TNKS1_HUMAN_1099_1319_0,3
domain_group,33,4f1m-A-rec-4f1m-acp-lig-tt-min-0-pocket10_4f1m-A-rec-4f1m-acp-lig-tt-min-0,ROCO4_DICDI_1009_1292_0,3
domain_group,33,1r1h-A-rec-1r1h-bir-lig-tt-docked-1-pocket10_1r1h-A-rec-1r1h-bir-lig-tt-docked-1,NEP_HUMAN_54_750_0,3
domain_group,33,3chc-B-rec-3ch9-xrg-lig-tt-min-0-pocket10_3chc-B-rec-3ch9-xrg-lig-tt-min-0,CHIB1_ASPFM_39_433_0,3
domain_group,33,3l3n-A-rec-2iux-nxa-lig-tt-docked-2-pocket10_3l3n-A-rec-2iux-nxa-lig-tt-docked-2,ACE_HUMAN_650_1230_0,3
domain_group,33,4keu-A-rec-4ket-pg4-lig-tt-min-0-pocket10_4keu-A-rec-4ket-pg4-lig-tt-min-0,PHP_SULSO_1_314_0,3
domain_group,33,4h3c-A-rec-5cqj-53q-lig-tt-docked-2-pocket10_4h3c-A-rec-5cqj-53q-lig-tt-docked-2,UPPS_ECOLI_1_253_0,3
domain_group,33,4aaw-A-rec-4ac3-r83-lig-tt-min-0-pocket10_4aaw-A-rec-4ac3-r83-lig-tt-min-0,GLMU_STRPN_2_459_0,3
domain_group,33,3daf-A-rec-3daf-feg-lig-tt-docked-0-pocket10_3daf-A-rec-3daf-feg-lig-tt-docked-0,HMD_METJA_1_358_0,3
domain_group,33,5ngz-A-rec-5ngz-2bg-lig-tt-min-0-pocket10_5ngz-A-rec-5ngz-2bg-lig-tt-min-0,UBE2T_HUMAN_1_156_0,3
domain_group,33,2e24-A-rec-1j0n-ceg-lig-tt-docked-14-pocket10_2e24-A-rec-1j0n-ceg-lig-tt-docked-14,XANLY_BACGL_26_777_0,3
domain_group,33,4u5s-A-rec-4u54-3c5-lig-tt-min-0-pocket10_4u5s-A-rec-4u54-3c5-lig-tt-min-0,IMA1_HUMAN_68_497_0,3
domain_group,33,1h0i-A-rec-1e6z-ngo-lig-it2-tt-docked-15-pocket10_1h0i-A-rec-1e6z-ngo-lig-it2-tt-docked-15,CHIB_SERMA_1_499_0,4
domain_group,33,4z2g-A-rec-4z2g-m6v-lig-tt-docked-16-pocket10_4z2g-A-rec-4z2g-m6v-lig-tt-docked-16,CHIB_SERMA_1_499_0,4
domain_group,33,1k9t-A-rec-2wlz-dio-lig-tt-min-0-pocket10_1k9t-A-rec-2wlz-dio-lig-tt-min-0,CHIA_SERMA_19_563_0,4
domain_group,33,3af2-A-rec-3af4-gcp-lig-tt-min-0-pocket10_3af2-A-rec-3af4-gcp-lig-tt-min-0,COAA_MYCTU_1_312_0,4
domain_group,33,3v4t-A-rec-4e7f-udp-lig-tt-min-0-pocket10_3v4t-A-rec-4e7f-udp-lig-tt-min-0,MURA_ECOLI_1_419_catalytic_0,4
domain_group,33,5mgl-A-rec-5mgl-7mu-lig-tt-min-0-pocket10_5mgl-A-rec-5mgl-7mu-lig-tt-min-0,BAZ2A_HUMAN_1795_1898_0,4
domain_group,33,1afs-A-rec-1afs-tes-lig-tt-min-0-pocket10_1afs-A-rec-1afs-tes-lig-tt-min-0,DIDH_RAT_1_319_0,4
domain_group,33,4q8b-B-rec-4q8b-sxx-lig-tt-min-0-pocket10_4q8b-B-rec-4q8b-sxx-lig-tt-min-0,COTA_BACSU_1_513_0,4
domain_group,33,5i0b-A-rec-5vef-m77-lig-tt-min-0-pocket10_5i0b-A-rec-5vef-m77-lig-tt-min-0,PAK4_HUMAN_291_591_ATP_0,4
domain_group,33,1ai4-A-rec-1ai5-mnp-lig-tt-docked-0-pocket10_1ai4-A-rec-1ai5-mnp-lig-tt-docked-0,PAC_ECOLX_27_846_0,4
domain_group,33,4lfu-A-rec-4y13-480-lig-tt-min-0-pocket10_4lfu-A-rec-4y13-480-lig-tt-min-0,SDIA_ECOLI_1_171_0,4
domain_group,33,3b6h-A-rec-3b6h-mxd-lig-tt-min-0-pocket10_3b6h-A-rec-3b6h-mxd-lig-tt-min-0,PTGIS_HUMAN_20_500_0,4
domain_group,33,4pxz-A-rec-4pxz-6ad-lig-tt-min-0-pocket10_4pxz-A-rec-4pxz-6ad-lig-tt-min-0,P2Y12_HUMAN_1_342_0,4
domain_group,33,3g51-A-rec-3g51-anp-lig-tt-min-0-pocket10_3g51-A-rec-3g51-anp-lig-tt-min-0,KS6A3_HUMAN_41_357_0,4
domain_group,33,1fmc-B-rec-1fmc-cho-lig-tt-docked-1-pocket10_1fmc-B-rec-1fmc-cho-lig-tt-docked-1,HDHA_ECOLI_1_255_0,4
domain_group,33,2gns-A-rec-4qer-stl-lig-tt-min-0-pocket10_2gns-A-rec-4qer-stl-lig-tt-min-0,PA2B8_DABRR_1_121_0,4
domain_group,33,2v3r-A-rec-1dy4-snp-lig-tt-docked-1-pocket10_2v3r-A-rec-1dy4-snp-lig-tt-docked-1,GUX1_HYPJE_18_451_0,4
domain_group,33,4azf-A-rec-5lxc-7aa-lig-tt-min-0-pocket10_4azf-A-rec-5lxc-7aa-lig-tt-min-0,DYRK2_HUMAN_145_550_0,4
domain_group,33,5liu-X-rec-4gq0-qap-lig-tt-min-0-pocket10_5liu-X-rec-4gq0-qap-lig-tt-min-0,AK1BA_HUMAN_1_316_0,4
domain_group,33,2azy-A-rec-2azy-chd-lig-tt-docked-0-pocket10_2azy-A-rec-2azy-chd-lig-tt-docked-0,PA21B_PIG_23_146_0,4
sequence_30,11,2f2c-B-rec-1xo2-fse-lig-tt-min-0-pocket10_2f2c-B-rec-1xo2-fse-lig-tt-min-0,seq30_001,0
sequence_30,11,1phk-A-rec-1phk-atp-lig-tt-min-0-pocket10_1phk-A-rec-1phk-atp-lig-tt-min-0,seq30_001,0
sequence_30,11,3g51-A-rec-3g51-anp-lig-tt-min-0-pocket10_3g51-A-rec-3g51-anp-lig-tt-min-0,seq30_001,0
sequence_30,11,4aua-A-rec-4aua-4au-lig-it2-tt-docked-7-pocket10_4aua-A-rec-4aua-4au-lig-it2-tt-docked-7,seq30_001,0
sequence_30,11,3o96-A-rec-3o96-iqo-lig-tt-docked-2-pocket10_3o96-A-rec-3o96-iqo-lig-tt-docked-2,seq30_001,0
sequence_30,11,4f1m-A-rec-4f1m-acp-lig-tt-min-0-pocket10_4f1m-A-rec-4f1m-acp-lig-tt-min-0,seq30_001,0
sequence_30,11,4xli-B-rec-4xli-1n1-lig-tt-min-0-pocket10_4xli-B-rec-4xli-1n1-lig-tt-min-0,seq30_001,0
sequence_30,11,5i0b-A-rec-5vef-m77-lig-tt-min-0-pocket10_5i0b-A-rec-5vef-m77-lig-tt-min-0,seq30_001,0
sequence_30,11,4h3c-A-rec-5cqj-53q-lig-tt-docked-2-pocket10_4h3c-A-rec-5cqj-53q-lig-tt-docked-2,seq30_053,0
sequence_30,11,4rn0-B-rec-4rn1-l8g-lig-tt-min-0-pocket10_4rn0-B-rec-4rn1-l8g-lig-tt-min-0,seq30_064,0
sequence_30,11,4p6p-A-rec-4p77-5rp-lig-tt-docked-0-pocket10_4p6p-A-rec-4p77-5rp-lig-tt-docked-0,seq30_060,0
sequence_30,11,1l3l-A-rec-1l3l-lae-lig-tt-min-0-pocket10_1l3l-A-rec-1l3l-lae-lig-tt-min-0,seq30_022,0
sequence_30,11,5q0k-A-rec-5q0q-9ld-lig-tt-docked-0-pocket10_5q0k-A-rec-5q0q-9ld-lig-tt-docked-0,seq30_075,0
sequence_30,11,2cy0-A-rec-2d5c-skm-lig-tt-min-0-pocket10_2cy0-A-rec-2d5c-skm-lig-tt-min-0,seq30_025,0
sequence_30,11,3nfb-A-rec-3nfb-oae-lig-tt-docked-2-pocket10_3nfb-A-rec-3nfb-oae-lig-tt-docked-2,seq30_044,0
sequence_30,11,1h36-A-rec-1o79-r23-lig-tt-docked-5-pocket10_1h36-A-rec-1o79-r23-lig-tt-docked-5,seq30_020,0
sequence_30,11,1a2g-A-rec-4jmv-1ly-lig-tt-min-0-pocket10_1a2g-A-rec-4jmv-1ly-lig-tt-min-0,seq30_013,0
sequence_30,11,5tjn-A-rec-1zj1-nlc-lig-tt-docked-4-pocket10_5tjn-A-rec-1zj1-nlc-lig-tt-docked-4,seq30_076,0
sequence_30,11,1fmc-B-rec-1fmc-cho-lig-tt-docked-1-pocket10_1fmc-B-rec-1fmc-cho-lig-tt-docked-1,seq30_019,0
sequence_30,11,3af2-A-rec-3af4-gcp-lig-tt-min-0-pocket10_3af2-A-rec-3af4-gcp-lig-tt-min-0,seq30_034,0
sequence_30,11,1rs9-A-rec-1dmk-itu-lig-tt-min-0-pocket10_1rs9-A-rec-1dmk-itu-lig-tt-min-0,seq30_002,1
sequence_30,11,3ej8-A-rec-2nsi-itu-lig-tt-min-0-pocket10_3ej8-A-rec-2nsi-itu-lig-tt-min-0,seq30_002,1
sequence_30,11,3tym-A-rec-3n5v-xfh-lig-tt-min-0-pocket10_3tym-A-rec-3n5v-xfh-lig-tt-min-0,seq30_002,1
sequence_30,11,4d7o-A-rec-3n5z-xfm-lig-tt-min-0-pocket10_4d7o-A-rec-3n5z-xfm-lig-tt-min-0,seq30_002,1
sequence_30,11,4kcq-A-rec-4cwv-hw8-lig-tt-min-0-pocket10_4kcq-A-rec-4cwv-hw8-lig-tt-min-0,seq30_002,1
sequence_30,11,1dxo-C-rec-1gg5-e09-lig-tt-min-0-pocket10_1dxo-C-rec-1gg5-e09-lig-tt-min-0,seq30_006,1
sequence_30,11,1gg5-A-rec-1kbo-340-lig-tt-min-0-pocket10_1gg5-A-rec-1kbo-340-lig-tt-min-0,seq30_006,1
sequence_30,11,4pxz-A-rec-4pxz-6ad-lig-tt-min-0-pocket10_4pxz-A-rec-4pxz-6ad-lig-tt-min-0,seq30_061,1
sequence_30,11,4yhj-A-rec-4yhj-an2-lig-tt-min-0-pocket10_4yhj-A-rec-4yhj-an2-lig-tt-min-0,seq30_067,1
sequence_30,11,2rma-A-rec-3rdd-ea4-lig-tt-docked-0-pocket10_2rma-A-rec-3rdd-ea4-lig-tt-docked-0,seq30_030,1
sequence_30,11,5mgl-A-rec-5mgl-7mu-lig-tt-min-0-pocket10_5mgl-A-rec-5mgl-7mu-lig-tt-min-0,seq30_072,1
sequence_30,11,3jyh-A-rec-3n0t-opy-lig-tt-min-0-pocket10_3jyh-A-rec-3n0t-opy-lig-tt-min-0,seq30_040,1
sequence_30,11,4keu-A-rec-4ket-pg4-lig-tt-min-0-pocket10_4keu-A-rec-4ket-pg4-lig-tt-min-0,seq30_057,1
sequence_30,11,3b6h-A-rec-3b6h-mxd-lig-tt-min-0-pocket10_3b6h-A-rec-3b6h-mxd-lig-tt-min-0,seq30_035,1
sequence_30,11,1umd-B-rec-1umb-tdp-lig-tt-docked-1-pocket10_1umd-B-rec-1umb-tdp-lig-tt-docked-1,seq30_024,1
sequence_30,11,1r1h-A-rec-1r1h-bir-lig-tt-docked-1-pocket10_1r1h-A-rec-1r1h-bir-lig-tt-docked-1,seq30_023,1
sequence_30,11,1djy-A-rec-1djz-ip2-lig-tt-min-0-pocket10_1djy-A-rec-1djz-ip2-lig-tt-min-0,seq30_017,1
sequence_30,11,4tqr-A-rec-2xca-doc-lig-tt-min-0-pocket10_4tqr-A-rec-2xca-doc-lig-tt-min-0,seq30_065,1
sequence_30,11,4q8b-B-rec-4q8b-sxx-lig-tt-min-0-pocket10_4q8b-B-rec-4q8b-sxx-lig-tt-min-0,seq30_062,1
sequence_30,11,3hy9-B-rec-3hyg-099-lig-tt-min-0-pocket10_3hy9-B-rec-3hyg-099-lig-tt-min-0,seq30_039,1
sequence_30,11,1k9t-A-rec-2wlz-dio-lig-tt-min-0-pocket10_1k9t-A-rec-2wlz-dio-lig-tt-min-0,seq30_003,2
sequence_30,11,1h0i-A-rec-1e6z-ngo-lig-it2-tt-docked-15-pocket10_1h0i-A-rec-1e6z-ngo-lig-it2-tt-docked-15,seq30_003,2
sequence_30,11,3chc-B-rec-3ch9-xrg-lig-tt-min-0-pocket10_3chc-B-rec-3ch9-xrg-lig-tt-min-0,seq30_003,2
sequence_30,11,4z2g-A-rec-4z2g-m6v-lig-tt-docked-16-pocket10_4z2g-A-rec-4z2g-m6v-lig-tt-docked-16,seq30_003,2
sequence_30,11,3u5y-B-rec-3u57-dh8-lig-tt-min-0-pocket10_3u5y-B-rec-3u57-dh8-lig-tt-min-0,seq30_011,2
sequence_30,11,4qlk-A-rec-4qlk-ctt-lig-tt-docked-0-pocket10_4qlk-A-rec-4qlk-ctt-lig-tt-docked-0,seq30_011,2
sequence_30,11,4aaw-A-rec-4ac3-r83-lig-tt-min-0-pocket10_4aaw-A-rec-4ac3-r83-lig-tt-min-0,seq30_048,2
sequence_30,11,5bur-A-rec-5x8f-amp-lig-tt-docked-7-pocket10_5bur-A-rec-5x8f-amp-lig-tt-docked-7,seq30_070,2
sequence_30,11,2zen-A-rec-2afx-1bn-lig-tt-docked-7-pocket10_2zen-A-rec-2afx-1bn-lig-tt-docked-7,seq30_033,2
sequence_30,11,1coy-A-rec-1coy-and-lig-tt-docked-0-pocket10_1coy-A-rec-1coy-and-lig-tt-docked-0,seq30_015,2
sequence_30,11,4u5s-A-rec-4u54-3c5-lig-tt-min-0-pocket10_4u5s-A-rec-4u54-3c5-lig-tt-min-0,seq30_066,2
sequence_30,11,2hcj-B-rec-2hcj-gdp-lig-tt-docked-0-pocket10_2hcj-B-rec-2hcj-gdp-lig-tt-docked-0,seq30_027,2
sequence_30,11,4lfu-A-rec-4y13-480-lig-tt-min-0-pocket10_4lfu-A-rec-4y13-480-lig-tt-min-0,seq30_058,2
sequence_30,11,4g3d-B-rec-4idv-13v-lig-tt-min-0-pocket10_4g3d-B-rec-4idv-13v-lig-tt-min-0,seq30_051,2
sequence_30,11,5w2g-A-rec-5w2i-adp-lig-tt-min-0-pocket10_5w2g-A-rec-5w2i-adp-lig-tt-min-0,seq30_077,2
sequence_30,11,4ja8-B-rec-4ja8-1k9-lig-tt-docked-0-pocket10_4ja8-B-rec-4ja8-1k9-lig-tt-docked-0,seq30_056,2
sequence_30,11,3dzh-A-rec-3u4i-cvr-lig-tt-docked-0-pocket10_3dzh-A-rec-3u4i-cvr-lig-tt-docked-0,seq30_037,2
sequence_30,11,1d7j-A-rec-1tco-fk5-lig-tt-docked-0-pocket10_1d7j-A-rec-1tco-fk5-lig-tt-docked-0,seq30_016,2
sequence_30,11,4iwq-A-rec-4jlc-su6-lig-tt-min-0-pocket10_4iwq-A-rec-4jlc-su6-lig-tt-min-0,seq30_055,2
sequence_30,11,3pnm-A-rec-3pnq-2ha-lig-tt-docked-10-pocket10_3pnm-A-rec-3pnq-2ha-lig-tt-docked-10,seq30_045,2
sequence_30,11,4rv4-A-rec-4rv4-prp-lig-tt-docked-2-pocket10_4rv4-A-rec-4rv4-prp-lig-tt-docked-2,seq30_004,3
sequence_30,11,4tos-A-rec-4tos-355-lig-tt-min-0-pocket10_4tos-A-rec-4tos-355-lig-tt-min-0,seq30_004,3
sequence_30,11,5aeh-A-rec-5aeh-8ir-lig-tt-docked-0-pocket10_5aeh-A-rec-5aeh-8ir-lig-tt-docked-0,seq30_004,3
sequence_30,11,1afs-A-rec-1afs-tes-lig-tt-min-0-pocket10_1afs-A-rec-1afs-tes-lig-tt-min-0,seq30_005,3
sequence_30,11,5liu-X-rec-4gq0-qap-lig-tt-min-0-pocket10_5liu-X-rec-4gq0-qap-lig-tt-min-0,seq30_005,3
sequence_30,11,2pqw-A-rec-2rhy-mlz-lig-tt-min-0-pocket10_2pqw-A-rec-2rhy-mlz-lig-tt-min-0,seq30_009,3
sequence_30,11,2rhy-A-rec-2rhy-mlz-lig-tt-min-0-pocket10_2rhy-A-rec-2rhy-mlz-lig-tt-min-0,seq30_009,3
sequence_30,11,3kc1-A-rec-3kc1-2t6-lig-tt-min-0-pocket10_3kc1-A-rec-3kc1-2t6-lig-tt-min-0,seq30_041,3
sequence_30,11,4m7t-A-rec-4m7t-sam-lig-tt-min-0-pocket10_4m7t-A-rec-4m7t-sam-lig-tt-min-0,seq30_059,3
sequence_30,11,3daf-A-rec-3daf-feg-lig-tt-docked-0-pocket10_3daf-A-rec-3daf-feg-lig-tt-docked-0,seq30_036,3
sequence_30,11,3l3n-A-rec-2iux-nxa-lig-tt-docked-2-pocket10_3l3n-A-rec-2iux-nxa-lig-tt-docked-2,seq30_042,3
sequence_30,11,1ai4-A-rec-1ai5-mnp-lig-tt-docked-0-pocket10_1ai4-A-rec-1ai5-mnp-lig-tt-docked-0,seq30_014,3
sequence_30,11,3v4t-A-rec-4e7f-udp-lig-tt-min-0-pocket10_3v4t-A-rec-4e7f-udp-lig-tt-min-0,seq30_047,3
sequence_30,11,4rlu-A-rec-4rlu-hcc-lig-tt-min-0-pocket10_4rlu-A-rec-4rlu-hcc-lig-tt-min-0,seq30_063,3
sequence_30,11,14gs-A-rec-20gs-cbd-lig-tt-min-0-pocket10_14gs-A-rec-20gs-cbd-lig-tt-min-0,seq30_012,3
sequence_30,11,2e24-A-rec-1j0n-ceg-lig-tt-docked-14-pocket10_2e24-A-rec-1j0n-ceg-lig-tt-docked-14,seq30_026,3
sequence_30,11,4gvd-A-rec-4nxr-ans-lig-tt-min-0-pocket10_4gvd-A-rec-4nxr-ans-lig-tt-min-0,seq30_052,3
sequence_30,11,2jjg-A-rec-2jjg-plp-lig-tt-min-0-pocket10_2jjg-A-rec-2jjg-plp-lig-tt-min-0,seq30_028,3
sequence_30,11,2pc8-A-rec-1eqc-cts-lig-tt-docked-6-pocket10_2pc8-A-rec-1eqc-cts-lig-tt-docked-6,seq30_029,3
sequence_30,11,1jn2-P-rec-1val-png-lig-tt-docked-11-pocket10_1jn2-P-rec-1val-png-lig-tt-docked-11,seq30_021,3
sequence_30,11,2e6d-A-rec-2e6d-fum-lig-tt-min-0-pocket10_2e6d-A-rec-2e6d-fum-lig-tt-min-0,seq30_007,4
sequence_30,11,3w83-B-rec-2e6d-fum-lig-tt-min-0-pocket10_3w83-B-rec-2e6d-fum-lig-tt-min-0,seq30_007,4
sequence_30,11,2gns-A-rec-4qer-stl-lig-tt-min-0-pocket10_2gns-A-rec-4qer-stl-lig-tt-min-0,seq30_008,4
sequence_30,11,2azy-A-rec-2azy-chd-lig-tt-docked-0-pocket10_2azy-A-rec-2azy-chd-lig-tt-docked-0,seq30_008,4
sequence_30,11,3pdh-A-rec-4buz-ocz-lig-tt-min-0-pocket10_3pdh-A-rec-4buz-ocz-lig-tt-min-0,seq30_010,4
sequence_30,11,5d7n-D-rec-4jt9-1ns-lig-tt-min-0-pocket10_5d7n-D-rec-4jt9-1ns-lig-tt-min-0,seq30_010,4
sequence_30,11,5ngz-A-rec-5ngz-2bg-lig-tt-min-0-pocket10_5ngz-A-rec-5ngz-2bg-lig-tt-min-0,seq30_074,4
sequence_30,11,4iiy-A-rec-3tle-gsu-lig-tt-docked-12-pocket10_4iiy-A-rec-3tle-gsu-lig-tt-docked-12,seq30_054,4
sequence_30,11,5mma-A-rec-4ztf-x2p-lig-tt-min-0-pocket10_5mma-A-rec-4ztf-x2p-lig-tt-min-0,seq30_073,4
sequence_30,11,4azf-A-rec-5lxc-7aa-lig-tt-min-0-pocket10_4azf-A-rec-5lxc-7aa-lig-tt-min-0,seq30_049,4
sequence_30,11,3gs6-A-rec-2oxn-oan-lig-tt-docked-4-pocket10_3gs6-A-rec-2oxn-oan-lig-tt-docked-4,seq30_038,4
sequence_30,11,2z3h-A-rec-1wn6-bst-lig-tt-docked-3-pocket10_2z3h-A-rec-1wn6-bst-lig-tt-docked-3,seq30_032,4
sequence_30,11,3li4-A-rec-2gvv-di9-lig-tt-min-0-pocket10_3li4-A-rec-2gvv-di9-lig-tt-min-0,seq30_043,4
sequence_30,11,2v3r-A-rec-1dy4-snp-lig-tt-docked-1-pocket10_2v3r-A-rec-1dy4-snp-lig-tt-docked-1,seq30_031,4
sequence_30,11,1e8h-A-rec-1e8h-adp-lig-tt-min-0-pocket10_1e8h-A-rec-1e8h-adp-lig-tt-min-0,seq30_018,4
sequence_30,11,4zfa-A-rec-1smj-pam-lig-tt-min-0-pocket10_4zfa-A-rec-1smj-pam-lig-tt-min-0,seq30_068,4
sequence_30,11,3u9f-C-rec-3u9f-clm-lig-tt-min-0-pocket10_3u9f-C-rec-3u9f-clm-lig-tt-min-0,seq30_046,4
sequence_30,11,5l1v-A-rec-5l1v-7pf-lig-tt-docked-0-pocket10_5l1v-A-rec-5l1v-7pf-lig-tt-docked-0,seq30_071,4
sequence_30,11,5b08-A-rec-5b09-4mx-lig-tt-min-0-pocket10_5b08-A-rec-5b09-4mx-lig-tt-min-0,seq30_069,4
sequence_30,11,4bel-A-rec-2ewy-dbo-lig-tt-min-0-pocket10_4bel-A-rec-2ewy-dbo-lig-tt-min-0,seq30_050,4
sequence_30,22,2f2c-B-rec-1xo2-fse-lig-tt-min-0-pocket10_2f2c-B-rec-1xo2-fse-lig-tt-min-0,seq30_001,0
sequence_30,22,1phk-A-rec-1phk-atp-lig-tt-min-0-pocket10_1phk-A-rec-1phk-atp-lig-tt-min-0,seq30_001,0
sequence_30,22,3g51-A-rec-3g51-anp-lig-tt-min-0-pocket10_3g51-A-rec-3g51-anp-lig-tt-min-0,seq30_001,0
sequence_30,22,4aua-A-rec-4aua-4au-lig-it2-tt-docked-7-pocket10_4aua-A-rec-4aua-4au-lig-it2-tt-docked-7,seq30_001,0
sequence_30,22,3o96-A-rec-3o96-iqo-lig-tt-docked-2-pocket10_3o96-A-rec-3o96-iqo-lig-tt-docked-2,seq30_001,0
sequence_30,22,4f1m-A-rec-4f1m-acp-lig-tt-min-0-pocket10_4f1m-A-rec-4f1m-acp-lig-tt-min-0,seq30_001,0
sequence_30,22,4xli-B-rec-4xli-1n1-lig-tt-min-0-pocket10_4xli-B-rec-4xli-1n1-lig-tt-min-0,seq30_001,0
sequence_30,22,5i0b-A-rec-5vef-m77-lig-tt-min-0-pocket10_5i0b-A-rec-5vef-m77-lig-tt-min-0,seq30_001,0
sequence_30,22,5l1v-A-rec-5l1v-7pf-lig-tt-docked-0-pocket10_5l1v-A-rec-5l1v-7pf-lig-tt-docked-0,seq30_071,0
sequence_30,22,4q8b-B-rec-4q8b-sxx-lig-tt-min-0-pocket10_4q8b-B-rec-4q8b-sxx-lig-tt-min-0,seq30_062,0
sequence_30,22,5mma-A-rec-4ztf-x2p-lig-tt-min-0-pocket10_5mma-A-rec-4ztf-x2p-lig-tt-min-0,seq30_073,0
sequence_30,22,4keu-A-rec-4ket-pg4-lig-tt-min-0-pocket10_4keu-A-rec-4ket-pg4-lig-tt-min-0,seq30_057,0
sequence_30,22,1a2g-A-rec-4jmv-1ly-lig-tt-min-0-pocket10_1a2g-A-rec-4jmv-1ly-lig-tt-min-0,seq30_013,0
sequence_30,22,5b08-A-rec-5b09-4mx-lig-tt-min-0-pocket10_5b08-A-rec-5b09-4mx-lig-tt-min-0,seq30_069,0
sequence_30,22,4tqr-A-rec-2xca-doc-lig-tt-min-0-pocket10_4tqr-A-rec-2xca-doc-lig-tt-min-0,seq30_065,0
sequence_30,22,4u5s-A-rec-4u54-3c5-lig-tt-min-0-pocket10_4u5s-A-rec-4u54-3c5-lig-tt-min-0,seq30_066,0
sequence_30,22,4g3d-B-rec-4idv-13v-lig-tt-min-0-pocket10_4g3d-B-rec-4idv-13v-lig-tt-min-0,seq30_051,0
sequence_30,22,5tjn-A-rec-1zj1-nlc-lig-tt-docked-4-pocket10_5tjn-A-rec-1zj1-nlc-lig-tt-docked-4,seq30_076,0
sequence_30,22,2hcj-B-rec-2hcj-gdp-lig-tt-docked-0-pocket10_2hcj-B-rec-2hcj-gdp-lig-tt-docked-0,seq30_027,0
sequence_30,22,3li4-A-rec-2gvv-di9-lig-tt-min-0-pocket10_3li4-A-rec-2gvv-di9-lig-tt-min-0,seq30_043,0
sequence_30,22,1rs9-A-rec-1dmk-itu-lig-tt-min-0-pocket10_1rs9-A-rec-1dmk-itu-lig-tt-min-0,seq30_002,1
sequence_30,22,3ej8-A-rec-2nsi-itu-lig-tt-min-0-pocket10_3ej8-A-rec-2nsi-itu-lig-tt-min-0,seq30_002,1
sequence_30,22,3tym-A-rec-3n5v-xfh-lig-tt-min-0-pocket10_3tym-A-rec-3n5v-xfh-lig-tt-min-0,seq30_002,1
sequence_30,22,4d7o-A-rec-3n5z-xfm-lig-tt-min-0-pocket10_4d7o-A-rec-3n5z-xfm-lig-tt-min-0,seq30_002,1
sequence_30,22,4kcq-A-rec-4cwv-hw8-lig-tt-min-0-pocket10_4kcq-A-rec-4cwv-hw8-lig-tt-min-0,seq30_002,1
sequence_30,22,2e6d-A-rec-2e6d-fum-lig-tt-min-0-pocket10_2e6d-A-rec-2e6d-fum-lig-tt-min-0,seq30_007,1
sequence_30,22,3w83-B-rec-2e6d-fum-lig-tt-min-0-pocket10_3w83-B-rec-2e6d-fum-lig-tt-min-0,seq30_007,1
sequence_30,22,1r1h-A-rec-1r1h-bir-lig-tt-docked-1-pocket10_1r1h-A-rec-1r1h-bir-lig-tt-docked-1,seq30_023,1
sequence_30,22,3hy9-B-rec-3hyg-099-lig-tt-min-0-pocket10_3hy9-B-rec-3hyg-099-lig-tt-min-0,seq30_039,1
sequence_30,22,4azf-A-rec-5lxc-7aa-lig-tt-min-0-pocket10_4azf-A-rec-5lxc-7aa-lig-tt-min-0,seq30_049,1
sequence_30,22,1fmc-B-rec-1fmc-cho-lig-tt-docked-1-pocket10_1fmc-B-rec-1fmc-cho-lig-tt-docked-1,seq30_019,1
sequence_30,22,3dzh-A-rec-3u4i-cvr-lig-tt-docked-0-pocket10_3dzh-A-rec-3u4i-cvr-lig-tt-docked-0,seq30_037,1
sequence_30,22,4p6p-A-rec-4p77-5rp-lig-tt-docked-0-pocket10_4p6p-A-rec-4p77-5rp-lig-tt-docked-0,seq30_060,1
sequence_30,22,2jjg-A-rec-2jjg-plp-lig-tt-min-0-pocket10_2jjg-A-rec-2jjg-plp-lig-tt-min-0,seq30_028,1
sequence_30,22,4m7t-A-rec-4m7t-sam-lig-tt-min-0-pocket10_4m7t-A-rec-4m7t-sam-lig-tt-min-0,seq30_059,1
sequence_30,22,2cy0-A-rec-2d5c-skm-lig-tt-min-0-pocket10_2cy0-A-rec-2d5c-skm-lig-tt-min-0,seq30_025,1
sequence_30,22,3af2-A-rec-3af4-gcp-lig-tt-min-0-pocket10_3af2-A-rec-3af4-gcp-lig-tt-min-0,seq30_034,1
sequence_30,22,1d7j-A-rec-1tco-fk5-lig-tt-docked-0-pocket10_1d7j-A-rec-1tco-fk5-lig-tt-docked-0,seq30_016,1
sequence_30,22,4iwq-A-rec-4jlc-su6-lig-tt-min-0-pocket10_4iwq-A-rec-4jlc-su6-lig-tt-min-0,seq30_055,1
sequence_30,22,4gvd-A-rec-4nxr-ans-lig-tt-min-0-pocket10_4gvd-A-rec-4nxr-ans-lig-tt-min-0,seq30_052,1
sequence_30,22,1k9t-A-rec-2wlz-dio-lig-tt-min-0-pocket10_1k9t-A-rec-2wlz-dio-lig-tt-min-0,seq30_003,2
sequence_30,22,1h0i-A-rec-1e6z-ngo-lig-it2-tt-docked-15-pocket10_1h0i-A-rec-1e6z-ngo-lig-it2-tt-docked-15,seq30_003,2
sequence_30,22,3chc-B-rec-3ch9-xrg-lig-tt-min-0-pocket10_3chc-B-rec-3ch9-xrg-lig-tt-min-0,seq30_003,2
sequence_30,22,4z2g-A-rec-4z2g-m6v-lig-tt-docked-16-pocket10_4z2g-A-rec-4z2g-m6v-lig-tt-docked-16,seq30_003,2
sequence_30,22,3u5y-B-rec-3u57-dh8-lig-tt-min-0-pocket10_3u5y-B-rec-3u57-dh8-lig-tt-min-0,seq30_011,2
sequence_30,22,4qlk-A-rec-4qlk-ctt-lig-tt-docked-0-pocket10_4qlk-A-rec-4qlk-ctt-lig-tt-docked-0,seq30_011,2
sequence_30,22,3l3n-A-rec-2iux-nxa-lig-tt-docked-2-pocket10_3l3n-A-rec-2iux-nxa-lig-tt-docked-2,seq30_042,2
sequence_30,22,3gs6-A-rec-2oxn-oan-lig-tt-docked-4-pocket10_3gs6-A-rec-2oxn-oan-lig-tt-docked-4,seq30_038,2
sequence_30,22,1l3l-A-rec-1l3l-lae-lig-tt-min-0-pocket10_1l3l-A-rec-1l3l-lae-lig-tt-min-0,seq30_022,2
sequence_30,22,4zfa-A-rec-1smj-pam-lig-tt-min-0-pocket10_4zfa-A-rec-1smj-pam-lig-tt-min-0,seq30_068,2
sequence_30,22,1jn2-P-rec-1val-png-lig-tt-docked-11-pocket10_1jn2-P-rec-1val-png-lig-tt-docked-11,seq30_021,2
sequence_30,22,1djy-A-rec-1djz-ip2-lig-tt-min-0-pocket10_1djy-A-rec-1djz-ip2-lig-tt-min-0,seq30_017,2
sequence_30,22,4iiy-A-rec-3tle-gsu-lig-tt-docked-12-pocket10_4iiy-A-rec-3tle-gsu-lig-tt-docked-12,seq30_054,2
sequence_30,22,3jyh-A-rec-3n0t-opy-lig-tt-min-0-pocket10_3jyh-A-rec-3n0t-opy-lig-tt-min-0,seq30_040,2
sequence_30,22,4lfu-A-rec-4y13-480-lig-tt-min-0-pocket10_4lfu-A-rec-4y13-480-lig-tt-min-0,seq30_058,2
sequence_30,22,4bel-A-rec-2ewy-dbo-lig-tt-min-0-pocket10_4bel-A-rec-2ewy-dbo-lig-tt-min-0,seq30_050,2
sequence_30,22,3nfb-A-rec-3nfb-oae-lig-tt-docked-2-pocket10_3nfb-A-rec-3nfb-oae-lig-tt-docked-2,seq30_044,2
sequence_30,22,2pc8-A-rec-1eqc-cts-lig-tt-docked-6-pocket10_2pc8-A-rec-1eqc-cts-lig-tt-docked-6,seq30_029,2
sequence_30,22,3b6h-A-rec-3b6h-mxd-lig-tt-min-0-pocket10_3b6h-A-rec-3b6h-mxd-lig-tt-min-0,seq30_035,2
sequence_30,22,4ja8-B-rec-4ja8-1k9-lig-tt-docked-0-pocket10_4ja8-B-rec-4ja8-1k9-lig-tt-docked-0,seq30_056,2
sequence_30,22,4rv4-A-rec-4rv4-prp-lig-tt-docked-2-pocket10_4rv4-A-rec-4rv4-prp-lig-tt-docked-2,seq30_004,3
sequence_30,22,4tos-A-rec-4tos-355-lig-tt-min-0-pocket10_4tos-A-rec-4tos-355-lig-tt-min-0,seq30_004,3
sequence_30,22,5aeh-A-rec-5aeh-8ir-lig-tt-docked-0-pocket10_5aeh-A-rec-5aeh-8ir-lig-tt-docked-0,seq30_004,3
sequence_30,22,3pdh-A-rec-4buz-ocz-lig-tt-min-0-pocket10_3pdh-A-rec-4buz-ocz-lig-tt-min-0,seq30_010,3
sequence_30,22,5d7n-D-rec-4jt9-1ns-lig-tt-min-0-pocket10_5d7n-D-rec-4jt9-1ns-lig-tt-min-0,seq30_010,3
sequence_30,22,1dxo-C-rec-1gg5-e09-lig-tt-min-0-pocket10_1dxo-C-rec-1gg5-e09-lig-tt-min-0,seq30_006,3
sequence_30,22,1gg5-A-rec-1kbo-340-lig-tt-min-0-pocket10_1gg5-A-rec-1kbo-340-lig-tt-min-0,seq30_006,3
sequence_30,22,1e8h-A-rec-1e8h-adp-lig-tt-min-0-pocket10_1e8h-A-rec-1e8h-adp-lig-tt-min-0,seq30_018,3
sequence_30,22,4rlu-A-rec-4rlu-hcc-lig-tt-min-0-pocket10_4rlu-A-rec-4rlu-hcc-lig-tt-min-0,seq30_063,3
sequence_30,22,4rn0-B-rec-4rn1-l8g-lig-tt-min-0-pocket10_4rn0-B-rec-4rn1-l8g-lig-tt-min-0,seq30_064,3
sequence_30,22,2z3h-A-rec-1wn6-bst-lig-tt-docked-3-pocket10_2z3h-A-rec-1wn6-bst-lig-tt-docked-3,seq30_032,3
sequence_30,22,5bur-A-rec-5x8f-amp-lig-tt-docked-7-pocket10_5bur-A-rec-5x8f-amp-lig-tt-docked-7,seq30_070,3
sequence_30,22,4aaw-A-rec-4ac3-r83-lig-tt-min-0-pocket10_4aaw-A-rec-4ac3-r83-lig-tt-min-0,seq30_048,3
sequence_30,22,2rma-A-rec-3rdd-ea4-lig-tt-docked-0-pocket10_2rma-A-rec-3rdd-ea4-lig-tt-docked-0,seq30_030,3
sequence_30,22,3v4t-A-rec-4e7f-udp-lig-tt-min-0-pocket10_3v4t-A-rec-4e7f-udp-lig-tt-min-0,seq30_047,3
sequence_30,22,5ngz-A-rec-5ngz-2bg-lig-tt-min-0-pocket10_5ngz-A-rec-5ngz-2bg-lig-tt-min-0,seq30_074,3
sequence_30,22,3pnm-A-rec-3pnq-2ha-lig-tt-docked-10-pocket10_3pnm-A-rec-3pnq-2ha-lig-tt-docked-10,seq30_045,3
sequence_30,22,4yhj-A-rec-4yhj-an2-lig-tt-min-0-pocket10_4yhj-A-rec-4yhj-an2-lig-tt-min-0,seq30_067,3
sequence_30,22,1h36-A-rec-1o79-r23-lig-tt-docked-5-pocket10_1h36-A-rec-1o79-r23-lig-tt-docked-5,seq30_020,3
sequence_30,22,5mgl-A-rec-5mgl-7mu-lig-tt-min-0-pocket10_5mgl-A-rec-5mgl-7mu-lig-tt-min-0,seq30_072,3
sequence_30,22,2pqw-A-rec-2rhy-mlz-lig-tt-min-0-pocket10_2pqw-A-rec-2rhy-mlz-lig-tt-min-0,seq30_009,4
sequence_30,22,2rhy-A-rec-2rhy-mlz-lig-tt-min-0-pocket10_2rhy-A-rec-2rhy-mlz-lig-tt-min-0,seq30_009,4
sequence_30,22,1afs-A-rec-1afs-tes-lig-tt-min-0-pocket10_1afs-A-rec-1afs-tes-lig-tt-min-0,seq30_005,4
sequence_30,22,5liu-X-rec-4gq0-qap-lig-tt-min-0-pocket10_5liu-X-rec-4gq0-qap-lig-tt-min-0,seq30_005,4
sequence_30,22,2gns-A-rec-4qer-stl-lig-tt-min-0-pocket10_2gns-A-rec-4qer-stl-lig-tt-min-0,seq30_008,4
sequence_30,22,2azy-A-rec-2azy-chd-lig-tt-docked-0-pocket10_2azy-A-rec-2azy-chd-lig-tt-docked-0,seq30_008,4
sequence_30,22,14gs-A-rec-20gs-cbd-lig-tt-min-0-pocket10_14gs-A-rec-20gs-cbd-lig-tt-min-0,seq30_012,4
sequence_30,22,2zen-A-rec-2afx-1bn-lig-tt-docked-7-pocket10_2zen-A-rec-2afx-1bn-lig-tt-docked-7,seq30_033,4
sequence_30,22,1coy-A-rec-1coy-and-lig-tt-docked-0-pocket10_1coy-A-rec-1coy-and-lig-tt-docked-0,seq30_015,4
sequence_30,22,1ai4-A-rec-1ai5-mnp-lig-tt-docked-0-pocket10_1ai4-A-rec-1ai5-mnp-lig-tt-docked-0,seq30_014,4
sequence_30,22,2e24-A-rec-1j0n-ceg-lig-tt-docked-14-pocket10_2e24-A-rec-1j0n-ceg-lig-tt-docked-14,seq30_026,4
sequence_30,22,4pxz-A-rec-4pxz-6ad-lig-tt-min-0-pocket10_4pxz-A-rec-4pxz-6ad-lig-tt-min-0,seq30_061,4
sequence_30,22,1umd-B-rec-1umb-tdp-lig-tt-docked-1-pocket10_1umd-B-rec-1umb-tdp-lig-tt-docked-1,seq30_024,4
sequence_30,22,2v3r-A-rec-1dy4-snp-lig-tt-docked-1-pocket10_2v3r-A-rec-1dy4-snp-lig-tt-docked-1,seq30_031,4
sequence_30,22,3kc1-A-rec-3kc1-2t6-lig-tt-min-0-pocket10_3kc1-A-rec-3kc1-2t6-lig-tt-min-0,seq30_041,4
sequence_30,22,5q0k-A-rec-5q0q-9ld-lig-tt-docked-0-pocket10_5q0k-A-rec-5q0q-9ld-lig-tt-docked-0,seq30_075,4
sequence_30,22,3daf-A-rec-3daf-feg-lig-tt-docked-0-pocket10_3daf-A-rec-3daf-feg-lig-tt-docked-0,seq30_036,4
sequence_30,22,5w2g-A-rec-5w2i-adp-lig-tt-min-0-pocket10_5w2g-A-rec-5w2i-adp-lig-tt-min-0,seq30_077,4
sequence_30,22,4h3c-A-rec-5cqj-53q-lig-tt-docked-2-pocket10_4h3c-A-rec-5cqj-53q-lig-tt-docked-2,seq30_053,4
sequence_30,22,3u9f-C-rec-3u9f-clm-lig-tt-min-0-pocket10_3u9f-C-rec-3u9f-clm-lig-tt-min-0,seq30_046,4
sequence_30,33,2f2c-B-rec-1xo2-fse-lig-tt-min-0-pocket10_2f2c-B-rec-1xo2-fse-lig-tt-min-0,seq30_001,0
sequence_30,33,1phk-A-rec-1phk-atp-lig-tt-min-0-pocket10_1phk-A-rec-1phk-atp-lig-tt-min-0,seq30_001,0
sequence_30,33,3g51-A-rec-3g51-anp-lig-tt-min-0-pocket10_3g51-A-rec-3g51-anp-lig-tt-min-0,seq30_001,0
sequence_30,33,4aua-A-rec-4aua-4au-lig-it2-tt-docked-7-pocket10_4aua-A-rec-4aua-4au-lig-it2-tt-docked-7,seq30_001,0
sequence_30,33,3o96-A-rec-3o96-iqo-lig-tt-docked-2-pocket10_3o96-A-rec-3o96-iqo-lig-tt-docked-2,seq30_001,0
sequence_30,33,4f1m-A-rec-4f1m-acp-lig-tt-min-0-pocket10_4f1m-A-rec-4f1m-acp-lig-tt-min-0,seq30_001,0
sequence_30,33,4xli-B-rec-4xli-1n1-lig-tt-min-0-pocket10_4xli-B-rec-4xli-1n1-lig-tt-min-0,seq30_001,0
sequence_30,33,5i0b-A-rec-5vef-m77-lig-tt-min-0-pocket10_5i0b-A-rec-5vef-m77-lig-tt-min-0,seq30_001,0
sequence_30,33,4bel-A-rec-2ewy-dbo-lig-tt-min-0-pocket10_4bel-A-rec-2ewy-dbo-lig-tt-min-0,seq30_050,0
sequence_30,33,5l1v-A-rec-5l1v-7pf-lig-tt-docked-0-pocket10_5l1v-A-rec-5l1v-7pf-lig-tt-docked-0,seq30_071,0
sequence_30,33,2pc8-A-rec-1eqc-cts-lig-tt-docked-6-pocket10_2pc8-A-rec-1eqc-cts-lig-tt-docked-6,seq30_029,0
sequence_30,33,4g3d-B-rec-4idv-13v-lig-tt-min-0-pocket10_4g3d-B-rec-4idv-13v-lig-tt-min-0,seq30_051,0
sequence_30,33,4ja8-B-rec-4ja8-1k9-lig-tt-docked-0-pocket10_4ja8-B-rec-4ja8-1k9-lig-tt-docked-0,seq30_056,0
sequence_30,33,4q8b-B-rec-4q8b-sxx-lig-tt-min-0-pocket10_4q8b-B-rec-4q8b-sxx-lig-tt-min-0,seq30_062,0
sequence_30,33,3b6h-A-rec-3b6h-mxd-lig-tt-min-0-pocket10_3b6h-A-rec-3b6h-mxd-lig-tt-min-0,seq30_035,0
sequence_30,33,5tjn-A-rec-1zj1-nlc-lig-tt-docked-4-pocket10_5tjn-A-rec-1zj1-nlc-lig-tt-docked-4,seq30_076,0
sequence_30,33,4aaw-A-rec-4ac3-r83-lig-tt-min-0-pocket10_4aaw-A-rec-4ac3-r83-lig-tt-min-0,seq30_048,0
sequence_30,33,4lfu-A-rec-4y13-480-lig-tt-min-0-pocket10_4lfu-A-rec-4y13-480-lig-tt-min-0,seq30_058,0
sequence_30,33,2rma-A-rec-3rdd-ea4-lig-tt-docked-0-pocket10_2rma-A-rec-3rdd-ea4-lig-tt-docked-0,seq30_030,0
sequence_30,33,4p6p-A-rec-4p77-5rp-lig-tt-docked-0-pocket10_4p6p-A-rec-4p77-5rp-lig-tt-docked-0,seq30_060,0
sequence_30,33,1rs9-A-rec-1dmk-itu-lig-tt-min-0-pocket10_1rs9-A-rec-1dmk-itu-lig-tt-min-0,seq30_002,1
sequence_30,33,3ej8-A-rec-2nsi-itu-lig-tt-min-0-pocket10_3ej8-A-rec-2nsi-itu-lig-tt-min-0,seq30_002,1
sequence_30,33,3tym-A-rec-3n5v-xfh-lig-tt-min-0-pocket10_3tym-A-rec-3n5v-xfh-lig-tt-min-0,seq30_002,1
sequence_30,33,4d7o-A-rec-3n5z-xfm-lig-tt-min-0-pocket10_4d7o-A-rec-3n5z-xfm-lig-tt-min-0,seq30_002,1
sequence_30,33,4kcq-A-rec-4cwv-hw8-lig-tt-min-0-pocket10_4kcq-A-rec-4cwv-hw8-lig-tt-min-0,seq30_002,1
sequence_30,33,1afs-A-rec-1afs-tes-lig-tt-min-0-pocket10_1afs-A-rec-1afs-tes-lig-tt-min-0,seq30_005,1
sequence_30,33,5liu-X-rec-4gq0-qap-lig-tt-min-0-pocket10_5liu-X-rec-4gq0-qap-lig-tt-min-0,seq30_005,1
sequence_30,33,5q0k-A-rec-5q0q-9ld-lig-tt-docked-0-pocket10_5q0k-A-rec-5q0q-9ld-lig-tt-docked-0,seq30_075,1
sequence_30,33,4azf-A-rec-5lxc-7aa-lig-tt-min-0-pocket10_4azf-A-rec-5lxc-7aa-lig-tt-min-0,seq30_049,1
sequence_30,33,4iwq-A-rec-4jlc-su6-lig-tt-min-0-pocket10_4iwq-A-rec-4jlc-su6-lig-tt-min-0,seq30_055,1
sequence_30,33,2jjg-A-rec-2jjg-plp-lig-tt-min-0-pocket10_2jjg-A-rec-2jjg-plp-lig-tt-min-0,seq30_028,1
sequence_30,33,1ai4-A-rec-1ai5-mnp-lig-tt-docked-0-pocket10_1ai4-A-rec-1ai5-mnp-lig-tt-docked-0,seq30_014,1
sequence_30,33,2e24-A-rec-1j0n-ceg-lig-tt-docked-14-pocket10_2e24-A-rec-1j0n-ceg-lig-tt-docked-14,seq30_026,1
sequence_30,33,4iiy-A-rec-3tle-gsu-lig-tt-docked-12-pocket10_4iiy-A-rec-3tle-gsu-lig-tt-docked-12,seq30_054,1
sequence_30,33,3pnm-A-rec-3pnq-2ha-lig-tt-docked-10-pocket10_3pnm-A-rec-3pnq-2ha-lig-tt-docked-10,seq30_045,1
sequence_30,33,3v4t-A-rec-4e7f-udp-lig-tt-min-0-pocket10_3v4t-A-rec-4e7f-udp-lig-tt-min-0,seq30_047,1
sequence_30,33,4pxz-A-rec-4pxz-6ad-lig-tt-min-0-pocket10_4pxz-A-rec-4pxz-6ad-lig-tt-min-0,seq30_061,1
sequence_30,33,3l3n-A-rec-2iux-nxa-lig-tt-docked-2-pocket10_3l3n-A-rec-2iux-nxa-lig-tt-docked-2,seq30_042,1
sequence_30,33,2z3h-A-rec-1wn6-bst-lig-tt-docked-3-pocket10_2z3h-A-rec-1wn6-bst-lig-tt-docked-3,seq30_032,1
sequence_30,33,2cy0-A-rec-2d5c-skm-lig-tt-min-0-pocket10_2cy0-A-rec-2d5c-skm-lig-tt-min-0,seq30_025,1
sequence_30,33,1k9t-A-rec-2wlz-dio-lig-tt-min-0-pocket10_1k9t-A-rec-2wlz-dio-lig-tt-min-0,seq30_003,2
sequence_30,33,1h0i-A-rec-1e6z-ngo-lig-it2-tt-docked-15-pocket10_1h0i-A-rec-1e6z-ngo-lig-it2-tt-docked-15,seq30_003,2
sequence_30,33,3chc-B-rec-3ch9-xrg-lig-tt-min-0-pocket10_3chc-B-rec-3ch9-xrg-lig-tt-min-0,seq30_003,2
sequence_30,33,4z2g-A-rec-4z2g-m6v-lig-tt-docked-16-pocket10_4z2g-A-rec-4z2g-m6v-lig-tt-docked-16,seq30_003,2
sequence_30,33,3pdh-A-rec-4buz-ocz-lig-tt-min-0-pocket10_3pdh-A-rec-4buz-ocz-lig-tt-min-0,seq30_010,2
sequence_30,33,5d7n-D-rec-4jt9-1ns-lig-tt-min-0-pocket10_5d7n-D-rec-4jt9-1ns-lig-tt-min-0,seq30_010,2
sequence_30,33,1coy-A-rec-1coy-and-lig-tt-docked-0-pocket10_1coy-A-rec-1coy-and-lig-tt-docked-0,seq30_015,2
sequence_30,33,1e8h-A-rec-1e8h-adp-lig-tt-min-0-pocket10_1e8h-A-rec-1e8h-adp-lig-tt-min-0,seq30_018,2
sequence_30,33,1a2g-A-rec-4jmv-1ly-lig-tt-min-0-pocket10_1a2g-A-rec-4jmv-1ly-lig-tt-min-0,seq30_013,2
sequence_30,33,3li4-A-rec-2gvv-di9-lig-tt-min-0-pocket10_3li4-A-rec-2gvv-di9-lig-tt-min-0,seq30_043,2
sequence_30,33,2zen-A-rec-2afx-1bn-lig-tt-docked-7-pocket10_2zen-A-rec-2afx-1bn-lig-tt-docked-7,seq30_033,2
sequence_30,33,4yhj-A-rec-4yhj-an2-lig-tt-min-0-pocket10_4yhj-A-rec-4yhj-an2-lig-tt-min-0,seq30_067,2
sequence_30,33,4u5s-A-rec-4u54-3c5-lig-tt-min-0-pocket10_4u5s-A-rec-4u54-3c5-lig-tt-min-0,seq30_066,2
sequence_30,33,3jyh-A-rec-3n0t-opy-lig-tt-min-0-pocket10_3jyh-A-rec-3n0t-opy-lig-tt-min-0,seq30_040,2
sequence_30,33,4rlu-A-rec-4rlu-hcc-lig-tt-min-0-pocket10_4rlu-A-rec-4rlu-hcc-lig-tt-min-0,seq30_063,2
sequence_30,33,3kc1-A-rec-3kc1-2t6-lig-tt-min-0-pocket10_3kc1-A-rec-3kc1-2t6-lig-tt-min-0,seq30_041,2
sequence_30,33,3daf-A-rec-3daf-feg-lig-tt-docked-0-pocket10_3daf-A-rec-3daf-feg-lig-tt-docked-0,seq30_036,2
sequence_30,33,3hy9-B-rec-3hyg-099-lig-tt-min-0-pocket10_3hy9-B-rec-3hyg-099-lig-tt-min-0,seq30_039,2
sequence_30,33,2v3r-A-rec-1dy4-snp-lig-tt-docked-1-pocket10_2v3r-A-rec-1dy4-snp-lig-tt-docked-1,seq30_031,2
sequence_30,33,1r1h-A-rec-1r1h-bir-lig-tt-docked-1-pocket10_1r1h-A-rec-1r1h-bir-lig-tt-docked-1,seq30_023,2
sequence_30,33,4rv4-A-rec-4rv4-prp-lig-tt-docked-2-pocket10_4rv4-A-rec-4rv4-prp-lig-tt-docked-2,seq30_004,3
sequence_30,33,4tos-A-rec-4tos-355-lig-tt-min-0-pocket10_4tos-A-rec-4tos-355-lig-tt-min-0,seq30_004,3
sequence_30,33,5aeh-A-rec-5aeh-8ir-lig-tt-docked-0-pocket10_5aeh-A-rec-5aeh-8ir-lig-tt-docked-0,seq30_004,3
sequence_30,33,1dxo-C-rec-1gg5-e09-lig-tt-min-0-pocket10_1dxo-C-rec-1gg5-e09-lig-tt-min-0,seq30_006,3
sequence_30,33,1gg5-A-rec-1kbo-340-lig-tt-min-0-pocket10_1gg5-A-rec-1kbo-340-lig-tt-min-0,seq30_006,3
sequence_30,33,2e6d-A-rec-2e6d-fum-lig-tt-min-0-pocket10_2e6d-A-rec-2e6d-fum-lig-tt-min-0,seq30_007,3
sequence_30,33,3w83-B-rec-2e6d-fum-lig-tt-min-0-pocket10_3w83-B-rec-2e6d-fum-lig-tt-min-0,seq30_007,3
sequence_30,33,14gs-A-rec-20gs-cbd-lig-tt-min-0-pocket10_14gs-A-rec-20gs-cbd-lig-tt-min-0,seq30_012,3
sequence_30,33,4gvd-A-rec-4nxr-ans-lig-tt-min-0-pocket10_4gvd-A-rec-4nxr-ans-lig-tt-min-0,seq30_052,3
sequence_30,33,4keu-A-rec-4ket-pg4-lig-tt-min-0-pocket10_4keu-A-rec-4ket-pg4-lig-tt-min-0,seq30_057,3
sequence_30,33,3af2-A-rec-3af4-gcp-lig-tt-min-0-pocket10_3af2-A-rec-3af4-gcp-lig-tt-min-0,seq30_034,3
sequence_30,33,4m7t-A-rec-4m7t-sam-lig-tt-min-0-pocket10_4m7t-A-rec-4m7t-sam-lig-tt-min-0,seq30_059,3
sequence_30,33,1h36-A-rec-1o79-r23-lig-tt-docked-5-pocket10_1h36-A-rec-1o79-r23-lig-tt-docked-5,seq30_020,3
sequence_30,33,1fmc-B-rec-1fmc-cho-lig-tt-docked-1-pocket10_1fmc-B-rec-1fmc-cho-lig-tt-docked-1,seq30_019,3
sequence_30,33,5b08-A-rec-5b09-4mx-lig-tt-min-0-pocket10_5b08-A-rec-5b09-4mx-lig-tt-min-0,seq30_069,3
sequence_30,33,5bur-A-rec-5x8f-amp-lig-tt-docked-7-pocket10_5bur-A-rec-5x8f-amp-lig-tt-docked-7,seq30_070,3
sequence_30,33,4tqr-A-rec-2xca-doc-lig-tt-min-0-pocket10_4tqr-A-rec-2xca-doc-lig-tt-min-0,seq30_065,3
sequence_30,33,1d7j-A-rec-1tco-fk5-lig-tt-docked-0-pocket10_1d7j-A-rec-1tco-fk5-lig-tt-docked-0,seq30_016,3
sequence_30,33,3gs6-A-rec-2oxn-oan-lig-tt-docked-4-pocket10_3gs6-A-rec-2oxn-oan-lig-tt-docked-4,seq30_038,3
sequence_30,33,3nfb-A-rec-3nfb-oae-lig-tt-docked-2-pocket10_3nfb-A-rec-3nfb-oae-lig-tt-docked-2,seq30_044,3
sequence_30,33,2pqw-A-rec-2rhy-mlz-lig-tt-min-0-pocket10_2pqw-A-rec-2rhy-mlz-lig-tt-min-0,seq30_009,4
sequence_30,33,2rhy-A-rec-2rhy-mlz-lig-tt-min-0-pocket10_2rhy-A-rec-2rhy-mlz-lig-tt-min-0,seq30_009,4
sequence_30,33,3u5y-B-rec-3u57-dh8-lig-tt-min-0-pocket10_3u5y-B-rec-3u57-dh8-lig-tt-min-0,seq30_011,4
sequence_30,33,4qlk-A-rec-4qlk-ctt-lig-tt-docked-0-pocket10_4qlk-A-rec-4qlk-ctt-lig-tt-docked-0,seq30_011,4
sequence_30,33,2gns-A-rec-4qer-stl-lig-tt-min-0-pocket10_2gns-A-rec-4qer-stl-lig-tt-min-0,seq30_008,4
sequence_30,33,2azy-A-rec-2azy-chd-lig-tt-docked-0-pocket10_2azy-A-rec-2azy-chd-lig-tt-docked-0,seq30_008,4
sequence_30,33,5mma-A-rec-4ztf-x2p-lig-tt-min-0-pocket10_5mma-A-rec-4ztf-x2p-lig-tt-min-0,seq30_073,4
sequence_30,33,1l3l-A-rec-1l3l-lae-lig-tt-min-0-pocket10_1l3l-A-rec-1l3l-lae-lig-tt-min-0,seq30_022,4
sequence_30,33,5w2g-A-rec-5w2i-adp-lig-tt-min-0-pocket10_5w2g-A-rec-5w2i-adp-lig-tt-min-0,seq30_077,4
sequence_30,33,2hcj-B-rec-2hcj-gdp-lig-tt-docked-0-pocket10_2hcj-B-rec-2hcj-gdp-lig-tt-docked-0,seq30_027,4
sequence_30,33,1umd-B-rec-1umb-tdp-lig-tt-docked-1-pocket10_1umd-B-rec-1umb-tdp-lig-tt-docked-1,seq30_024,4
sequence_30,33,1jn2-P-rec-1val-png-lig-tt-docked-11-pocket10_1jn2-P-rec-1val-png-lig-tt-docked-11,seq30_021,4
sequence_30,33,5mgl-A-rec-5mgl-7mu-lig-tt-min-0-pocket10_5mgl-A-rec-5mgl-7mu-lig-tt-min-0,seq30_072,4
sequence_30,33,5ngz-A-rec-5ngz-2bg-lig-tt-min-0-pocket10_5ngz-A-rec-5ngz-2bg-lig-tt-min-0,seq30_074,4
sequence_30,33,3u9f-C-rec-3u9f-clm-lig-tt-min-0-pocket10_3u9f-C-rec-3u9f-clm-lig-tt-min-0,seq30_046,4
sequence_30,33,3dzh-A-rec-3u4i-cvr-lig-tt-docked-0-pocket10_3dzh-A-rec-3u4i-cvr-lig-tt-docked-0,seq30_037,4
sequence_30,33,4h3c-A-rec-5cqj-53q-lig-tt-docked-2-pocket10_4h3c-A-rec-5cqj-53q-lig-tt-docked-2,seq30_053,4
sequence_30,33,1djy-A-rec-1djz-ip2-lig-tt-min-0-pocket10_1djy-A-rec-1djz-ip2-lig-tt-min-0,seq30_017,4
sequence_30,33,4zfa-A-rec-1smj-pam-lig-tt-min-0-pocket10_4zfa-A-rec-1smj-pam-lig-tt-min-0,seq30_068,4
sequence_30,33,4rn0-B-rec-4rn1-l8g-lig-tt-min-0-pocket10_4rn0-B-rec-4rn1-l8g-lig-tt-min-0,seq30_064,4
sequence_40,11,1rs9-A-rec-1dmk-itu-lig-tt-min-0-pocket10_1rs9-A-rec-1dmk-itu-lig-tt-min-0,seq40_001,0
sequence_40,11,3ej8-A-rec-2nsi-itu-lig-tt-min-0-pocket10_3ej8-A-rec-2nsi-itu-lig-tt-min-0,seq40_001,0
sequence_40,11,3tym-A-rec-3n5v-xfh-lig-tt-min-0-pocket10_3tym-A-rec-3n5v-xfh-lig-tt-min-0,seq40_001,0
sequence_40,11,4d7o-A-rec-3n5z-xfm-lig-tt-min-0-pocket10_4d7o-A-rec-3n5z-xfm-lig-tt-min-0,seq40_001,0
sequence_40,11,4kcq-A-rec-4cwv-hw8-lig-tt-min-0-pocket10_4kcq-A-rec-4cwv-hw8-lig-tt-min-0,seq40_001,0
sequence_40,11,4rn0-B-rec-4rn1-l8g-lig-tt-min-0-pocket10_4rn0-B-rec-4rn1-l8g-lig-tt-min-0,seq40_070,0
sequence_40,11,4pxz-A-rec-4pxz-6ad-lig-tt-min-0-pocket10_4pxz-A-rec-4pxz-6ad-lig-tt-min-0,seq40_067,0
sequence_40,11,2pc8-A-rec-1eqc-cts-lig-tt-docked-6-pocket10_2pc8-A-rec-1eqc-cts-lig-tt-docked-6,seq40_030,0
sequence_40,11,4tqr-A-rec-2xca-doc-lig-tt-min-0-pocket10_4tqr-A-rec-2xca-doc-lig-tt-min-0,seq40_072,0
sequence_40,11,3g51-A-rec-3g51-anp-lig-tt-min-0-pocket10_3g51-A-rec-3g51-anp-lig-tt-min-0,seq40_040,0
sequence_40,11,2v3r-A-rec-1dy4-snp-lig-tt-docked-1-pocket10_2v3r-A-rec-1dy4-snp-lig-tt-docked-1,seq40_032,0
sequence_40,11,4gvd-A-rec-4nxr-ans-lig-tt-min-0-pocket10_4gvd-A-rec-4nxr-ans-lig-tt-min-0,seq40_058,0
sequence_40,11,14gs-A-rec-20gs-cbd-lig-tt-min-0-pocket10_14gs-A-rec-20gs-cbd-lig-tt-min-0,seq40_011,0
sequence_40,11,2rma-A-rec-3rdd-ea4-lig-tt-docked-0-pocket10_2rma-A-rec-3rdd-ea4-lig-tt-docked-0,seq40_031,0
sequence_40,11,1fmc-B-rec-1fmc-cho-lig-tt-docked-1-pocket10_1fmc-B-rec-1fmc-cho-lig-tt-docked-1,seq40_018,0
sequence_40,11,4q8b-B-rec-4q8b-sxx-lig-tt-min-0-pocket10_4q8b-B-rec-4q8b-sxx-lig-tt-min-0,seq40_068,0
sequence_40,11,3li4-A-rec-2gvv-di9-lig-tt-min-0-pocket10_3li4-A-rec-2gvv-di9-lig-tt-min-0,seq40_046,0
sequence_40,11,2hcj-B-rec-2hcj-gdp-lig-tt-docked-0-pocket10_2hcj-B-rec-2hcj-gdp-lig-tt-docked-0,seq40_028,0
sequence_40,11,5bur-A-rec-5x8f-amp-lig-tt-docked-7-pocket10_5bur-A-rec-5x8f-amp-lig-tt-docked-7,seq40_078,0
sequence_40,11,3l3n-A-rec-2iux-nxa-lig-tt-docked-2-pocket10_3l3n-A-rec-2iux-nxa-lig-tt-docked-2,seq40_045,0
sequence_40,11,1h0i-A-rec-1e6z-ngo-lig-it2-tt-docked-15-pocket10_1h0i-A-rec-1e6z-ngo-lig-it2-tt-docked-15,seq40_004,1
sequence_40,11,4z2g-A-rec-4z2g-m6v-lig-tt-docked-16-pocket10_4z2g-A-rec-4z2g-m6v-lig-tt-docked-16,seq40_004,1
sequence_40,11,1afs-A-rec-1afs-tes-lig-tt-min-0-pocket10_1afs-A-rec-1afs-tes-lig-tt-min-0,seq40_002,1
sequence_40,11,5liu-X-rec-4gq0-qap-lig-tt-min-0-pocket10_5liu-X-rec-4gq0-qap-lig-tt-min-0,seq40_002,1
sequence_40,11,3u5y-B-rec-3u57-dh8-lig-tt-min-0-pocket10_3u5y-B-rec-3u57-dh8-lig-tt-min-0,seq40_009,1
sequence_40,11,4qlk-A-rec-4qlk-ctt-lig-tt-docked-0-pocket10_4qlk-A-rec-4qlk-ctt-lig-tt-docked-0,seq40_009,1
sequence_40,11,2z3h-A-rec-1wn6-bst-lig-tt-docked-3-pocket10_2z3h-A-rec-1wn6-bst-lig-tt-docked-3,seq40_033,1
sequence_40,11,1d7j-A-rec-1tco-fk5-lig-tt-docked-0-pocket10_1d7j-A-rec-1tco-fk5-lig-tt-docked-0,seq40_015,1
sequence_40,11,4p6p-A-rec-4p77-5rp-lig-tt-docked-0-pocket10_4p6p-A-rec-4p77-5rp-lig-tt-docked-0,seq40_066,1
sequence_40,11,5d7n-D-rec-4jt9-1ns-lig-tt-min-0-pocket10_5d7n-D-rec-4jt9-1ns-lig-tt-min-0,seq40_079,1
sequence_40,11,4yhj-A-rec-4yhj-an2-lig-tt-min-0-pocket10_4yhj-A-rec-4yhj-an2-lig-tt-min-0,seq40_075,1
sequence_40,11,3nfb-A-rec-3nfb-oae-lig-tt-docked-2-pocket10_3nfb-A-rec-3nfb-oae-lig-tt-docked-2,seq40_047,1
sequence_40,11,3af2-A-rec-3af4-gcp-lig-tt-min-0-pocket10_3af2-A-rec-3af4-gcp-lig-tt-min-0,seq40_035,1
sequence_40,11,3kc1-A-rec-3kc1-2t6-lig-tt-min-0-pocket10_3kc1-A-rec-3kc1-2t6-lig-tt-min-0,seq40_044,1
sequence_40,11,1jn2-P-rec-1val-png-lig-tt-docked-11-pocket10_1jn2-P-rec-1val-png-lig-tt-docked-11,seq40_020,1
sequence_40,11,1ai4-A-rec-1ai5-mnp-lig-tt-docked-0-pocket10_1ai4-A-rec-1ai5-mnp-lig-tt-docked-0,seq40_013,1
sequence_40,11,4zfa-A-rec-1smj-pam-lig-tt-min-0-pocket10_4zfa-A-rec-1smj-pam-lig-tt-min-0,seq40_076,1
sequence_40,11,4rv4-A-rec-4rv4-prp-lig-tt-docked-2-pocket10_4rv4-A-rec-4rv4-prp-lig-tt-docked-2,seq40_071,1
sequence_40,11,2jjg-A-rec-2jjg-plp-lig-tt-min-0-pocket10_2jjg-A-rec-2jjg-plp-lig-tt-min-0,seq40_029,1
sequence_40,11,5mma-A-rec-4ztf-x2p-lig-tt-min-0-pocket10_5mma-A-rec-4ztf-x2p-lig-tt-min-0,seq40_083,1
sequence_40,11,2gns-A-rec-4qer-stl-lig-tt-min-0-pocket10_2gns-A-rec-4qer-stl-lig-tt-min-0,seq40_007,2
sequence_40,11,2azy-A-rec-2azy-chd-lig-tt-docked-0-pocket10_2azy-A-rec-2azy-chd-lig-tt-docked-0,seq40_007,2
sequence_40,11,1dxo-C-rec-1gg5-e09-lig-tt-min-0-pocket10_1dxo-C-rec-1gg5-e09-lig-tt-min-0,seq40_003,2
sequence_40,11,1gg5-A-rec-1kbo-340-lig-tt-min-0-pocket10_1gg5-A-rec-1kbo-340-lig-tt-min-0,seq40_003,2
sequence_40,11,3o96-A-rec-3o96-iqo-lig-tt-docked-2-pocket10_3o96-A-rec-3o96-iqo-lig-tt-docked-2,seq40_048,2
sequence_40,11,3gs6-A-rec-2oxn-oan-lig-tt-docked-4-pocket10_3gs6-A-rec-2oxn-oan-lig-tt-docked-4,seq40_041,2
sequence_40,11,4h3c-A-rec-5cqj-53q-lig-tt-docked-2-pocket10_4h3c-A-rec-5cqj-53q-lig-tt-docked-2,seq40_059,2
sequence_40,11,3b6h-A-rec-3b6h-mxd-lig-tt-min-0-pocket10_3b6h-A-rec-3b6h-mxd-lig-tt-min-0,seq40_036,2
sequence_40,11,3hy9-B-rec-3hyg-099-lig-tt-min-0-pocket10_3hy9-B-rec-3hyg-099-lig-tt-min-0,seq40_042,2
sequence_40,11,2e24-A-rec-1j0n-ceg-lig-tt-docked-14-pocket10_2e24-A-rec-1j0n-ceg-lig-tt-docked-14,seq40_027,2
sequence_40,11,4g3d-B-rec-4idv-13v-lig-tt-min-0-pocket10_4g3d-B-rec-4idv-13v-lig-tt-min-0,seq40_057,2
sequence_40,11,5ngz-A-rec-5ngz-2bg-lig-tt-min-0-pocket10_5ngz-A-rec-5ngz-2bg-lig-tt-min-0,seq40_084,2
sequence_40,11,5q0k-A-rec-5q0q-9ld-lig-tt-docked-0-pocket10_5q0k-A-rec-5q0q-9ld-lig-tt-docked-0,seq40_085,2
sequence_40,11,1r1h-A-rec-1r1h-bir-lig-tt-docked-1-pocket10_1r1h-A-rec-1r1h-bir-lig-tt-docked-1,seq40_024,2
sequence_40,11,1phk-A-rec-1phk-atp-lig-tt-min-0-pocket10_1phk-A-rec-1phk-atp-lig-tt-min-0,seq40_023,2
sequence_40,11,1e8h-A-rec-1e8h-adp-lig-tt-min-0-pocket10_1e8h-A-rec-1e8h-adp-lig-tt-min-0,seq40_017,2
sequence_40,11,4m7t-A-rec-4m7t-sam-lig-tt-min-0-pocket10_4m7t-A-rec-4m7t-sam-lig-tt-min-0,seq40_065,2
sequence_40,11,1h36-A-rec-1o79-r23-lig-tt-docked-5-pocket10_1h36-A-rec-1o79-r23-lig-tt-docked-5,seq40_019,2
sequence_40,11,4rlu-A-rec-4rlu-hcc-lig-tt-min-0-pocket10_4rlu-A-rec-4rlu-hcc-lig-tt-min-0,seq40_069,2
sequence_40,11,5mgl-A-rec-5mgl-7mu-lig-tt-min-0-pocket10_5mgl-A-rec-5mgl-7mu-lig-tt-min-0,seq40_082,2
sequence_40,11,2pqw-A-rec-2rhy-mlz-lig-tt-min-0-pocket10_2pqw-A-rec-2rhy-mlz-lig-tt-min-0,seq40_008,3
sequence_40,11,2rhy-A-rec-2rhy-mlz-lig-tt-min-0-pocket10_2rhy-A-rec-2rhy-mlz-lig-tt-min-0,seq40_008,3
sequence_40,11,4tos-A-rec-4tos-355-lig-tt-min-0-pocket10_4tos-A-rec-4tos-355-lig-tt-min-0,seq40_010,3
sequence_40,11,5aeh-A-rec-5aeh-8ir-lig-tt-docked-0-pocket10_5aeh-A-rec-5aeh-8ir-lig-tt-docked-0,seq40_010,3
sequence_40,11,4xli-B-rec-4xli-1n1-lig-tt-min-0-pocket10_4xli-B-rec-4xli-1n1-lig-tt-min-0,seq40_074,3
sequence_40,11,4azf-A-rec-5lxc-7aa-lig-tt-min-0-pocket10_4azf-A-rec-5lxc-7aa-lig-tt-min-0,seq40_054,3
sequence_40,11,4u5s-A-rec-4u54-3c5-lig-tt-min-0-pocket10_4u5s-A-rec-4u54-3c5-lig-tt-min-0,seq40_073,3
sequence_40,11,3pdh-A-rec-4buz-ocz-lig-tt-min-0-pocket10_3pdh-A-rec-4buz-ocz-lig-tt-min-0,seq40_049,3
sequence_40,11,3daf-A-rec-3daf-feg-lig-tt-docked-0-pocket10_3daf-A-rec-3daf-feg-lig-tt-docked-0,seq40_038,3
sequence_40,11,5l1v-A-rec-5l1v-7pf-lig-tt-docked-0-pocket10_5l1v-A-rec-5l1v-7pf-lig-tt-docked-0,seq40_081,3
sequence_40,11,5tjn-A-rec-1zj1-nlc-lig-tt-docked-4-pocket10_5tjn-A-rec-1zj1-nlc-lig-tt-docked-4,seq40_086,3
sequence_40,11,3jyh-A-rec-3n0t-opy-lig-tt-min-0-pocket10_3jyh-A-rec-3n0t-opy-lig-tt-min-0,seq40_043,3
sequence_40,11,3u9f-C-rec-3u9f-clm-lig-tt-min-0-pocket10_3u9f-C-rec-3u9f-clm-lig-tt-min-0,seq40_051,3
sequence_40,11,5b08-A-rec-5b09-4mx-lig-tt-min-0-pocket10_5b08-A-rec-5b09-4mx-lig-tt-min-0,seq40_077,3
sequence_40,11,4f1m-A-rec-4f1m-acp-lig-tt-min-0-pocket10_4f1m-A-rec-4f1m-acp-lig-tt-min-0,seq40_056,3
sequence_40,11,3chc-B-rec-3ch9-xrg-lig-tt-min-0-pocket10_3chc-B-rec-3ch9-xrg-lig-tt-min-0,seq40_037,3
sequence_40,11,5w2g-A-rec-5w2i-adp-lig-tt-min-0-pocket10_5w2g-A-rec-5w2i-adp-lig-tt-min-0,seq40_087,3
sequence_40,11,4ja8-B-rec-4ja8-1k9-lig-tt-docked-0-pocket10_4ja8-B-rec-4ja8-1k9-lig-tt-docked-0,seq40_062,3
sequence_40,11,2zen-A-rec-2afx-1bn-lig-tt-docked-7-pocket10_2zen-A-rec-2afx-1bn-lig-tt-docked-7,seq40_034,3
sequence_40,11,1k9t-A-rec-2wlz-dio-lig-tt-min-0-pocket10_1k9t-A-rec-2wlz-dio-lig-tt-min-0,seq40_021,3
sequence_40,11,2e6d-A-rec-2e6d-fum-lig-tt-min-0-pocket10_2e6d-A-rec-2e6d-fum-lig-tt-min-0,seq40_005,4
sequence_40,11,3w83-B-rec-2e6d-fum-lig-tt-min-0-pocket10_3w83-B-rec-2e6d-fum-lig-tt-min-0,seq40_005,4
sequence_40,11,2f2c-B-rec-1xo2-fse-lig-tt-min-0-pocket10_2f2c-B-rec-1xo2-fse-lig-tt-min-0,seq40_006,4
sequence_40,11,4aua-A-rec-4aua-4au-lig-it2-tt-docked-7-pocket10_4aua-A-rec-4aua-4au-lig-it2-tt-docked-7,seq40_006,4
sequence_40,11,4iwq-A-rec-4jlc-su6-lig-tt-min-0-pocket10_4iwq-A-rec-4jlc-su6-lig-tt-min-0,seq40_061,4
sequence_40,11,4aaw-A-rec-4ac3-r83-lig-tt-min-0-pocket10_4aaw-A-rec-4ac3-r83-lig-tt-min-0,seq40_053,4
sequence_40,11,4lfu-A-rec-4y13-480-lig-tt-min-0-pocket10_4lfu-A-rec-4y13-480-lig-tt-min-0,seq40_064,4
sequence_40,11,4iiy-A-rec-3tle-gsu-lig-tt-docked-12-pocket10_4iiy-A-rec-3tle-gsu-lig-tt-docked-12,seq40_060,4
sequence_40,11,1l3l-A-rec-1l3l-lae-lig-tt-min-0-pocket10_1l3l-A-rec-1l3l-lae-lig-tt-min-0,seq40_022,4
sequence_40,11,1coy-A-rec-1coy-and-lig-tt-docked-0-pocket10_1coy-A-rec-1coy-and-lig-tt-docked-0,seq40_014,4
sequence_40,11,5i0b-A-rec-5vef-m77-lig-tt-min-0-pocket10_5i0b-A-rec-5vef-m77-lig-tt-min-0,seq40_080,4
sequence_40,11,1umd-B-rec-1umb-tdp-lig-tt-docked-1-pocket10_1umd-B-rec-1umb-tdp-lig-tt-docked-1,seq40_025,4
sequence_40,11,4keu-A-rec-4ket-pg4-lig-tt-min-0-pocket10_4keu-A-rec-4ket-pg4-lig-tt-min-0,seq40_063,4
sequence_40,11,1a2g-A-rec-4jmv-1ly-lig-tt-min-0-pocket10_1a2g-A-rec-4jmv-1ly-lig-tt-min-0,seq40_012,4
sequence_40,11,2cy0-A-rec-2d5c-skm-lig-tt-min-0-pocket10_2cy0-A-rec-2d5c-skm-lig-tt-min-0,seq40_026,4
sequence_40,11,3v4t-A-rec-4e7f-udp-lig-tt-min-0-pocket10_3v4t-A-rec-4e7f-udp-lig-tt-min-0,seq40_052,4
sequence_40,11,1djy-A-rec-1djz-ip2-lig-tt-min-0-pocket10_1djy-A-rec-1djz-ip2-lig-tt-min-0,seq40_016,4
sequence_40,11,4bel-A-rec-2ewy-dbo-lig-tt-min-0-pocket10_4bel-A-rec-2ewy-dbo-lig-tt-min-0,seq40_055,4
sequence_40,11,3dzh-A-rec-3u4i-cvr-lig-tt-docked-0-pocket10_3dzh-A-rec-3u4i-cvr-lig-tt-docked-0,seq40_039,4
sequence_40,11,3pnm-A-rec-3pnq-2ha-lig-tt-docked-10-pocket10_3pnm-A-rec-3pnq-2ha-lig-tt-docked-10,seq40_050,4
sequence_40,22,1rs9-A-rec-1dmk-itu-lig-tt-min-0-pocket10_1rs9-A-rec-1dmk-itu-lig-tt-min-0,seq40_001,0
sequence_40,22,3ej8-A-rec-2nsi-itu-lig-tt-min-0-pocket10_3ej8-A-rec-2nsi-itu-lig-tt-min-0,seq40_001,0
sequence_40,22,3tym-A-rec-3n5v-xfh-lig-tt-min-0-pocket10_3tym-A-rec-3n5v-xfh-lig-tt-min-0,seq40_001,0
sequence_40,22,4d7o-A-rec-3n5z-xfm-lig-tt-min-0-pocket10_4d7o-A-rec-3n5z-xfm-lig-tt-min-0,seq40_001,0
sequence_40,22,4kcq-A-rec-4cwv-hw8-lig-tt-min-0-pocket10_4kcq-A-rec-4cwv-hw8-lig-tt-min-0,seq40_001,0
sequence_40,22,3daf-A-rec-3daf-feg-lig-tt-docked-0-pocket10_3daf-A-rec-3daf-feg-lig-tt-docked-0,seq40_038,0
sequence_40,22,4rv4-A-rec-4rv4-prp-lig-tt-docked-2-pocket10_4rv4-A-rec-4rv4-prp-lig-tt-docked-2,seq40_071,0
sequence_40,22,4ja8-B-rec-4ja8-1k9-lig-tt-docked-0-pocket10_4ja8-B-rec-4ja8-1k9-lig-tt-docked-0,seq40_062,0
sequence_40,22,5l1v-A-rec-5l1v-7pf-lig-tt-docked-0-pocket10_5l1v-A-rec-5l1v-7pf-lig-tt-docked-0,seq40_081,0
sequence_40,22,1k9t-A-rec-2wlz-dio-lig-tt-min-0-pocket10_1k9t-A-rec-2wlz-dio-lig-tt-min-0,seq40_021,0
sequence_40,22,1e8h-A-rec-1e8h-adp-lig-tt-min-0-pocket10_1e8h-A-rec-1e8h-adp-lig-tt-min-0,seq40_017,0
sequence_40,22,4azf-A-rec-5lxc-7aa-lig-tt-min-0-pocket10_4azf-A-rec-5lxc-7aa-lig-tt-min-0,seq40_054,0
sequence_40,22,3g51-A-rec-3g51-anp-lig-tt-min-0-pocket10_3g51-A-rec-3g51-anp-lig-tt-min-0,seq40_040,0
sequence_40,22,4gvd-A-rec-4nxr-ans-lig-tt-min-0-pocket10_4gvd-A-rec-4nxr-ans-lig-tt-min-0,seq40_058,0
sequence_40,22,1umd-B-rec-1umb-tdp-lig-tt-docked-1-pocket10_1umd-B-rec-1umb-tdp-lig-tt-docked-1,seq40_025,0
sequence_40,22,3u9f-C-rec-3u9f-clm-lig-tt-min-0-pocket10_3u9f-C-rec-3u9f-clm-lig-tt-min-0,seq40_051,0
sequence_40,22,5q0k-A-rec-5q0q-9ld-lig-tt-docked-0-pocket10_5q0k-A-rec-5q0q-9ld-lig-tt-docked-0,seq40_085,0
sequence_40,22,2jjg-A-rec-2jjg-plp-lig-tt-min-0-pocket10_2jjg-A-rec-2jjg-plp-lig-tt-min-0,seq40_029,0
sequence_40,22,3af2-A-rec-3af4-gcp-lig-tt-min-0-pocket10_3af2-A-rec-3af4-gcp-lig-tt-min-0,seq40_035,0
sequence_40,22,3v4t-A-rec-4e7f-udp-lig-tt-min-0-pocket10_3v4t-A-rec-4e7f-udp-lig-tt-min-0,seq40_052,0
sequence_40,22,3u5y-B-rec-3u57-dh8-lig-tt-min-0-pocket10_3u5y-B-rec-3u57-dh8-lig-tt-min-0,seq40_009,1
sequence_40,22,4qlk-A-rec-4qlk-ctt-lig-tt-docked-0-pocket10_4qlk-A-rec-4qlk-ctt-lig-tt-docked-0,seq40_009,1
sequence_40,22,4tos-A-rec-4tos-355-lig-tt-min-0-pocket10_4tos-A-rec-4tos-355-lig-tt-min-0,seq40_010,1
sequence_40,22,5aeh-A-rec-5aeh-8ir-lig-tt-docked-0-pocket10_5aeh-A-rec-5aeh-8ir-lig-tt-docked-0,seq40_010,1
sequence_40,22,2f2c-B-rec-1xo2-fse-lig-tt-min-0-pocket10_2f2c-B-rec-1xo2-fse-lig-tt-min-0,seq40_006,1
sequence_40,22,4aua-A-rec-4aua-4au-lig-it2-tt-docked-7-pocket10_4aua-A-rec-4aua-4au-lig-it2-tt-docked-7,seq40_006,1
sequence_40,22,3dzh-A-rec-3u4i-cvr-lig-tt-docked-0-pocket10_3dzh-A-rec-3u4i-cvr-lig-tt-docked-0,seq40_039,1
sequence_40,22,3pdh-A-rec-4buz-ocz-lig-tt-min-0-pocket10_3pdh-A-rec-4buz-ocz-lig-tt-min-0,seq40_049,1
sequence_40,22,5d7n-D-rec-4jt9-1ns-lig-tt-min-0-pocket10_5d7n-D-rec-4jt9-1ns-lig-tt-min-0,seq40_079,1
sequence_40,22,2v3r-A-rec-1dy4-snp-lig-tt-docked-1-pocket10_2v3r-A-rec-1dy4-snp-lig-tt-docked-1,seq40_032,1
sequence_40,22,4rn0-B-rec-4rn1-l8g-lig-tt-min-0-pocket10_4rn0-B-rec-4rn1-l8g-lig-tt-min-0,seq40_070,1
sequence_40,22,3o96-A-rec-3o96-iqo-lig-tt-docked-2-pocket10_3o96-A-rec-3o96-iqo-lig-tt-docked-2,seq40_048,1
sequence_40,22,2pc8-A-rec-1eqc-cts-lig-tt-docked-6-pocket10_2pc8-A-rec-1eqc-cts-lig-tt-docked-6,seq40_030,1
sequence_40,22,14gs-A-rec-20gs-cbd-lig-tt-min-0-pocket10_14gs-A-rec-20gs-cbd-lig-tt-min-0,seq40_011,1
sequence_40,22,5i0b-A-rec-5vef-m77-lig-tt-min-0-pocket10_5i0b-A-rec-5vef-m77-lig-tt-min-0,seq40_080,1
sequence_40,22,2zen-A-rec-2afx-1bn-lig-tt-docked-7-pocket10_2zen-A-rec-2afx-1bn-lig-tt-docked-7,seq40_034,1
sequence_40,22,5ngz-A-rec-5ngz-2bg-lig-tt-min-0-pocket10_5ngz-A-rec-5ngz-2bg-lig-tt-min-0,seq40_084,1
sequence_40,22,4pxz-A-rec-4pxz-6ad-lig-tt-min-0-pocket10_4pxz-A-rec-4pxz-6ad-lig-tt-min-0,seq40_067,1
sequence_40,22,1jn2-P-rec-1val-png-lig-tt-docked-11-pocket10_1jn2-P-rec-1val-png-lig-tt-docked-11,seq40_020,1
sequence_40,22,4f1m-A-rec-4f1m-acp-lig-tt-min-0-pocket10_4f1m-A-rec-4f1m-acp-lig-tt-min-0,seq40_056,1
sequence_40,22,1dxo-C-rec-1gg5-e09-lig-tt-min-0-pocket10_1dxo-C-rec-1gg5-e09-lig-tt-min-0,seq40_003,2
sequence_40,22,1gg5-A-rec-1kbo-340-lig-tt-min-0-pocket10_1gg5-A-rec-1kbo-340-lig-tt-min-0,seq40_003,2
sequence_40,22,1h0i-A-rec-1e6z-ngo-lig-it2-tt-docked-15-pocket10_1h0i-A-rec-1e6z-ngo-lig-it2-tt-docked-15,seq40_004,2
sequence_40,22,4z2g-A-rec-4z2g-m6v-lig-tt-docked-16-pocket10_4z2g-A-rec-4z2g-m6v-lig-tt-docked-16,seq40_004,2
sequence_40,22,3hy9-B-rec-3hyg-099-lig-tt-min-0-pocket10_3hy9-B-rec-3hyg-099-lig-tt-min-0,seq40_042,2
sequence_40,22,1fmc-B-rec-1fmc-cho-lig-tt-docked-1-pocket10_1fmc-B-rec-1fmc-cho-lig-tt-docked-1,seq40_018,2
sequence_40,22,1l3l-A-rec-1l3l-lae-lig-tt-min-0-pocket10_1l3l-A-rec-1l3l-lae-lig-tt-min-0,seq40_022,2
sequence_40,22,4q8b-B-rec-4q8b-sxx-lig-tt-min-0-pocket10_4q8b-B-rec-4q8b-sxx-lig-tt-min-0,seq40_068,2
sequence_40,22,1coy-A-rec-1coy-and-lig-tt-docked-0-pocket10_1coy-A-rec-1coy-and-lig-tt-docked-0,seq40_014,2
sequence_40,22,2cy0-A-rec-2d5c-skm-lig-tt-min-0-pocket10_2cy0-A-rec-2d5c-skm-lig-tt-min-0,seq40_026,2
sequence_40,22,4iwq-A-rec-4jlc-su6-lig-tt-min-0-pocket10_4iwq-A-rec-4jlc-su6-lig-tt-min-0,seq40_061,2
sequence_40,22,1r1h-A-rec-1r1h-bir-lig-tt-docked-1-pocket10_1r1h-A-rec-1r1h-bir-lig-tt-docked-1,seq40_024,2
sequence_40,22,2rma-A-rec-3rdd-ea4-lig-tt-docked-0-pocket10_2rma-A-rec-3rdd-ea4-lig-tt-docked-0,seq40_031,2
sequence_40,22,3nfb-A-rec-3nfb-oae-lig-tt-docked-2-pocket10_3nfb-A-rec-3nfb-oae-lig-tt-docked-2,seq40_047,2
sequence_40,22,3pnm-A-rec-3pnq-2ha-lig-tt-docked-10-pocket10_3pnm-A-rec-3pnq-2ha-lig-tt-docked-10,seq40_050,2
sequence_40,22,3kc1-A-rec-3kc1-2t6-lig-tt-min-0-pocket10_3kc1-A-rec-3kc1-2t6-lig-tt-min-0,seq40_044,2
sequence_40,22,4zfa-A-rec-1smj-pam-lig-tt-min-0-pocket10_4zfa-A-rec-1smj-pam-lig-tt-min-0,seq40_076,2
sequence_40,22,5b08-A-rec-5b09-4mx-lig-tt-min-0-pocket10_5b08-A-rec-5b09-4mx-lig-tt-min-0,seq40_077,2
sequence_40,22,4aaw-A-rec-4ac3-r83-lig-tt-min-0-pocket10_4aaw-A-rec-4ac3-r83-lig-tt-min-0,seq40_053,2
sequence_40,22,5w2g-A-rec-5w2i-adp-lig-tt-min-0-pocket10_5w2g-A-rec-5w2i-adp-lig-tt-min-0,seq40_087,2
sequence_40,22,1afs-A-rec-1afs-tes-lig-tt-min-0-pocket10_1afs-A-rec-1afs-tes-lig-tt-min-0,seq40_002,3
sequence_40,22,5liu-X-rec-4gq0-qap-lig-tt-min-0-pocket10_5liu-X-rec-4gq0-qap-lig-tt-min-0,seq40_002,3
sequence_40,22,2pqw-A-rec-2rhy-mlz-lig-tt-min-0-pocket10_2pqw-A-rec-2rhy-mlz-lig-tt-min-0,seq40_008,3
sequence_40,22,2rhy-A-rec-2rhy-mlz-lig-tt-min-0-pocket10_2rhy-A-rec-2rhy-mlz-lig-tt-min-0,seq40_008,3
sequence_40,22,1a2g-A-rec-4jmv-1ly-lig-tt-min-0-pocket10_1a2g-A-rec-4jmv-1ly-lig-tt-min-0,seq40_012,3
sequence_40,22,2z3h-A-rec-1wn6-bst-lig-tt-docked-3-pocket10_2z3h-A-rec-1wn6-bst-lig-tt-docked-3,seq40_033,3
sequence_40,22,4keu-A-rec-4ket-pg4-lig-tt-min-0-pocket10_4keu-A-rec-4ket-pg4-lig-tt-min-0,seq40_063,3
sequence_40,22,5mgl-A-rec-5mgl-7mu-lig-tt-min-0-pocket10_5mgl-A-rec-5mgl-7mu-lig-tt-min-0,seq40_082,3
sequence_40,22,4u5s-A-rec-4u54-3c5-lig-tt-min-0-pocket10_4u5s-A-rec-4u54-3c5-lig-tt-min-0,seq40_073,3
sequence_40,22,4g3d-B-rec-4idv-13v-lig-tt-min-0-pocket10_4g3d-B-rec-4idv-13v-lig-tt-min-0,seq40_057,3
sequence_40,22,1ai4-A-rec-1ai5-mnp-lig-tt-docked-0-pocket10_1ai4-A-rec-1ai5-mnp-lig-tt-docked-0,seq40_013,3
sequence_40,22,4rlu-A-rec-4rlu-hcc-lig-tt-min-0-pocket10_4rlu-A-rec-4rlu-hcc-lig-tt-min-0,seq40_069,3
sequence_40,22,4m7t-A-rec-4m7t-sam-lig-tt-min-0-pocket10_4m7t-A-rec-4m7t-sam-lig-tt-min-0,seq40_065,3
sequence_40,22,3gs6-A-rec-2oxn-oan-lig-tt-docked-4-pocket10_3gs6-A-rec-2oxn-oan-lig-tt-docked-4,seq40_041,3
sequence_40,22,4xli-B-rec-4xli-1n1-lig-tt-min-0-pocket10_4xli-B-rec-4xli-1n1-lig-tt-min-0,seq40_074,3
sequence_40,22,3l3n-A-rec-2iux-nxa-lig-tt-docked-2-pocket10_3l3n-A-rec-2iux-nxa-lig-tt-docked-2,seq40_045,3
sequence_40,22,5mma-A-rec-4ztf-x2p-lig-tt-min-0-pocket10_5mma-A-rec-4ztf-x2p-lig-tt-min-0,seq40_083,3
sequence_40,22,2e24-A-rec-1j0n-ceg-lig-tt-docked-14-pocket10_2e24-A-rec-1j0n-ceg-lig-tt-docked-14,seq40_027,3
sequence_40,22,3jyh-A-rec-3n0t-opy-lig-tt-min-0-pocket10_3jyh-A-rec-3n0t-opy-lig-tt-min-0,seq40_043,3
sequence_40,22,4tqr-A-rec-2xca-doc-lig-tt-min-0-pocket10_4tqr-A-rec-2xca-doc-lig-tt-min-0,seq40_072,3
sequence_40,22,2e6d-A-rec-2e6d-fum-lig-tt-min-0-pocket10_2e6d-A-rec-2e6d-fum-lig-tt-min-0,seq40_005,4
sequence_40,22,3w83-B-rec-2e6d-fum-lig-tt-min-0-pocket10_3w83-B-rec-2e6d-fum-lig-tt-min-0,seq40_005,4
sequence_40,22,2gns-A-rec-4qer-stl-lig-tt-min-0-pocket10_2gns-A-rec-4qer-stl-lig-tt-min-0,seq40_007,4
sequence_40,22,2azy-A-rec-2azy-chd-lig-tt-docked-0-pocket10_2azy-A-rec-2azy-chd-lig-tt-docked-0,seq40_007,4
sequence_40,22,1phk-A-rec-1phk-atp-lig-tt-min-0-pocket10_1phk-A-rec-1phk-atp-lig-tt-min-0,seq40_023,4
sequence_40,22,5tjn-A-rec-1zj1-nlc-lig-tt-docked-4-pocket10_5tjn-A-rec-1zj1-nlc-lig-tt-docked-4,seq40_086,4
sequence_40,22,1d7j-A-rec-1tco-fk5-lig-tt-docked-0-pocket10_1d7j-A-rec-1tco-fk5-lig-tt-docked-0,seq40_015,4
sequence_40,22,4lfu-A-rec-4y13-480-lig-tt-min-0-pocket10_4lfu-A-rec-4y13-480-lig-tt-min-0,seq40_064,4
sequence_40,22,1h36-A-rec-1o79-r23-lig-tt-docked-5-pocket10_1h36-A-rec-1o79-r23-lig-tt-docked-5,seq40_019,4
sequence_40,22,3chc-B-rec-3ch9-xrg-lig-tt-min-0-pocket10_3chc-B-rec-3ch9-xrg-lig-tt-min-0,seq40_037,4
sequence_40,22,4iiy-A-rec-3tle-gsu-lig-tt-docked-12-pocket10_4iiy-A-rec-3tle-gsu-lig-tt-docked-12,seq40_060,4
sequence_40,22,2hcj-B-rec-2hcj-gdp-lig-tt-docked-0-pocket10_2hcj-B-rec-2hcj-gdp-lig-tt-docked-0,seq40_028,4
sequence_40,22,4h3c-A-rec-5cqj-53q-lig-tt-docked-2-pocket10_4h3c-A-rec-5cqj-53q-lig-tt-docked-2,seq40_059,4
sequence_40,22,4p6p-A-rec-4p77-5rp-lig-tt-docked-0-pocket10_4p6p-A-rec-4p77-5rp-lig-tt-docked-0,seq40_066,4
sequence_40,22,4yhj-A-rec-4yhj-an2-lig-tt-min-0-pocket10_4yhj-A-rec-4yhj-an2-lig-tt-min-0,seq40_075,4
sequence_40,22,3b6h-A-rec-3b6h-mxd-lig-tt-min-0-pocket10_3b6h-A-rec-3b6h-mxd-lig-tt-min-0,seq40_036,4
sequence_40,22,1djy-A-rec-1djz-ip2-lig-tt-min-0-pocket10_1djy-A-rec-1djz-ip2-lig-tt-min-0,seq40_016,4
sequence_40,22,4bel-A-rec-2ewy-dbo-lig-tt-min-0-pocket10_4bel-A-rec-2ewy-dbo-lig-tt-min-0,seq40_055,4
sequence_40,22,5bur-A-rec-5x8f-amp-lig-tt-docked-7-pocket10_5bur-A-rec-5x8f-amp-lig-tt-docked-7,seq40_078,4
sequence_40,22,3li4-A-rec-2gvv-di9-lig-tt-min-0-pocket10_3li4-A-rec-2gvv-di9-lig-tt-min-0,seq40_046,4
sequence_40,33,1rs9-A-rec-1dmk-itu-lig-tt-min-0-pocket10_1rs9-A-rec-1dmk-itu-lig-tt-min-0,seq40_001,0
sequence_40,33,3ej8-A-rec-2nsi-itu-lig-tt-min-0-pocket10_3ej8-A-rec-2nsi-itu-lig-tt-min-0,seq40_001,0
sequence_40,33,3tym-A-rec-3n5v-xfh-lig-tt-min-0-pocket10_3tym-A-rec-3n5v-xfh-lig-tt-min-0,seq40_001,0
sequence_40,33,4d7o-A-rec-3n5z-xfm-lig-tt-min-0-pocket10_4d7o-A-rec-3n5z-xfm-lig-tt-min-0,seq40_001,0
sequence_40,33,4kcq-A-rec-4cwv-hw8-lig-tt-min-0-pocket10_4kcq-A-rec-4cwv-hw8-lig-tt-min-0,seq40_001,0
sequence_40,33,1fmc-B-rec-1fmc-cho-lig-tt-docked-1-pocket10_1fmc-B-rec-1fmc-cho-lig-tt-docked-1,seq40_018,0
sequence_40,33,3pnm-A-rec-3pnq-2ha-lig-tt-docked-10-pocket10_3pnm-A-rec-3pnq-2ha-lig-tt-docked-10,seq40_050,0
sequence_40,33,4rv4-A-rec-4rv4-prp-lig-tt-docked-2-pocket10_4rv4-A-rec-4rv4-prp-lig-tt-docked-2,seq40_071,0
sequence_40,33,2e24-A-rec-1j0n-ceg-lig-tt-docked-14-pocket10_2e24-A-rec-1j0n-ceg-lig-tt-docked-14,seq40_027,0
sequence_40,33,5mgl-A-rec-5mgl-7mu-lig-tt-min-0-pocket10_5mgl-A-rec-5mgl-7mu-lig-tt-min-0,seq40_082,0
sequence_40,33,1coy-A-rec-1coy-and-lig-tt-docked-0-pocket10_1coy-A-rec-1coy-and-lig-tt-docked-0,seq40_014,0
sequence_40,33,4f1m-A-rec-4f1m-acp-lig-tt-min-0-pocket10_4f1m-A-rec-4f1m-acp-lig-tt-min-0,seq40_056,0
sequence_40,33,4tqr-A-rec-2xca-doc-lig-tt-min-0-pocket10_4tqr-A-rec-2xca-doc-lig-tt-min-0,seq40_072,0
sequence_40,33,1h36-A-rec-1o79-r23-lig-tt-docked-5-pocket10_1h36-A-rec-1o79-r23-lig-tt-docked-5,seq40_019,0
sequence_40,33,5ngz-A-rec-5ngz-2bg-lig-tt-min-0-pocket10_5ngz-A-rec-5ngz-2bg-lig-tt-min-0,seq40_084,0
sequence_40,33,3nfb-A-rec-3nfb-oae-lig-tt-docked-2-pocket10_3nfb-A-rec-3nfb-oae-lig-tt-docked-2,seq40_047,0
sequence_40,33,4iwq-A-rec-4jlc-su6-lig-tt-min-0-pocket10_4iwq-A-rec-4jlc-su6-lig-tt-min-0,seq40_061,0
sequence_40,33,3hy9-B-rec-3hyg-099-lig-tt-min-0-pocket10_3hy9-B-rec-3hyg-099-lig-tt-min-0,seq40_042,0
sequence_40,33,2v3r-A-rec-1dy4-snp-lig-tt-docked-1-pocket10_2v3r-A-rec-1dy4-snp-lig-tt-docked-1,seq40_032,0
sequence_40,33,5w2g-A-rec-5w2i-adp-lig-tt-min-0-pocket10_5w2g-A-rec-5w2i-adp-lig-tt-min-0,seq40_087,0
sequence_40,33,3u5y-B-rec-3u57-dh8-lig-tt-min-0-pocket10_3u5y-B-rec-3u57-dh8-lig-tt-min-0,seq40_009,1
sequence_40,33,4qlk-A-rec-4qlk-ctt-lig-tt-docked-0-pocket10_4qlk-A-rec-4qlk-ctt-lig-tt-docked-0,seq40_009,1
sequence_40,33,2pqw-A-rec-2rhy-mlz-lig-tt-min-0-pocket10_2pqw-A-rec-2rhy-mlz-lig-tt-min-0,seq40_008,1
sequence_40,33,2rhy-A-rec-2rhy-mlz-lig-tt-min-0-pocket10_2rhy-A-rec-2rhy-mlz-lig-tt-min-0,seq40_008,1
sequence_40,33,1dxo-C-rec-1gg5-e09-lig-tt-min-0-pocket10_1dxo-C-rec-1gg5-e09-lig-tt-min-0,seq40_003,1
sequence_40,33,1gg5-A-rec-1kbo-340-lig-tt-min-0-pocket10_1gg5-A-rec-1kbo-340-lig-tt-min-0,seq40_003,1
sequence_40,33,3pdh-A-rec-4buz-ocz-lig-tt-min-0-pocket10_3pdh-A-rec-4buz-ocz-lig-tt-min-0,seq40_049,1
sequence_40,33,5d7n-D-rec-4jt9-1ns-lig-tt-min-0-pocket10_5d7n-D-rec-4jt9-1ns-lig-tt-min-0,seq40_079,1
sequence_40,33,5q0k-A-rec-5q0q-9ld-lig-tt-docked-0-pocket10_5q0k-A-rec-5q0q-9ld-lig-tt-docked-0,seq40_085,1
sequence_40,33,2z3h-A-rec-1wn6-bst-lig-tt-docked-3-pocket10_2z3h-A-rec-1wn6-bst-lig-tt-docked-3,seq40_033,1
sequence_40,33,5tjn-A-rec-1zj1-nlc-lig-tt-docked-4-pocket10_5tjn-A-rec-1zj1-nlc-lig-tt-docked-4,seq40_086,1
sequence_40,33,2cy0-A-rec-2d5c-skm-lig-tt-min-0-pocket10_2cy0-A-rec-2d5c-skm-lig-tt-min-0,seq40_026,1
sequence_40,33,4ja8-B-rec-4ja8-1k9-lig-tt-docked-0-pocket10_4ja8-B-rec-4ja8-1k9-lig-tt-docked-0,seq40_062,1
sequence_40,33,4xli-B-rec-4xli-1n1-lig-tt-min-0-pocket10_4xli-B-rec-4xli-1n1-lig-tt-min-0,seq40_074,1
sequence_40,33,5mma-A-rec-4ztf-x2p-lig-tt-min-0-pocket10_5mma-A-rec-4ztf-x2p-lig-tt-min-0,seq40_083,1
sequence_40,33,3gs6-A-rec-2oxn-oan-lig-tt-docked-4-pocket10_3gs6-A-rec-2oxn-oan-lig-tt-docked-4,seq40_041,1
sequence_40,33,3b6h-A-rec-3b6h-mxd-lig-tt-min-0-pocket10_3b6h-A-rec-3b6h-mxd-lig-tt-min-0,seq40_036,1
sequence_40,33,3dzh-A-rec-3u4i-cvr-lig-tt-docked-0-pocket10_3dzh-A-rec-3u4i-cvr-lig-tt-docked-0,seq40_039,1
sequence_40,33,2rma-A-rec-3rdd-ea4-lig-tt-docked-0-pocket10_2rma-A-rec-3rdd-ea4-lig-tt-docked-0,seq40_031,1
sequence_40,33,1umd-B-rec-1umb-tdp-lig-tt-docked-1-pocket10_1umd-B-rec-1umb-tdp-lig-tt-docked-1,seq40_025,1
sequence_40,33,1h0i-A-rec-1e6z-ngo-lig-it2-tt-docked-15-pocket10_1h0i-A-rec-1e6z-ngo-lig-it2-tt-docked-15,seq40_004,2
sequence_40,33,4z2g-A-rec-4z2g-m6v-lig-tt-docked-16-pocket10_4z2g-A-rec-4z2g-m6v-lig-tt-docked-16,seq40_004,2
sequence_40,33,1afs-A-rec-1afs-tes-lig-tt-min-0-pocket10_1afs-A-rec-1afs-tes-lig-tt-min-0,seq40_002,2
sequence_40,33,5liu-X-rec-4gq0-qap-lig-tt-min-0-pocket10_5liu-X-rec-4gq0-qap-lig-tt-min-0,seq40_002,2
sequence_40,33,1d7j-A-rec-1tco-fk5-lig-tt-docked-0-pocket10_1d7j-A-rec-1tco-fk5-lig-tt-docked-0,seq40_015,2
sequence_40,33,1a2g-A-rec-4jmv-1ly-lig-tt-min-0-pocket10_1a2g-A-rec-4jmv-1ly-lig-tt-min-0,seq40_012,2
sequence_40,33,1ai4-A-rec-1ai5-mnp-lig-tt-docked-0-pocket10_1ai4-A-rec-1ai5-mnp-lig-tt-docked-0,seq40_013,2
sequence_40,33,4bel-A-rec-2ewy-dbo-lig-tt-min-0-pocket10_4bel-A-rec-2ewy-dbo-lig-tt-min-0,seq40_055,2
sequence_40,33,14gs-A-rec-20gs-cbd-lig-tt-min-0-pocket10_14gs-A-rec-20gs-cbd-lig-tt-min-0,seq40_011,2
sequence_40,33,2zen-A-rec-2afx-1bn-lig-tt-docked-7-pocket10_2zen-A-rec-2afx-1bn-lig-tt-docked-7,seq40_034,2
sequence_40,33,4pxz-A-rec-4pxz-6ad-lig-tt-min-0-pocket10_4pxz-A-rec-4pxz-6ad-lig-tt-min-0,seq40_067,2
sequence_40,33,5i0b-A-rec-5vef-m77-lig-tt-min-0-pocket10_5i0b-A-rec-5vef-m77-lig-tt-min-0,seq40_080,2
sequence_40,33,4azf-A-rec-5lxc-7aa-lig-tt-min-0-pocket10_4azf-A-rec-5lxc-7aa-lig-tt-min-0,seq40_054,2
sequence_40,33,3af2-A-rec-3af4-gcp-lig-tt-min-0-pocket10_3af2-A-rec-3af4-gcp-lig-tt-min-0,seq40_035,2
sequence_40,33,4rlu-A-rec-4rlu-hcc-lig-tt-min-0-pocket10_4rlu-A-rec-4rlu-hcc-lig-tt-min-0,seq40_069,2
sequence_40,33,4rn0-B-rec-4rn1-l8g-lig-tt-min-0-pocket10_4rn0-B-rec-4rn1-l8g-lig-tt-min-0,seq40_070,2
sequence_40,33,4m7t-A-rec-4m7t-sam-lig-tt-min-0-pocket10_4m7t-A-rec-4m7t-sam-lig-tt-min-0,seq40_065,2
sequence_40,33,1djy-A-rec-1djz-ip2-lig-tt-min-0-pocket10_1djy-A-rec-1djz-ip2-lig-tt-min-0,seq40_016,2
sequence_40,33,3daf-A-rec-3daf-feg-lig-tt-docked-0-pocket10_3daf-A-rec-3daf-feg-lig-tt-docked-0,seq40_038,2
sequence_40,33,1phk-A-rec-1phk-atp-lig-tt-min-0-pocket10_1phk-A-rec-1phk-atp-lig-tt-min-0,seq40_023,2
sequence_40,33,2f2c-B-rec-1xo2-fse-lig-tt-min-0-pocket10_2f2c-B-rec-1xo2-fse-lig-tt-min-0,seq40_006,3
sequence_40,33,4aua-A-rec-4aua-4au-lig-it2-tt-docked-7-pocket10_4aua-A-rec-4aua-4au-lig-it2-tt-docked-7,seq40_006,3
sequence_40,33,2e6d-A-rec-2e6d-fum-lig-tt-min-0-pocket10_2e6d-A-rec-2e6d-fum-lig-tt-min-0,seq40_005,3
sequence_40,33,3w83-B-rec-2e6d-fum-lig-tt-min-0-pocket10_3w83-B-rec-2e6d-fum-lig-tt-min-0,seq40_005,3
sequence_40,33,4u5s-A-rec-4u54-3c5-lig-tt-min-0-pocket10_4u5s-A-rec-4u54-3c5-lig-tt-min-0,seq40_073,3
sequence_40,33,1l3l-A-rec-1l3l-lae-lig-tt-min-0-pocket10_1l3l-A-rec-1l3l-lae-lig-tt-min-0,seq40_022,3
sequence_40,33,3v4t-A-rec-4e7f-udp-lig-tt-min-0-pocket10_3v4t-A-rec-4e7f-udp-lig-tt-min-0,seq40_052,3
sequence_40,33,3jyh-A-rec-3n0t-opy-lig-tt-min-0-pocket10_3jyh-A-rec-3n0t-opy-lig-tt-min-0,seq40_043,3
sequence_40,33,2jjg-A-rec-2jjg-plp-lig-tt-min-0-pocket10_2jjg-A-rec-2jjg-plp-lig-tt-min-0,seq40_029,3
sequence_40,33,1r1h-A-rec-1r1h-bir-lig-tt-docked-1-pocket10_1r1h-A-rec-1r1h-bir-lig-tt-docked-1,seq40_024,3
sequence_40,33,4h3c-A-rec-5cqj-53q-lig-tt-docked-2-pocket10_4h3c-A-rec-5cqj-53q-lig-tt-docked-2,seq40_059,3
sequence_40,33,4p6p-A-rec-4p77-5rp-lig-tt-docked-0-pocket10_4p6p-A-rec-4p77-5rp-lig-tt-docked-0,seq40_066,3
sequence_40,33,5l1v-A-rec-5l1v-7pf-lig-tt-docked-0-pocket10_5l1v-A-rec-5l1v-7pf-lig-tt-docked-0,seq40_081,3
sequence_40,33,3l3n-A-rec-2iux-nxa-lig-tt-docked-2-pocket10_3l3n-A-rec-2iux-nxa-lig-tt-docked-2,seq40_045,3
sequence_40,33,3li4-A-rec-2gvv-di9-lig-tt-min-0-pocket10_3li4-A-rec-2gvv-di9-lig-tt-min-0,seq40_046,3
sequence_40,33,3chc-B-rec-3ch9-xrg-lig-tt-min-0-pocket10_3chc-B-rec-3ch9-xrg-lig-tt-min-0,seq40_037,3
sequence_40,33,4aaw-A-rec-4ac3-r83-lig-tt-min-0-pocket10_4aaw-A-rec-4ac3-r83-lig-tt-min-0,seq40_053,3
sequence_40,33,1e8h-A-rec-1e8h-adp-lig-tt-min-0-pocket10_1e8h-A-rec-1e8h-adp-lig-tt-min-0,seq40_017,3
sequence_40,33,4q8b-B-rec-4q8b-sxx-lig-tt-min-0-pocket10_4q8b-B-rec-4q8b-sxx-lig-tt-min-0,seq40_068,3
sequence_40,33,3kc1-A-rec-3kc1-2t6-lig-tt-min-0-pocket10_3kc1-A-rec-3kc1-2t6-lig-tt-min-0,seq40_044,3
sequence_40,33,4tos-A-rec-4tos-355-lig-tt-min-0-pocket10_4tos-A-rec-4tos-355-lig-tt-min-0,seq40_010,4
sequence_40,33,5aeh-A-rec-5aeh-8ir-lig-tt-docked-0-pocket10_5aeh-A-rec-5aeh-8ir-lig-tt-docked-0,seq40_010,4
sequence_40,33,2gns-A-rec-4qer-stl-lig-tt-min-0-pocket10_2gns-A-rec-4qer-stl-lig-tt-min-0,seq40_007,4
sequence_40,33,2azy-A-rec-2azy-chd-lig-tt-docked-0-pocket10_2azy-A-rec-2azy-chd-lig-tt-docked-0,seq40_007,4
sequence_40,33,4yhj-A-rec-4yhj-an2-lig-tt-min-0-pocket10_4yhj-A-rec-4yhj-an2-lig-tt-min-0,seq40_075,4
sequence_40,33,5bur-A-rec-5x8f-amp-lig-tt-docked-7-pocket10_5bur-A-rec-5x8f-amp-lig-tt-docked-7,seq40_078,4
sequence_40,33,5b08-A-rec-5b09-4mx-lig-tt-min-0-pocket10_5b08-A-rec-5b09-4mx-lig-tt-min-0,seq40_077,4
sequence_40,33,4g3d-B-rec-4idv-13v-lig-tt-min-0-pocket10_4g3d-B-rec-4idv-13v-lig-tt-min-0,seq40_057,4
sequence_40,33,2hcj-B-rec-2hcj-gdp-lig-tt-docked-0-pocket10_2hcj-B-rec-2hcj-gdp-lig-tt-docked-0,seq40_028,4
sequence_40,33,3u9f-C-rec-3u9f-clm-lig-tt-min-0-pocket10_3u9f-C-rec-3u9f-clm-lig-tt-min-0,seq40_051,4
sequence_40,33,1k9t-A-rec-2wlz-dio-lig-tt-min-0-pocket10_1k9t-A-rec-2wlz-dio-lig-tt-min-0,seq40_021,4
sequence_40,33,1jn2-P-rec-1val-png-lig-tt-docked-11-pocket10_1jn2-P-rec-1val-png-lig-tt-docked-11,seq40_020,4
sequence_40,33,3g51-A-rec-3g51-anp-lig-tt-min-0-pocket10_3g51-A-rec-3g51-anp-lig-tt-min-0,seq40_040,4
sequence_40,33,4keu-A-rec-4ket-pg4-lig-tt-min-0-pocket10_4keu-A-rec-4ket-pg4-lig-tt-min-0,seq40_063,4
sequence_40,33,4zfa-A-rec-1smj-pam-lig-tt-min-0-pocket10_4zfa-A-rec-1smj-pam-lig-tt-min-0,seq40_076,4
sequence_40,33,3o96-A-rec-3o96-iqo-lig-tt-docked-2-pocket10_3o96-A-rec-3o96-iqo-lig-tt-docked-2,seq40_048,4
sequence_40,33,4gvd-A-rec-4nxr-ans-lig-tt-min-0-pocket10_4gvd-A-rec-4nxr-ans-lig-tt-min-0,seq40_058,4
sequence_40,33,2pc8-A-rec-1eqc-cts-lig-tt-docked-6-pocket10_2pc8-A-rec-1eqc-cts-lig-tt-docked-6,seq40_030,4
sequence_40,33,4iiy-A-rec-3tle-gsu-lig-tt-docked-12-pocket10_4iiy-A-rec-3tle-gsu-lig-tt-docked-12,seq40_060,4
sequence_40,33,4lfu-A-rec-4y13-480-lig-tt-min-0-pocket10_4lfu-A-rec-4y13-480-lig-tt-min-0,seq40_064,4
sequence_50,11,1rs9-A-rec-1dmk-itu-lig-tt-min-0-pocket10_1rs9-A-rec-1dmk-itu-lig-tt-min-0,seq50_001,0
sequence_50,11,3ej8-A-rec-2nsi-itu-lig-tt-min-0-pocket10_3ej8-A-rec-2nsi-itu-lig-tt-min-0,seq50_001,0
sequence_50,11,3tym-A-rec-3n5v-xfh-lig-tt-min-0-pocket10_3tym-A-rec-3n5v-xfh-lig-tt-min-0,seq50_001,0
sequence_50,11,4d7o-A-rec-3n5z-xfm-lig-tt-min-0-pocket10_4d7o-A-rec-3n5z-xfm-lig-tt-min-0,seq50_001,0
sequence_50,11,4kcq-A-rec-4cwv-hw8-lig-tt-min-0-pocket10_4kcq-A-rec-4cwv-hw8-lig-tt-min-0,seq50_001,0
sequence_50,11,4p6p-A-rec-4p77-5rp-lig-tt-docked-0-pocket10_4p6p-A-rec-4p77-5rp-lig-tt-docked-0,seq50_067,0
sequence_50,11,4keu-A-rec-4ket-pg4-lig-tt-min-0-pocket10_4keu-A-rec-4ket-pg4-lig-tt-min-0,seq50_064,0
sequence_50,11,3pdh-A-rec-4buz-ocz-lig-tt-min-0-pocket10_3pdh-A-rec-4buz-ocz-lig-tt-min-0,seq50_049,0
sequence_50,11,3daf-A-rec-3daf-feg-lig-tt-docked-0-pocket10_3daf-A-rec-3daf-feg-lig-tt-docked-0,seq50_038,0
sequence_50,11,5d7n-D-rec-4jt9-1ns-lig-tt-min-0-pocket10_5d7n-D-rec-4jt9-1ns-lig-tt-min-0,seq50_081,0
sequence_50,11,5mma-A-rec-4ztf-x2p-lig-tt-min-0-pocket10_5mma-A-rec-4ztf-x2p-lig-tt-min-0,seq50_086,0
sequence_50,11,3jyh-A-rec-3n0t-opy-lig-tt-min-0-pocket10_3jyh-A-rec-3n0t-opy-lig-tt-min-0,seq50_043,0
sequence_50,11,5mgl-A-rec-5mgl-7mu-lig-tt-min-0-pocket10_5mgl-A-rec-5mgl-7mu-lig-tt-min-0,seq50_085,0
sequence_50,11,2azy-A-rec-2azy-chd-lig-tt-docked-0-pocket10_2azy-A-rec-2azy-chd-lig-tt-docked-0,seq50_024,0
sequence_50,11,1umd-B-rec-1umb-tdp-lig-tt-docked-1-pocket10_1umd-B-rec-1umb-tdp-lig-tt-docked-1,seq50_023,0
sequence_50,11,1d7j-A-rec-1tco-fk5-lig-tt-docked-0-pocket10_1d7j-A-rec-1tco-fk5-lig-tt-docked-0,seq50_013,0
sequence_50,11,4xli-B-rec-4xli-1n1-lig-tt-min-0-pocket10_4xli-B-rec-4xli-1n1-lig-tt-min-0,seq50_076,0
sequence_50,11,4rlu-A-rec-4rlu-hcc-lig-tt-min-0-pocket10_4rlu-A-rec-4rlu-hcc-lig-tt-min-0,seq50_071,0
sequence_50,11,2jjg-A-rec-2jjg-plp-lig-tt-min-0-pocket10_2jjg-A-rec-2jjg-plp-lig-tt-min-0,seq50_029,0
sequence_50,11,5l1v-A-rec-5l1v-7pf-lig-tt-docked-0-pocket10_5l1v-A-rec-5l1v-7pf-lig-tt-docked-0,seq50_083,0
sequence_50,11,2e6d-A-rec-2e6d-fum-lig-tt-min-0-pocket10_2e6d-A-rec-2e6d-fum-lig-tt-min-0,seq50_004,1
sequence_50,11,3w83-B-rec-2e6d-fum-lig-tt-min-0-pocket10_3w83-B-rec-2e6d-fum-lig-tt-min-0,seq50_004,1
sequence_50,11,1h0i-A-rec-1e6z-ngo-lig-it2-tt-docked-15-pocket10_1h0i-A-rec-1e6z-ngo-lig-it2-tt-docked-15,seq50_003,1
sequence_50,11,4z2g-A-rec-4z2g-m6v-lig-tt-docked-16-pocket10_4z2g-A-rec-4z2g-m6v-lig-tt-docked-16,seq50_003,1
sequence_50,11,3gs6-A-rec-2oxn-oan-lig-tt-docked-4-pocket10_3gs6-A-rec-2oxn-oan-lig-tt-docked-4,seq50_041,1
sequence_50,11,5tjn-A-rec-1zj1-nlc-lig-tt-docked-4-pocket10_5tjn-A-rec-1zj1-nlc-lig-tt-docked-4,seq50_089,1
sequence_50,11,2pc8-A-rec-1eqc-cts-lig-tt-docked-6-pocket10_2pc8-A-rec-1eqc-cts-lig-tt-docked-6,seq50_030,1
sequence_50,11,4h3c-A-rec-5cqj-53q-lig-tt-docked-2-pocket10_4h3c-A-rec-5cqj-53q-lig-tt-docked-2,seq50_060,1
sequence_50,11,1r1h-A-rec-1r1h-bir-lig-tt-docked-1-pocket10_1r1h-A-rec-1r1h-bir-lig-tt-docked-1,seq50_022,1
sequence_50,11,1djy-A-rec-1djz-ip2-lig-tt-min-0-pocket10_1djy-A-rec-1djz-ip2-lig-tt-min-0,seq50_014,1
sequence_50,11,5bur-A-rec-5x8f-amp-lig-tt-docked-7-pocket10_5bur-A-rec-5x8f-amp-lig-tt-docked-7,seq50_080,1
sequence_50,11,2cy0-A-rec-2d5c-skm-lig-tt-min-0-pocket10_2cy0-A-rec-2d5c-skm-lig-tt-min-0,seq50_025,1
sequence_50,11,3u5y-B-rec-3u57-dh8-lig-tt-min-0-pocket10_3u5y-B-rec-3u57-dh8-lig-tt-min-0,seq50_051,1
sequence_50,11,4yhj-A-rec-4yhj-an2-lig-tt-min-0-pocket10_4yhj-A-rec-4yhj-an2-lig-tt-min-0,seq50_077,1
sequence_50,11,4bel-A-rec-2ewy-dbo-lig-tt-min-0-pocket10_4bel-A-rec-2ewy-dbo-lig-tt-min-0,seq50_056,1
sequence_50,11,1h36-A-rec-1o79-r23-lig-tt-docked-5-pocket10_1h36-A-rec-1o79-r23-lig-tt-docked-5,seq50_017,1
sequence_50,11,4lfu-A-rec-4y13-480-lig-tt-min-0-pocket10_4lfu-A-rec-4y13-480-lig-tt-min-0,seq50_065,1
sequence_50,11,1k9t-A-rec-2wlz-dio-lig-tt-min-0-pocket10_1k9t-A-rec-2wlz-dio-lig-tt-min-0,seq50_019,1
sequence_50,11,4q8b-B-rec-4q8b-sxx-lig-tt-min-0-pocket10_4q8b-B-rec-4q8b-sxx-lig-tt-min-0,seq50_069,1
sequence_50,11,1a2g-A-rec-4jmv-1ly-lig-tt-min-0-pocket10_1a2g-A-rec-4jmv-1ly-lig-tt-min-0,seq50_009,1
sequence_50,11,4tos-A-rec-4tos-355-lig-tt-min-0-pocket10_4tos-A-rec-4tos-355-lig-tt-min-0,seq50_007,2
sequence_50,11,5aeh-A-rec-5aeh-8ir-lig-tt-docked-0-pocket10_5aeh-A-rec-5aeh-8ir-lig-tt-docked-0,seq50_007,2
sequence_50,11,2pqw-A-rec-2rhy-mlz-lig-tt-min-0-pocket10_2pqw-A-rec-2rhy-mlz-lig-tt-min-0,seq50_006,2
sequence_50,11,2rhy-A-rec-2rhy-mlz-lig-tt-min-0-pocket10_2rhy-A-rec-2rhy-mlz-lig-tt-min-0,seq50_006,2
sequence_50,11,4aaw-A-rec-4ac3-r83-lig-tt-min-0-pocket10_4aaw-A-rec-4ac3-r83-lig-tt-min-0,seq50_054,2
sequence_50,11,2z3h-A-rec-1wn6-bst-lig-tt-docked-3-pocket10_2z3h-A-rec-1wn6-bst-lig-tt-docked-3,seq50_033,2
sequence_50,11,14gs-A-rec-20gs-cbd-lig-tt-min-0-pocket10_14gs-A-rec-20gs-cbd-lig-tt-min-0,seq50_008,2
sequence_50,11,4rn0-B-rec-4rn1-l8g-lig-tt-min-0-pocket10_4rn0-B-rec-4rn1-l8g-lig-tt-min-0,seq50_072,2
sequence_50,11,3g51-A-rec-3g51-anp-lig-tt-min-0-pocket10_3g51-A-rec-3g51-anp-lig-tt-min-0,seq50_040,2
sequence_50,11,2v3r-A-rec-1dy4-snp-lig-tt-docked-1-pocket10_2v3r-A-rec-1dy4-snp-lig-tt-docked-1,seq50_032,2
sequence_50,11,4g3d-B-rec-4idv-13v-lig-tt-min-0-pocket10_4g3d-B-rec-4idv-13v-lig-tt-min-0,seq50_058,2
sequence_50,11,1ai4-A-rec-1ai5-mnp-lig-tt-docked-0-pocket10_1ai4-A-rec-1ai5-mnp-lig-tt-docked-0,seq50_011,2
sequence_50,11,4ja8-B-rec-4ja8-1k9-lig-tt-docked-0-pocket10_4ja8-B-rec-4ja8-1k9-lig-tt-docked-0,seq50_063,2
sequence_50,11,1coy-A-rec-1coy-and-lig-tt-docked-0-pocket10_1coy-A-rec-1coy-and-lig-tt-docked-0,seq50_012,2
sequence_50,11,2e24-A-rec-1j0n-ceg-lig-tt-docked-14-pocket10_2e24-A-rec-1j0n-ceg-lig-tt-docked-14,seq50_026,2
sequence_50,11,3chc-B-rec-3ch9-xrg-lig-tt-min-0-pocket10_3chc-B-rec-3ch9-xrg-lig-tt-min-0,seq50_037,2
sequence_50,11,5ngz-A-rec-5ngz-2bg-lig-tt-min-0-pocket10_5ngz-A-rec-5ngz-2bg-lig-tt-min-0,seq50_087,2
sequence_50,11,4iwq-A-rec-4jlc-su6-lig-tt-min-0-pocket10_4iwq-A-rec-4jlc-su6-lig-tt-min-0,seq50_062,2
sequence_50,11,2zen-A-rec-2afx-1bn-lig-tt-docked-7-pocket10_2zen-A-rec-2afx-1bn-lig-tt-docked-7,seq50_034,2
sequence_50,11,5i0b-A-rec-5vef-m77-lig-tt-min-0-pocket10_5i0b-A-rec-5vef-m77-lig-tt-min-0,seq50_082,2
sequence_50,11,2f2c-B-rec-1xo2-fse-lig-tt-min-0-pocket10_2f2c-B-rec-1xo2-fse-lig-tt-min-0,seq50_005,3
sequence_50,11,4aua-A-rec-4aua-4au-lig-it2-tt-docked-7-pocket10_4aua-A-rec-4aua-4au-lig-it2-tt-docked-7,seq50_005,3
sequence_50,11,3o96-A-rec-3o96-iqo-lig-tt-docked-2-pocket10_3o96-A-rec-3o96-iqo-lig-tt-docked-2,seq50_048,3
sequence_50,11,4iiy-A-rec-3tle-gsu-lig-tt-docked-12-pocket10_4iiy-A-rec-3tle-gsu-lig-tt-docked-12,seq50_061,3
sequence_50,11,5q0k-A-rec-5q0q-9ld-lig-tt-docked-0-pocket10_5q0k-A-rec-5q0q-9ld-lig-tt-docked-0,seq50_088,3
sequence_50,11,4gvd-A-rec-4nxr-ans-lig-tt-min-0-pocket10_4gvd-A-rec-4nxr-ans-lig-tt-min-0,seq50_059,3
sequence_50,11,1e8h-A-rec-1e8h-adp-lig-tt-min-0-pocket10_1e8h-A-rec-1e8h-adp-lig-tt-min-0,seq50_015,3
sequence_50,11,4m7t-A-rec-4m7t-sam-lig-tt-min-0-pocket10_4m7t-A-rec-4m7t-sam-lig-tt-min-0,seq50_066,3
sequence_50,11,5b08-A-rec-5b09-4mx-lig-tt-min-0-pocket10_5b08-A-rec-5b09-4mx-lig-tt-min-0,seq50_079,3
sequence_50,11,4u5s-A-rec-4u54-3c5-lig-tt-min-0-pocket10_4u5s-A-rec-4u54-3c5-lig-tt-min-0,seq50_075,3
sequence_50,11,3nfb-A-rec-3nfb-oae-lig-tt-docked-2-pocket10_3nfb-A-rec-3nfb-oae-lig-tt-docked-2,seq50_047,3
sequence_50,11,5w2g-A-rec-5w2i-adp-lig-tt-min-0-pocket10_5w2g-A-rec-5w2i-adp-lig-tt-min-0,seq50_090,3
sequence_50,11,2rma-A-rec-3rdd-ea4-lig-tt-docked-0-pocket10_2rma-A-rec-3rdd-ea4-lig-tt-docked-0,seq50_031,3
sequence_50,11,1jn2-P-rec-1val-png-lig-tt-docked-11-pocket10_1jn2-P-rec-1val-png-lig-tt-docked-11,seq50_018,3
sequence_50,11,4pxz-A-rec-4pxz-6ad-lig-tt-min-0-pocket10_4pxz-A-rec-4pxz-6ad-lig-tt-min-0,seq50_068,3
sequence_50,11,3u9f-C-rec-3u9f-clm-lig-tt-min-0-pocket10_3u9f-C-rec-3u9f-clm-lig-tt-min-0,seq50_052,3
sequence_50,11,1fmc-B-rec-1fmc-cho-lig-tt-docked-1-pocket10_1fmc-B-rec-1fmc-cho-lig-tt-docked-1,seq50_016,3
sequence_50,11,4azf-A-rec-5lxc-7aa-lig-tt-min-0-pocket10_4azf-A-rec-5lxc-7aa-lig-tt-min-0,seq50_055,3
sequence_50,11,3dzh-A-rec-3u4i-cvr-lig-tt-docked-0-pocket10_3dzh-A-rec-3u4i-cvr-lig-tt-docked-0,seq50_039,3
sequence_50,11,1phk-A-rec-1phk-atp-lig-tt-min-0-pocket10_1phk-A-rec-1phk-atp-lig-tt-min-0,seq50_021,3
sequence_50,11,1dxo-C-rec-1gg5-e09-lig-tt-min-0-pocket10_1dxo-C-rec-1gg5-e09-lig-tt-min-0,seq50_002,4
sequence_50,11,1gg5-A-rec-1kbo-340-lig-tt-min-0-pocket10_1gg5-A-rec-1kbo-340-lig-tt-min-0,seq50_002,4
sequence_50,11,4tqr-A-rec-2xca-doc-lig-tt-min-0-pocket10_4tqr-A-rec-2xca-doc-lig-tt-min-0,seq50_074,4
sequence_50,11,4qlk-A-rec-4qlk-ctt-lig-tt-docked-0-pocket10_4qlk-A-rec-4qlk-ctt-lig-tt-docked-0,seq50_070,4
sequence_50,11,3v4t-A-rec-4e7f-udp-lig-tt-min-0-pocket10_3v4t-A-rec-4e7f-udp-lig-tt-min-0,seq50_053,4
sequence_50,11,4rv4-A-rec-4rv4-prp-lig-tt-docked-2-pocket10_4rv4-A-rec-4rv4-prp-lig-tt-docked-2,seq50_073,4
sequence_50,11,3b6h-A-rec-3b6h-mxd-lig-tt-min-0-pocket10_3b6h-A-rec-3b6h-mxd-lig-tt-min-0,seq50_036,4
sequence_50,11,3hy9-B-rec-3hyg-099-lig-tt-min-0-pocket10_3hy9-B-rec-3hyg-099-lig-tt-min-0,seq50_042,4
sequence_50,11,2gns-A-rec-4qer-stl-lig-tt-min-0-pocket10_2gns-A-rec-4qer-stl-lig-tt-min-0,seq50_027,4
sequence_50,11,4f1m-A-rec-4f1m-acp-lig-tt-min-0-pocket10_4f1m-A-rec-4f1m-acp-lig-tt-min-0,seq50_057,4
sequence_50,11,5liu-X-rec-4gq0-qap-lig-tt-min-0-pocket10_5liu-X-rec-4gq0-qap-lig-tt-min-0,seq50_084,4
sequence_50,11,3af2-A-rec-3af4-gcp-lig-tt-min-0-pocket10_3af2-A-rec-3af4-gcp-lig-tt-min-0,seq50_035,4
sequence_50,11,3kc1-A-rec-3kc1-2t6-lig-tt-min-0-pocket10_3kc1-A-rec-3kc1-2t6-lig-tt-min-0,seq50_044,4
sequence_50,11,1l3l-A-rec-1l3l-lae-lig-tt-min-0-pocket10_1l3l-A-rec-1l3l-lae-lig-tt-min-0,seq50_020,4
sequence_50,11,1afs-A-rec-1afs-tes-lig-tt-min-0-pocket10_1afs-A-rec-1afs-tes-lig-tt-min-0,seq50_010,4
sequence_50,11,3li4-A-rec-2gvv-di9-lig-tt-min-0-pocket10_3li4-A-rec-2gvv-di9-lig-tt-min-0,seq50_046,4
sequence_50,11,2hcj-B-rec-2hcj-gdp-lig-tt-docked-0-pocket10_2hcj-B-rec-2hcj-gdp-lig-tt-docked-0,seq50_028,4
sequence_50,11,4zfa-A-rec-1smj-pam-lig-tt-min-0-pocket10_4zfa-A-rec-1smj-pam-lig-tt-min-0,seq50_078,4
sequence_50,11,3l3n-A-rec-2iux-nxa-lig-tt-docked-2-pocket10_3l3n-A-rec-2iux-nxa-lig-tt-docked-2,seq50_045,4
sequence_50,11,3pnm-A-rec-3pnq-2ha-lig-tt-docked-10-pocket10_3pnm-A-rec-3pnq-2ha-lig-tt-docked-10,seq50_050,4
sequence_50,22,1rs9-A-rec-1dmk-itu-lig-tt-min-0-pocket10_1rs9-A-rec-1dmk-itu-lig-tt-min-0,seq50_001,0
sequence_50,22,3ej8-A-rec-2nsi-itu-lig-tt-min-0-pocket10_3ej8-A-rec-2nsi-itu-lig-tt-min-0,seq50_001,0
sequence_50,22,3tym-A-rec-3n5v-xfh-lig-tt-min-0-pocket10_3tym-A-rec-3n5v-xfh-lig-tt-min-0,seq50_001,0
sequence_50,22,4d7o-A-rec-3n5z-xfm-lig-tt-min-0-pocket10_4d7o-A-rec-3n5z-xfm-lig-tt-min-0,seq50_001,0
sequence_50,22,4kcq-A-rec-4cwv-hw8-lig-tt-min-0-pocket10_4kcq-A-rec-4cwv-hw8-lig-tt-min-0,seq50_001,0
sequence_50,22,4rlu-A-rec-4rlu-hcc-lig-tt-min-0-pocket10_4rlu-A-rec-4rlu-hcc-lig-tt-min-0,seq50_071,0
sequence_50,22,4iwq-A-rec-4jlc-su6-lig-tt-min-0-pocket10_4iwq-A-rec-4jlc-su6-lig-tt-min-0,seq50_062,0
sequence_50,22,5d7n-D-rec-4jt9-1ns-lig-tt-min-0-pocket10_5d7n-D-rec-4jt9-1ns-lig-tt-min-0,seq50_081,0
sequence_50,22,1phk-A-rec-1phk-atp-lig-tt-min-0-pocket10_1phk-A-rec-1phk-atp-lig-tt-min-0,seq50_021,0
sequence_50,22,1h36-A-rec-1o79-r23-lig-tt-docked-5-pocket10_1h36-A-rec-1o79-r23-lig-tt-docked-5,seq50_017,0
sequence_50,22,4h3c-A-rec-5cqj-53q-lig-tt-docked-2-pocket10_4h3c-A-rec-5cqj-53q-lig-tt-docked-2,seq50_060,0
sequence_50,22,2hcj-B-rec-2hcj-gdp-lig-tt-docked-0-pocket10_2hcj-B-rec-2hcj-gdp-lig-tt-docked-0,seq50_028,0
sequence_50,22,4lfu-A-rec-4y13-480-lig-tt-min-0-pocket10_4lfu-A-rec-4y13-480-lig-tt-min-0,seq50_065,0
sequence_50,22,5q0k-A-rec-5q0q-9ld-lig-tt-docked-0-pocket10_5q0k-A-rec-5q0q-9ld-lig-tt-docked-0,seq50_088,0
sequence_50,22,3pnm-A-rec-3pnq-2ha-lig-tt-docked-10-pocket10_3pnm-A-rec-3pnq-2ha-lig-tt-docked-10,seq50_050,0
sequence_50,22,3kc1-A-rec-3kc1-2t6-lig-tt-min-0-pocket10_3kc1-A-rec-3kc1-2t6-lig-tt-min-0,seq50_044,0
sequence_50,22,4xli-B-rec-4xli-1n1-lig-tt-min-0-pocket10_4xli-B-rec-4xli-1n1-lig-tt-min-0,seq50_076,0
sequence_50,22,4yhj-A-rec-4yhj-an2-lig-tt-min-0-pocket10_4yhj-A-rec-4yhj-an2-lig-tt-min-0,seq50_077,0
sequence_50,22,5w2g-A-rec-5w2i-adp-lig-tt-min-0-pocket10_5w2g-A-rec-5w2i-adp-lig-tt-min-0,seq50_090,0
sequence_50,22,3u9f-C-rec-3u9f-clm-lig-tt-min-0-pocket10_3u9f-C-rec-3u9f-clm-lig-tt-min-0,seq50_052,0
sequence_50,22,1h0i-A-rec-1e6z-ngo-lig-it2-tt-docked-15-pocket10_1h0i-A-rec-1e6z-ngo-lig-it2-tt-docked-15,seq50_003,1
sequence_50,22,4z2g-A-rec-4z2g-m6v-lig-tt-docked-16-pocket10_4z2g-A-rec-4z2g-m6v-lig-tt-docked-16,seq50_003,1
sequence_50,22,4tos-A-rec-4tos-355-lig-tt-min-0-pocket10_4tos-A-rec-4tos-355-lig-tt-min-0,seq50_007,1
sequence_50,22,5aeh-A-rec-5aeh-8ir-lig-tt-docked-0-pocket10_5aeh-A-rec-5aeh-8ir-lig-tt-docked-0,seq50_007,1
sequence_50,22,3daf-A-rec-3daf-feg-lig-tt-docked-0-pocket10_3daf-A-rec-3daf-feg-lig-tt-docked-0,seq50_038,1
sequence_50,22,3dzh-A-rec-3u4i-cvr-lig-tt-docked-0-pocket10_3dzh-A-rec-3u4i-cvr-lig-tt-docked-0,seq50_039,1
sequence_50,22,3pdh-A-rec-4buz-ocz-lig-tt-min-0-pocket10_3pdh-A-rec-4buz-ocz-lig-tt-min-0,seq50_049,1
sequence_50,22,5b08-A-rec-5b09-4mx-lig-tt-min-0-pocket10_5b08-A-rec-5b09-4mx-lig-tt-min-0,seq50_079,1
sequence_50,22,2v3r-A-rec-1dy4-snp-lig-tt-docked-1-pocket10_2v3r-A-rec-1dy4-snp-lig-tt-docked-1,seq50_032,1
sequence_50,22,4qlk-A-rec-4qlk-ctt-lig-tt-docked-0-pocket10_4qlk-A-rec-4qlk-ctt-lig-tt-docked-0,seq50_070,1
sequence_50,22,4aaw-A-rec-4ac3-r83-lig-tt-min-0-pocket10_4aaw-A-rec-4ac3-r83-lig-tt-min-0,seq50_054,1
sequence_50,22,3g51-A-rec-3g51-anp-lig-tt-min-0-pocket10_3g51-A-rec-3g51-anp-lig-tt-min-0,seq50_040,1
sequence_50,22,4gvd-A-rec-4nxr-ans-lig-tt-min-0-pocket10_4gvd-A-rec-4nxr-ans-lig-tt-min-0,seq50_059,1
sequence_50,22,3gs6-A-rec-2oxn-oan-lig-tt-docked-4-pocket10_3gs6-A-rec-2oxn-oan-lig-tt-docked-4,seq50_041,1
sequence_50,22,4tqr-A-rec-2xca-doc-lig-tt-min-0-pocket10_4tqr-A-rec-2xca-doc-lig-tt-min-0,seq50_074,1
sequence_50,22,3l3n-A-rec-2iux-nxa-lig-tt-docked-2-pocket10_3l3n-A-rec-2iux-nxa-lig-tt-docked-2,seq50_045,1
sequence_50,22,5l1v-A-rec-5l1v-7pf-lig-tt-docked-0-pocket10_5l1v-A-rec-5l1v-7pf-lig-tt-docked-0,seq50_083,1
sequence_50,22,14gs-A-rec-20gs-cbd-lig-tt-min-0-pocket10_14gs-A-rec-20gs-cbd-lig-tt-min-0,seq50_008,1
sequence_50,22,1l3l-A-rec-1l3l-lae-lig-tt-min-0-pocket10_1l3l-A-rec-1l3l-lae-lig-tt-min-0,seq50_020,1
sequence_50,22,4bel-A-rec-2ewy-dbo-lig-tt-min-0-pocket10_4bel-A-rec-2ewy-dbo-lig-tt-min-0,seq50_056,1
sequence_50,22,1dxo-C-rec-1gg5-e09-lig-tt-min-0-pocket10_1dxo-C-rec-1gg5-e09-lig-tt-min-0,seq50_002,2
sequence_50,22,1gg5-A-rec-1kbo-340-lig-tt-min-0-pocket10_1gg5-A-rec-1kbo-340-lig-tt-min-0,seq50_002,2
sequence_50,22,2pqw-A-rec-2rhy-mlz-lig-tt-min-0-pocket10_2pqw-A-rec-2rhy-mlz-lig-tt-min-0,seq50_006,2
sequence_50,22,2rhy-A-rec-2rhy-mlz-lig-tt-min-0-pocket10_2rhy-A-rec-2rhy-mlz-lig-tt-min-0,seq50_006,2
sequence_50,22,1jn2-P-rec-1val-png-lig-tt-docked-11-pocket10_1jn2-P-rec-1val-png-lig-tt-docked-11,seq50_018,2
sequence_50,22,1r1h-A-rec-1r1h-bir-lig-tt-docked-1-pocket10_1r1h-A-rec-1r1h-bir-lig-tt-docked-1,seq50_022,2
sequence_50,22,4pxz-A-rec-4pxz-6ad-lig-tt-min-0-pocket10_4pxz-A-rec-4pxz-6ad-lig-tt-min-0,seq50_068,2
sequence_50,22,1djy-A-rec-1djz-ip2-lig-tt-min-0-pocket10_1djy-A-rec-1djz-ip2-lig-tt-min-0,seq50_014,2
sequence_50,22,2e24-A-rec-1j0n-ceg-lig-tt-docked-14-pocket10_2e24-A-rec-1j0n-ceg-lig-tt-docked-14,seq50_026,2
sequence_50,22,5tjn-A-rec-1zj1-nlc-lig-tt-docked-4-pocket10_5tjn-A-rec-1zj1-nlc-lig-tt-docked-4,seq50_089,2
sequence_50,22,3o96-A-rec-3o96-iqo-lig-tt-docked-2-pocket10_3o96-A-rec-3o96-iqo-lig-tt-docked-2,seq50_048,2
sequence_50,22,1afs-A-rec-1afs-tes-lig-tt-min-0-pocket10_1afs-A-rec-1afs-tes-lig-tt-min-0,seq50_010,2
sequence_50,22,4g3d-B-rec-4idv-13v-lig-tt-min-0-pocket10_4g3d-B-rec-4idv-13v-lig-tt-min-0,seq50_058,2
sequence_50,22,4m7t-A-rec-4m7t-sam-lig-tt-min-0-pocket10_4m7t-A-rec-4m7t-sam-lig-tt-min-0,seq50_066,2
sequence_50,22,4u5s-A-rec-4u54-3c5-lig-tt-min-0-pocket10_4u5s-A-rec-4u54-3c5-lig-tt-min-0,seq50_075,2
sequence_50,22,3b6h-A-rec-3b6h-mxd-lig-tt-min-0-pocket10_3b6h-A-rec-3b6h-mxd-lig-tt-min-0,seq50_036,2
sequence_50,22,1fmc-B-rec-1fmc-cho-lig-tt-docked-1-pocket10_1fmc-B-rec-1fmc-cho-lig-tt-docked-1,seq50_016,2
sequence_50,22,2gns-A-rec-4qer-stl-lig-tt-min-0-pocket10_2gns-A-rec-4qer-stl-lig-tt-min-0,seq50_027,2
sequence_50,22,3v4t-A-rec-4e7f-udp-lig-tt-min-0-pocket10_3v4t-A-rec-4e7f-udp-lig-tt-min-0,seq50_053,2
sequence_50,22,5ngz-A-rec-5ngz-2bg-lig-tt-min-0-pocket10_5ngz-A-rec-5ngz-2bg-lig-tt-min-0,seq50_087,2
sequence_50,22,2f2c-B-rec-1xo2-fse-lig-tt-min-0-pocket10_2f2c-B-rec-1xo2-fse-lig-tt-min-0,seq50_005,3
sequence_50,22,4aua-A-rec-4aua-4au-lig-it2-tt-docked-7-pocket10_4aua-A-rec-4aua-4au-lig-it2-tt-docked-7,seq50_005,3
sequence_50,22,3hy9-B-rec-3hyg-099-lig-tt-min-0-pocket10_3hy9-B-rec-3hyg-099-lig-tt-min-0,seq50_042,3
sequence_50,22,1a2g-A-rec-4jmv-1ly-lig-tt-min-0-pocket10_1a2g-A-rec-4jmv-1ly-lig-tt-min-0,seq50_009,3
sequence_50,22,2z3h-A-rec-1wn6-bst-lig-tt-docked-3-pocket10_2z3h-A-rec-1wn6-bst-lig-tt-docked-3,seq50_033,3
sequence_50,22,4ja8-B-rec-4ja8-1k9-lig-tt-docked-0-pocket10_4ja8-B-rec-4ja8-1k9-lig-tt-docked-0,seq50_063,3
sequence_50,22,5i0b-A-rec-5vef-m77-lig-tt-min-0-pocket10_5i0b-A-rec-5vef-m77-lig-tt-min-0,seq50_082,3
sequence_50,22,4rv4-A-rec-4rv4-prp-lig-tt-docked-2-pocket10_4rv4-A-rec-4rv4-prp-lig-tt-docked-2,seq50_073,3
sequence_50,22,4f1m-A-rec-4f1m-acp-lig-tt-min-0-pocket10_4f1m-A-rec-4f1m-acp-lig-tt-min-0,seq50_057,3
sequence_50,22,4iiy-A-rec-3tle-gsu-lig-tt-docked-12-pocket10_4iiy-A-rec-3tle-gsu-lig-tt-docked-12,seq50_061,3
sequence_50,22,2azy-A-rec-2azy-chd-lig-tt-docked-0-pocket10_2azy-A-rec-2azy-chd-lig-tt-docked-0,seq50_024,3
sequence_50,22,2pc8-A-rec-1eqc-cts-lig-tt-docked-6-pocket10_2pc8-A-rec-1eqc-cts-lig-tt-docked-6,seq50_030,3
sequence_50,22,1ai4-A-rec-1ai5-mnp-lig-tt-docked-0-pocket10_1ai4-A-rec-1ai5-mnp-lig-tt-docked-0,seq50_011,3
sequence_50,22,2cy0-A-rec-2d5c-skm-lig-tt-min-0-pocket10_2cy0-A-rec-2d5c-skm-lig-tt-min-0,seq50_025,3
sequence_50,22,3u5y-B-rec-3u57-dh8-lig-tt-min-0-pocket10_3u5y-B-rec-3u57-dh8-lig-tt-min-0,seq50_051,3
sequence_50,22,5mgl-A-rec-5mgl-7mu-lig-tt-min-0-pocket10_5mgl-A-rec-5mgl-7mu-lig-tt-min-0,seq50_085,3
sequence_50,22,2jjg-A-rec-2jjg-plp-lig-tt-min-0-pocket10_2jjg-A-rec-2jjg-plp-lig-tt-min-0,seq50_029,3
sequence_50,22,4azf-A-rec-5lxc-7aa-lig-tt-min-0-pocket10_4azf-A-rec-5lxc-7aa-lig-tt-min-0,seq50_055,3
sequence_50,22,3jyh-A-rec-3n0t-opy-lig-tt-min-0-pocket10_3jyh-A-rec-3n0t-opy-lig-tt-min-0,seq50_043,3
sequence_50,22,4rn0-B-rec-4rn1-l8g-lig-tt-min-0-pocket10_4rn0-B-rec-4rn1-l8g-lig-tt-min-0,seq50_072,3
sequence_50,22,2e6d-A-rec-2e6d-fum-lig-tt-min-0-pocket10_2e6d-A-rec-2e6d-fum-lig-tt-min-0,seq50_004,4
sequence_50,22,3w83-B-rec-2e6d-fum-lig-tt-min-0-pocket10_3w83-B-rec-2e6d-fum-lig-tt-min-0,seq50_004,4
sequence_50,22,1coy-A-rec-1coy-and-lig-tt-docked-0-pocket10_1coy-A-rec-1coy-and-lig-tt-docked-0,seq50_012,4
sequence_50,22,1umd-B-rec-1umb-tdp-lig-tt-docked-1-pocket10_1umd-B-rec-1umb-tdp-lig-tt-docked-1,seq50_023,4
sequence_50,22,5mma-A-rec-4ztf-x2p-lig-tt-min-0-pocket10_5mma-A-rec-4ztf-x2p-lig-tt-min-0,seq50_086,4
sequence_50,22,1e8h-A-rec-1e8h-adp-lig-tt-min-0-pocket10_1e8h-A-rec-1e8h-adp-lig-tt-min-0,seq50_015,4
sequence_50,22,4keu-A-rec-4ket-pg4-lig-tt-min-0-pocket10_4keu-A-rec-4ket-pg4-lig-tt-min-0,seq50_064,4
sequence_50,22,1k9t-A-rec-2wlz-dio-lig-tt-min-0-pocket10_1k9t-A-rec-2wlz-dio-lig-tt-min-0,seq50_019,4
sequence_50,22,3chc-B-rec-3ch9-xrg-lig-tt-min-0-pocket10_3chc-B-rec-3ch9-xrg-lig-tt-min-0,seq50_037,4
sequence_50,22,1d7j-A-rec-1tco-fk5-lig-tt-docked-0-pocket10_1d7j-A-rec-1tco-fk5-lig-tt-docked-0,seq50_013,4
sequence_50,22,4q8b-B-rec-4q8b-sxx-lig-tt-min-0-pocket10_4q8b-B-rec-4q8b-sxx-lig-tt-min-0,seq50_069,4
sequence_50,22,2rma-A-rec-3rdd-ea4-lig-tt-docked-0-pocket10_2rma-A-rec-3rdd-ea4-lig-tt-docked-0,seq50_031,4
sequence_50,22,3nfb-A-rec-3nfb-oae-lig-tt-docked-2-pocket10_3nfb-A-rec-3nfb-oae-lig-tt-docked-2,seq50_047,4
sequence_50,22,5bur-A-rec-5x8f-amp-lig-tt-docked-7-pocket10_5bur-A-rec-5x8f-amp-lig-tt-docked-7,seq50_080,4
sequence_50,22,2zen-A-rec-2afx-1bn-lig-tt-docked-7-pocket10_2zen-A-rec-2afx-1bn-lig-tt-docked-7,seq50_034,4
sequence_50,22,5liu-X-rec-4gq0-qap-lig-tt-min-0-pocket10_5liu-X-rec-4gq0-qap-lig-tt-min-0,seq50_084,4
sequence_50,22,4p6p-A-rec-4p77-5rp-lig-tt-docked-0-pocket10_4p6p-A-rec-4p77-5rp-lig-tt-docked-0,seq50_067,4
sequence_50,22,3af2-A-rec-3af4-gcp-lig-tt-min-0-pocket10_3af2-A-rec-3af4-gcp-lig-tt-min-0,seq50_035,4
sequence_50,22,4zfa-A-rec-1smj-pam-lig-tt-min-0-pocket10_4zfa-A-rec-1smj-pam-lig-tt-min-0,seq50_078,4
sequence_50,22,3li4-A-rec-2gvv-di9-lig-tt-min-0-pocket10_3li4-A-rec-2gvv-di9-lig-tt-min-0,seq50_046,4
sequence_50,33,1rs9-A-rec-1dmk-itu-lig-tt-min-0-pocket10_1rs9-A-rec-1dmk-itu-lig-tt-min-0,seq50_001,0
sequence_50,33,3ej8-A-rec-2nsi-itu-lig-tt-min-0-pocket10_3ej8-A-rec-2nsi-itu-lig-tt-min-0,seq50_001,0
sequence_50,33,3tym-A-rec-3n5v-xfh-lig-tt-min-0-pocket10_3tym-A-rec-3n5v-xfh-lig-tt-min-0,seq50_001,0
sequence_50,33,4d7o-A-rec-3n5z-xfm-lig-tt-min-0-pocket10_4d7o-A-rec-3n5z-xfm-lig-tt-min-0,seq50_001,0
sequence_50,33,4kcq-A-rec-4cwv-hw8-lig-tt-min-0-pocket10_4kcq-A-rec-4cwv-hw8-lig-tt-min-0,seq50_001,0
sequence_50,33,3pdh-A-rec-4buz-ocz-lig-tt-min-0-pocket10_3pdh-A-rec-4buz-ocz-lig-tt-min-0,seq50_049,0
sequence_50,33,5b08-A-rec-5b09-4mx-lig-tt-min-0-pocket10_5b08-A-rec-5b09-4mx-lig-tt-min-0,seq50_079,0
sequence_50,33,2gns-A-rec-4qer-stl-lig-tt-min-0-pocket10_2gns-A-rec-4qer-stl-lig-tt-min-0,seq50_027,0
sequence_50,33,5i0b-A-rec-5vef-m77-lig-tt-min-0-pocket10_5i0b-A-rec-5vef-m77-lig-tt-min-0,seq50_082,0
sequence_50,33,1djy-A-rec-1djz-ip2-lig-tt-min-0-pocket10_1djy-A-rec-1djz-ip2-lig-tt-min-0,seq50_014,0
sequence_50,33,4bel-A-rec-2ewy-dbo-lig-tt-min-0-pocket10_4bel-A-rec-2ewy-dbo-lig-tt-min-0,seq50_056,0
sequence_50,33,4rn0-B-rec-4rn1-l8g-lig-tt-min-0-pocket10_4rn0-B-rec-4rn1-l8g-lig-tt-min-0,seq50_072,0
sequence_50,33,3g51-A-rec-3g51-anp-lig-tt-min-0-pocket10_3g51-A-rec-3g51-anp-lig-tt-min-0,seq50_040,0
sequence_50,33,3l3n-A-rec-2iux-nxa-lig-tt-docked-2-pocket10_3l3n-A-rec-2iux-nxa-lig-tt-docked-2,seq50_045,0
sequence_50,33,4q8b-B-rec-4q8b-sxx-lig-tt-min-0-pocket10_4q8b-B-rec-4q8b-sxx-lig-tt-min-0,seq50_069,0
sequence_50,33,3gs6-A-rec-2oxn-oan-lig-tt-docked-4-pocket10_3gs6-A-rec-2oxn-oan-lig-tt-docked-4,seq50_041,0
sequence_50,33,3b6h-A-rec-3b6h-mxd-lig-tt-min-0-pocket10_3b6h-A-rec-3b6h-mxd-lig-tt-min-0,seq50_036,0
sequence_50,33,3dzh-A-rec-3u4i-cvr-lig-tt-docked-0-pocket10_3dzh-A-rec-3u4i-cvr-lig-tt-docked-0,seq50_039,0
sequence_50,33,5tjn-A-rec-1zj1-nlc-lig-tt-docked-4-pocket10_5tjn-A-rec-1zj1-nlc-lig-tt-docked-4,seq50_089,0
sequence_50,33,5ngz-A-rec-5ngz-2bg-lig-tt-min-0-pocket10_5ngz-A-rec-5ngz-2bg-lig-tt-min-0,seq50_087,0
sequence_50,33,2e6d-A-rec-2e6d-fum-lig-tt-min-0-pocket10_2e6d-A-rec-2e6d-fum-lig-tt-min-0,seq50_004,1
sequence_50,33,3w83-B-rec-2e6d-fum-lig-tt-min-0-pocket10_3w83-B-rec-2e6d-fum-lig-tt-min-0,seq50_004,1
sequence_50,33,4tos-A-rec-4tos-355-lig-tt-min-0-pocket10_4tos-A-rec-4tos-355-lig-tt-min-0,seq50_007,1
sequence_50,33,5aeh-A-rec-5aeh-8ir-lig-tt-docked-0-pocket10_5aeh-A-rec-5aeh-8ir-lig-tt-docked-0,seq50_007,1
sequence_50,33,1coy-A-rec-1coy-and-lig-tt-docked-0-pocket10_1coy-A-rec-1coy-and-lig-tt-docked-0,seq50_012,1
sequence_50,33,1d7j-A-rec-1tco-fk5-lig-tt-docked-0-pocket10_1d7j-A-rec-1tco-fk5-lig-tt-docked-0,seq50_013,1
sequence_50,33,4azf-A-rec-5lxc-7aa-lig-tt-min-0-pocket10_4azf-A-rec-5lxc-7aa-lig-tt-min-0,seq50_055,1
sequence_50,33,5mgl-A-rec-5mgl-7mu-lig-tt-min-0-pocket10_5mgl-A-rec-5mgl-7mu-lig-tt-min-0,seq50_085,1
sequence_50,33,2z3h-A-rec-1wn6-bst-lig-tt-docked-3-pocket10_2z3h-A-rec-1wn6-bst-lig-tt-docked-3,seq50_033,1
sequence_50,33,5mma-A-rec-4ztf-x2p-lig-tt-min-0-pocket10_5mma-A-rec-4ztf-x2p-lig-tt-min-0,seq50_086,1
sequence_50,33,2e24-A-rec-1j0n-ceg-lig-tt-docked-14-pocket10_2e24-A-rec-1j0n-ceg-lig-tt-docked-14,seq50_026,1
sequence_50,33,4iwq-A-rec-4jlc-su6-lig-tt-min-0-pocket10_4iwq-A-rec-4jlc-su6-lig-tt-min-0,seq50_062,1
sequence_50,33,1afs-A-rec-1afs-tes-lig-tt-min-0-pocket10_1afs-A-rec-1afs-tes-lig-tt-min-0,seq50_010,1
sequence_50,33,14gs-A-rec-20gs-cbd-lig-tt-min-0-pocket10_14gs-A-rec-20gs-cbd-lig-tt-min-0,seq50_008,1
sequence_50,33,3li4-A-rec-2gvv-di9-lig-tt-min-0-pocket10_3li4-A-rec-2gvv-di9-lig-tt-min-0,seq50_046,1
sequence_50,33,4qlk-A-rec-4qlk-ctt-lig-tt-docked-0-pocket10_4qlk-A-rec-4qlk-ctt-lig-tt-docked-0,seq50_070,1
sequence_50,33,4lfu-A-rec-4y13-480-lig-tt-min-0-pocket10_4lfu-A-rec-4y13-480-lig-tt-min-0,seq50_065,1
sequence_50,33,1fmc-B-rec-1fmc-cho-lig-tt-docked-1-pocket10_1fmc-B-rec-1fmc-cho-lig-tt-docked-1,seq50_016,1
sequence_50,33,2rma-A-rec-3rdd-ea4-lig-tt-docked-0-pocket10_2rma-A-rec-3rdd-ea4-lig-tt-docked-0,seq50_031,1
sequence_50,33,2cy0-A-rec-2d5c-skm-lig-tt-min-0-pocket10_2cy0-A-rec-2d5c-skm-lig-tt-min-0,seq50_025,1
sequence_50,33,2pqw-A-rec-2rhy-mlz-lig-tt-min-0-pocket10_2pqw-A-rec-2rhy-mlz-lig-tt-min-0,seq50_006,2
sequence_50,33,2rhy-A-rec-2rhy-mlz-lig-tt-min-0-pocket10_2rhy-A-rec-2rhy-mlz-lig-tt-min-0,seq50_006,2
sequence_50,33,1h0i-A-rec-1e6z-ngo-lig-it2-tt-docked-15-pocket10_1h0i-A-rec-1e6z-ngo-lig-it2-tt-docked-15,seq50_003,2
sequence_50,33,4z2g-A-rec-4z2g-m6v-lig-tt-docked-16-pocket10_4z2g-A-rec-4z2g-m6v-lig-tt-docked-16,seq50_003,2
sequence_50,33,1r1h-A-rec-1r1h-bir-lig-tt-docked-1-pocket10_1r1h-A-rec-1r1h-bir-lig-tt-docked-1,seq50_022,2
sequence_50,33,3u9f-C-rec-3u9f-clm-lig-tt-min-0-pocket10_3u9f-C-rec-3u9f-clm-lig-tt-min-0,seq50_052,2
sequence_50,33,3jyh-A-rec-3n0t-opy-lig-tt-min-0-pocket10_3jyh-A-rec-3n0t-opy-lig-tt-min-0,seq50_043,2
sequence_50,33,1ai4-A-rec-1ai5-mnp-lig-tt-docked-0-pocket10_1ai4-A-rec-1ai5-mnp-lig-tt-docked-0,seq50_011,2
sequence_50,33,2zen-A-rec-2afx-1bn-lig-tt-docked-7-pocket10_2zen-A-rec-2afx-1bn-lig-tt-docked-7,seq50_034,2
sequence_50,33,4p6p-A-rec-4p77-5rp-lig-tt-docked-0-pocket10_4p6p-A-rec-4p77-5rp-lig-tt-docked-0,seq50_067,2
sequence_50,33,5bur-A-rec-5x8f-amp-lig-tt-docked-7-pocket10_5bur-A-rec-5x8f-amp-lig-tt-docked-7,seq50_080,2
sequence_50,33,4aaw-A-rec-4ac3-r83-lig-tt-min-0-pocket10_4aaw-A-rec-4ac3-r83-lig-tt-min-0,seq50_054,2
sequence_50,33,1k9t-A-rec-2wlz-dio-lig-tt-min-0-pocket10_1k9t-A-rec-2wlz-dio-lig-tt-min-0,seq50_019,2
sequence_50,33,4ja8-B-rec-4ja8-1k9-lig-tt-docked-0-pocket10_4ja8-B-rec-4ja8-1k9-lig-tt-docked-0,seq50_063,2
sequence_50,33,4xli-B-rec-4xli-1n1-lig-tt-min-0-pocket10_4xli-B-rec-4xli-1n1-lig-tt-min-0,seq50_076,2
sequence_50,33,3chc-B-rec-3ch9-xrg-lig-tt-min-0-pocket10_3chc-B-rec-3ch9-xrg-lig-tt-min-0,seq50_037,2
sequence_50,33,3v4t-A-rec-4e7f-udp-lig-tt-min-0-pocket10_3v4t-A-rec-4e7f-udp-lig-tt-min-0,seq50_053,2
sequence_50,33,1h36-A-rec-1o79-r23-lig-tt-docked-5-pocket10_1h36-A-rec-1o79-r23-lig-tt-docked-5,seq50_017,2
sequence_50,33,3daf-A-rec-3daf-feg-lig-tt-docked-0-pocket10_3daf-A-rec-3daf-feg-lig-tt-docked-0,seq50_038,2
sequence_50,33,1umd-B-rec-1umb-tdp-lig-tt-docked-1-pocket10_1umd-B-rec-1umb-tdp-lig-tt-docked-1,seq50_023,2
sequence_50,33,1dxo-C-rec-1gg5-e09-lig-tt-min-0-pocket10_1dxo-C-rec-1gg5-e09-lig-tt-min-0,seq50_002,3
sequence_50,33,1gg5-A-rec-1kbo-340-lig-tt-min-0-pocket10_1gg5-A-rec-1kbo-340-lig-tt-min-0,seq50_002,3
sequence_50,33,1e8h-A-rec-1e8h-adp-lig-tt-min-0-pocket10_1e8h-A-rec-1e8h-adp-lig-tt-min-0,seq50_015,3
sequence_50,33,4u5s-A-rec-4u54-3c5-lig-tt-min-0-pocket10_4u5s-A-rec-4u54-3c5-lig-tt-min-0,seq50_075,3
sequence_50,33,4zfa-A-rec-1smj-pam-lig-tt-min-0-pocket10_4zfa-A-rec-1smj-pam-lig-tt-min-0,seq50_078,3
sequence_50,33,4yhj-A-rec-4yhj-an2-lig-tt-min-0-pocket10_4yhj-A-rec-4yhj-an2-lig-tt-min-0,seq50_077,3
sequence_50,33,4f1m-A-rec-4f1m-acp-lig-tt-min-0-pocket10_4f1m-A-rec-4f1m-acp-lig-tt-min-0,seq50_057,3
sequence_50,33,2jjg-A-rec-2jjg-plp-lig-tt-min-0-pocket10_2jjg-A-rec-2jjg-plp-lig-tt-min-0,seq50_029,3
sequence_50,33,2azy-A-rec-2azy-chd-lig-tt-docked-0-pocket10_2azy-A-rec-2azy-chd-lig-tt-docked-0,seq50_024,3
sequence_50,33,4gvd-A-rec-4nxr-ans-lig-tt-min-0-pocket10_4gvd-A-rec-4nxr-ans-lig-tt-min-0,seq50_059,3
sequence_50,33,4m7t-A-rec-4m7t-sam-lig-tt-min-0-pocket10_4m7t-A-rec-4m7t-sam-lig-tt-min-0,seq50_066,3
sequence_50,33,5d7n-D-rec-4jt9-1ns-lig-tt-min-0-pocket10_5d7n-D-rec-4jt9-1ns-lig-tt-min-0,seq50_081,3
sequence_50,33,4tqr-A-rec-2xca-doc-lig-tt-min-0-pocket10_4tqr-A-rec-2xca-doc-lig-tt-min-0,seq50_074,3
sequence_50,33,5liu-X-rec-4gq0-qap-lig-tt-min-0-pocket10_5liu-X-rec-4gq0-qap-lig-tt-min-0,seq50_084,3
sequence_50,33,3nfb-A-rec-3nfb-oae-lig-tt-docked-2-pocket10_3nfb-A-rec-3nfb-oae-lig-tt-docked-2,seq50_047,3
sequence_50,33,3o96-A-rec-3o96-iqo-lig-tt-docked-2-pocket10_3o96-A-rec-3o96-iqo-lig-tt-docked-2,seq50_048,3
sequence_50,33,4g3d-B-rec-4idv-13v-lig-tt-min-0-pocket10_4g3d-B-rec-4idv-13v-lig-tt-min-0,seq50_058,3
sequence_50,33,2pc8-A-rec-1eqc-cts-lig-tt-docked-6-pocket10_2pc8-A-rec-1eqc-cts-lig-tt-docked-6,seq50_030,3
sequence_50,33,4pxz-A-rec-4pxz-6ad-lig-tt-min-0-pocket10_4pxz-A-rec-4pxz-6ad-lig-tt-min-0,seq50_068,3
sequence_50,33,3kc1-A-rec-3kc1-2t6-lig-tt-min-0-pocket10_3kc1-A-rec-3kc1-2t6-lig-tt-min-0,seq50_044,3
sequence_50,33,2f2c-B-rec-1xo2-fse-lig-tt-min-0-pocket10_2f2c-B-rec-1xo2-fse-lig-tt-min-0,seq50_005,4
sequence_50,33,4aua-A-rec-4aua-4au-lig-it2-tt-docked-7-pocket10_4aua-A-rec-4aua-4au-lig-it2-tt-docked-7,seq50_005,4
sequence_50,33,4rv4-A-rec-4rv4-prp-lig-tt-docked-2-pocket10_4rv4-A-rec-4rv4-prp-lig-tt-docked-2,seq50_073,4
sequence_50,33,1jn2-P-rec-1val-png-lig-tt-docked-11-pocket10_1jn2-P-rec-1val-png-lig-tt-docked-11,seq50_018,4
sequence_50,33,3pnm-A-rec-3pnq-2ha-lig-tt-docked-10-pocket10_3pnm-A-rec-3pnq-2ha-lig-tt-docked-10,seq50_050,4
sequence_50,33,4rlu-A-rec-4rlu-hcc-lig-tt-min-0-pocket10_4rlu-A-rec-4rlu-hcc-lig-tt-min-0,seq50_071,4
sequence_50,33,1a2g-A-rec-4jmv-1ly-lig-tt-min-0-pocket10_1a2g-A-rec-4jmv-1ly-lig-tt-min-0,seq50_009,4
sequence_50,33,2hcj-B-rec-2hcj-gdp-lig-tt-docked-0-pocket10_2hcj-B-rec-2hcj-gdp-lig-tt-docked-0,seq50_028,4
sequence_50,33,3u5y-B-rec-3u57-dh8-lig-tt-min-0-pocket10_3u5y-B-rec-3u57-dh8-lig-tt-min-0,seq50_051,4
sequence_50,33,1phk-A-rec-1phk-atp-lig-tt-min-0-pocket10_1phk-A-rec-1phk-atp-lig-tt-min-0,seq50_021,4
sequence_50,33,1l3l-A-rec-1l3l-lae-lig-tt-min-0-pocket10_1l3l-A-rec-1l3l-lae-lig-tt-min-0,seq50_020,4
sequence_50,33,5q0k-A-rec-5q0q-9ld-lig-tt-docked-0-pocket10_5q0k-A-rec-5q0q-9ld-lig-tt-docked-0,seq50_088,4
sequence_50,33,3af2-A-rec-3af4-gcp-lig-tt-min-0-pocket10_3af2-A-rec-3af4-gcp-lig-tt-min-0,seq50_035,4
sequence_50,33,5l1v-A-rec-5l1v-7pf-lig-tt-docked-0-pocket10_5l1v-A-rec-5l1v-7pf-lig-tt-docked-0,seq50_083,4
sequence_50,33,5w2g-A-rec-5w2i-adp-lig-tt-min-0-pocket10_5w2g-A-rec-5w2i-adp-lig-tt-min-0,seq50_090,4
sequence_50,33,4iiy-A-rec-3tle-gsu-lig-tt-docked-12-pocket10_4iiy-A-rec-3tle-gsu-lig-tt-docked-12,seq50_061,4
sequence_50,33,3hy9-B-rec-3hyg-099-lig-tt-min-0-pocket10_3hy9-B-rec-3hyg-099-lig-tt-min-0,seq50_042,4
sequence_50,33,2v3r-A-rec-1dy4-snp-lig-tt-docked-1-pocket10_2v3r-A-rec-1dy4-snp-lig-tt-docked-1,seq50_032,4
sequence_50,33,4h3c-A-rec-5cqj-53q-lig-tt-docked-2-pocket10_4h3c-A-rec-5cqj-53q-lig-tt-docked-2,seq50_060,4
sequence_50,33,4keu-A-rec-4ket-pg4-lig-tt-min-0-pocket10_4keu-A-rec-4ket-pg4-lig-tt-min-0,seq50_064,4
