dataset,seed,method,generator,pocket_id,n_selected,nominal_k,effective_coverage_fraction,endpoint_positive_rate,failures_per_1000_selected,failures_per_1000_nominal,relaxation_success_rate,conditional_endpoint_rate_success,conditional_pb_pass_success,conditional_rmsd_le_2p0_success,conditional_retention_ge_0p5_success,conditional_clash_free_success
DiffSBDD,11,qed_sa,DiffSBDD,2gns-A-rec-4qer-stl-lig-tt-min-0-pocket10_2gns-A-rec-4qer-stl-lig-tt-min-0,10,10,1.0,0.7,300.00000000000006,300.0,1.0,0.7,0.7,0.9,0.9,1.0
DiffSBDD,11,contact_clash_rule,DiffSBDD,2gns-A-rec-4qer-stl-lig-tt-min-0-pocket10_2gns-A-rec-4qer-stl-lig-tt-min-0,10,10,1.0,0.7,300.00000000000006,300.0,0.9,0.7777777777777778,0.7777777777777778,1.0,1.0,1.0
DiffSBDD,11,full_audit_gate_qedsa_fixed_budget,DiffSBDD,2gns-A-rec-4qer-stl-lig-tt-min-0-pocket10_2gns-A-rec-4qer-stl-lig-tt-min-0,10,10,1.0,0.9,99.99999999999997,100.0,1.0,0.9,0.9,1.0,1.0,1.0
DiffSBDD,11,full_audit_gate_qedsa_no_backfill,DiffSBDD,2gns-A-rec-4qer-stl-lig-tt-min-0-pocket10_2gns-A-rec-4qer-stl-lig-tt-min-0,10,10,1.0,0.9,99.99999999999997,100.0,1.0,0.9,0.9,1.0,1.0,1.0
DiffSBDD,11,audit_failure_count_qedsa,DiffSBDD,2gns-A-rec-4qer-stl-lig-tt-min-0-pocket10_2gns-A-rec-4qer-stl-lig-tt-min-0,10,10,1.0,0.9,99.99999999999997,100.0,1.0,0.9,0.9,1.0,1.0,1.0
DiffSBDD,11,phys_logreg_full,DiffSBDD,2gns-A-rec-4qer-stl-lig-tt-min-0-pocket10_2gns-A-rec-4qer-stl-lig-tt-min-0,10,10,1.0,0.9,99.99999999999997,100.0,1.0,0.9,1.0,1.0,0.9,1.0
DiffSBDD,11,phys_hgb_full,DiffSBDD,2gns-A-rec-4qer-stl-lig-tt-min-0-pocket10_2gns-A-rec-4qer-stl-lig-tt-min-0,10,10,1.0,1.0,0.0,0.0,1.0,1.0,1.0,1.0,1.0,1.0
DiffSBDD,11,phys_rf_direct_excluded,DiffSBDD,2gns-A-rec-4qer-stl-lig-tt-min-0-pocket10_2gns-A-rec-4qer-stl-lig-tt-min-0,10,10,1.0,1.0,0.0,0.0,1.0,1.0,1.0,1.0,1.0,1.0
DiffSBDD,11,phys_rf_full,DiffSBDD,2gns-A-rec-4qer-stl-lig-tt-min-0-pocket10_2gns-A-rec-4qer-stl-lig-tt-min-0,10,10,1.0,1.0,0.0,0.0,1.0,1.0,1.0,1.0,1.0,1.0
DiffSBDD,11,qed_sa,DiffSBDD,1jn2-P-rec-1val-png-lig-tt-docked-11-pocket10_1jn2-P-rec-1val-png-lig-tt-docked-11,10,10,1.0,0.9,99.99999999999997,100.0,1.0,0.9,0.9,0.9,1.0,1.0
DiffSBDD,11,contact_clash_rule,DiffSBDD,1jn2-P-rec-1val-png-lig-tt-docked-11-pocket10_1jn2-P-rec-1val-png-lig-tt-docked-11,10,10,1.0,0.7,300.00000000000006,300.0,1.0,0.7,0.9,0.7,0.9,1.0
DiffSBDD,11,full_audit_gate_qedsa_fixed_budget,DiffSBDD,1jn2-P-rec-1val-png-lig-tt-docked-11-pocket10_1jn2-P-rec-1val-png-lig-tt-docked-11,10,10,1.0,0.9,99.99999999999997,100.0,1.0,0.9,0.9,0.9,1.0,1.0
DiffSBDD,11,full_audit_gate_qedsa_no_backfill,DiffSBDD,1jn2-P-rec-1val-png-lig-tt-docked-11-pocket10_1jn2-P-rec-1val-png-lig-tt-docked-11,10,10,1.0,0.9,99.99999999999997,100.0,1.0,0.9,0.9,0.9,1.0,1.0
DiffSBDD,11,audit_failure_count_qedsa,DiffSBDD,1jn2-P-rec-1val-png-lig-tt-docked-11-pocket10_1jn2-P-rec-1val-png-lig-tt-docked-11,10,10,1.0,0.9,99.99999999999997,100.0,1.0,0.9,0.9,0.9,1.0,1.0
DiffSBDD,11,phys_logreg_full,DiffSBDD,1jn2-P-rec-1val-png-lig-tt-docked-11-pocket10_1jn2-P-rec-1val-png-lig-tt-docked-11,10,10,1.0,0.9,99.99999999999997,100.0,0.9,1.0,1.0,1.0,1.0,1.0
DiffSBDD,11,phys_hgb_full,DiffSBDD,1jn2-P-rec-1val-png-lig-tt-docked-11-pocket10_1jn2-P-rec-1val-png-lig-tt-docked-11,10,10,1.0,1.0,0.0,0.0,1.0,1.0,1.0,1.0,1.0,1.0
DiffSBDD,11,phys_rf_direct_excluded,DiffSBDD,1jn2-P-rec-1val-png-lig-tt-docked-11-pocket10_1jn2-P-rec-1val-png-lig-tt-docked-11,10,10,1.0,1.0,0.0,0.0,1.0,1.0,1.0,1.0,1.0,1.0
DiffSBDD,11,phys_rf_full,DiffSBDD,1jn2-P-rec-1val-png-lig-tt-docked-11-pocket10_1jn2-P-rec-1val-png-lig-tt-docked-11,10,10,1.0,1.0,0.0,0.0,1.0,1.0,1.0,1.0,1.0,1.0
DiffSBDD,11,qed_sa,DiffSBDD,1dxo-C-rec-1gg5-e09-lig-tt-min-0-pocket10_1dxo-C-rec-1gg5-e09-lig-tt-min-0,10,10,1.0,0.9,99.99999999999997,100.0,1.0,0.9,0.9,1.0,0.9,1.0
DiffSBDD,11,contact_clash_rule,DiffSBDD,1dxo-C-rec-1gg5-e09-lig-tt-min-0-pocket10_1dxo-C-rec-1gg5-e09-lig-tt-min-0,10,10,1.0,0.9,99.99999999999997,100.0,1.0,0.9,0.9,1.0,0.9,1.0
DiffSBDD,11,full_audit_gate_qedsa_fixed_budget,DiffSBDD,1dxo-C-rec-1gg5-e09-lig-tt-min-0-pocket10_1dxo-C-rec-1gg5-e09-lig-tt-min-0,10,10,1.0,0.9,99.99999999999997,100.0,1.0,0.9,0.9,1.0,0.9,1.0
DiffSBDD,11,full_audit_gate_qedsa_no_backfill,DiffSBDD,1dxo-C-rec-1gg5-e09-lig-tt-min-0-pocket10_1dxo-C-rec-1gg5-e09-lig-tt-min-0,10,10,1.0,0.9,99.99999999999997,100.0,1.0,0.9,0.9,1.0,0.9,1.0
DiffSBDD,11,audit_failure_count_qedsa,DiffSBDD,1dxo-C-rec-1gg5-e09-lig-tt-min-0-pocket10_1dxo-C-rec-1gg5-e09-lig-tt-min-0,10,10,1.0,0.9,99.99999999999997,100.0,1.0,0.9,0.9,1.0,0.9,1.0
DiffSBDD,11,phys_logreg_full,DiffSBDD,1dxo-C-rec-1gg5-e09-lig-tt-min-0-pocket10_1dxo-C-rec-1gg5-e09-lig-tt-min-0,10,10,1.0,1.0,0.0,0.0,1.0,1.0,1.0,1.0,1.0,1.0
DiffSBDD,11,phys_hgb_full,DiffSBDD,1dxo-C-rec-1gg5-e09-lig-tt-min-0-pocket10_1dxo-C-rec-1gg5-e09-lig-tt-min-0,10,10,1.0,0.9,99.99999999999997,100.0,1.0,0.9,0.9,1.0,1.0,1.0
DiffSBDD,11,phys_rf_direct_excluded,DiffSBDD,1dxo-C-rec-1gg5-e09-lig-tt-min-0-pocket10_1dxo-C-rec-1gg5-e09-lig-tt-min-0,10,10,1.0,0.8,199.99999999999994,200.0,1.0,0.8,0.9,1.0,0.9,1.0
DiffSBDD,11,phys_rf_full,DiffSBDD,1dxo-C-rec-1gg5-e09-lig-tt-min-0-pocket10_1dxo-C-rec-1gg5-e09-lig-tt-min-0,10,10,1.0,0.8,199.99999999999994,200.0,1.0,0.8,0.9,1.0,0.9,1.0
DiffSBDD,11,qed_sa,DiffSBDD,14gs-A-rec-20gs-cbd-lig-tt-min-0-pocket10_14gs-A-rec-20gs-cbd-lig-tt-min-0,10,10,1.0,1.0,0.0,0.0,1.0,1.0,1.0,1.0,1.0,1.0
DiffSBDD,11,contact_clash_rule,DiffSBDD,14gs-A-rec-20gs-cbd-lig-tt-min-0-pocket10_14gs-A-rec-20gs-cbd-lig-tt-min-0,10,10,1.0,1.0,0.0,0.0,1.0,1.0,1.0,1.0,1.0,1.0
DiffSBDD,11,full_audit_gate_qedsa_fixed_budget,DiffSBDD,14gs-A-rec-20gs-cbd-lig-tt-min-0-pocket10_14gs-A-rec-20gs-cbd-lig-tt-min-0,10,10,1.0,1.0,0.0,0.0,1.0,1.0,1.0,1.0,1.0,1.0
DiffSBDD,11,full_audit_gate_qedsa_no_backfill,DiffSBDD,14gs-A-rec-20gs-cbd-lig-tt-min-0-pocket10_14gs-A-rec-20gs-cbd-lig-tt-min-0,10,10,1.0,1.0,0.0,0.0,1.0,1.0,1.0,1.0,1.0,1.0
DiffSBDD,11,audit_failure_count_qedsa,DiffSBDD,14gs-A-rec-20gs-cbd-lig-tt-min-0-pocket10_14gs-A-rec-20gs-cbd-lig-tt-min-0,10,10,1.0,1.0,0.0,0.0,1.0,1.0,1.0,1.0,1.0,1.0
DiffSBDD,11,phys_logreg_full,DiffSBDD,14gs-A-rec-20gs-cbd-lig-tt-min-0-pocket10_14gs-A-rec-20gs-cbd-lig-tt-min-0,10,10,1.0,1.0,0.0,0.0,1.0,1.0,1.0,1.0,1.0,1.0
DiffSBDD,11,phys_hgb_full,DiffSBDD,14gs-A-rec-20gs-cbd-lig-tt-min-0-pocket10_14gs-A-rec-20gs-cbd-lig-tt-min-0,10,10,1.0,1.0,0.0,0.0,1.0,1.0,1.0,1.0,1.0,1.0
DiffSBDD,11,phys_rf_direct_excluded,DiffSBDD,14gs-A-rec-20gs-cbd-lig-tt-min-0-pocket10_14gs-A-rec-20gs-cbd-lig-tt-min-0,10,10,1.0,1.0,0.0,0.0,1.0,1.0,1.0,1.0,1.0,1.0
DiffSBDD,11,phys_rf_full,DiffSBDD,14gs-A-rec-20gs-cbd-lig-tt-min-0-pocket10_14gs-A-rec-20gs-cbd-lig-tt-min-0,10,10,1.0,1.0,0.0,0.0,1.0,1.0,1.0,1.0,1.0,1.0
DiffSBDD,11,qed_sa,DiffSBDD,2pqw-A-rec-2rhy-mlz-lig-tt-min-0-pocket10_2pqw-A-rec-2rhy-mlz-lig-tt-min-0,10,10,1.0,0.8,199.99999999999994,200.0,1.0,0.8,0.9,0.9,1.0,1.0
DiffSBDD,11,contact_clash_rule,DiffSBDD,2pqw-A-rec-2rhy-mlz-lig-tt-min-0-pocket10_2pqw-A-rec-2rhy-mlz-lig-tt-min-0,10,10,1.0,0.8,199.99999999999994,200.0,1.0,0.8,1.0,0.9,0.9,1.0
DiffSBDD,11,full_audit_gate_qedsa_fixed_budget,DiffSBDD,2pqw-A-rec-2rhy-mlz-lig-tt-min-0-pocket10_2pqw-A-rec-2rhy-mlz-lig-tt-min-0,10,10,1.0,0.8,199.99999999999994,200.0,1.0,0.8,0.9,0.9,1.0,1.0
DiffSBDD,11,full_audit_gate_qedsa_no_backfill,DiffSBDD,2pqw-A-rec-2rhy-mlz-lig-tt-min-0-pocket10_2pqw-A-rec-2rhy-mlz-lig-tt-min-0,10,10,1.0,0.8,199.99999999999994,200.0,1.0,0.8,0.9,0.9,1.0,1.0
DiffSBDD,11,audit_failure_count_qedsa,DiffSBDD,2pqw-A-rec-2rhy-mlz-lig-tt-min-0-pocket10_2pqw-A-rec-2rhy-mlz-lig-tt-min-0,10,10,1.0,0.8,199.99999999999994,200.0,1.0,0.8,0.9,0.9,1.0,1.0
DiffSBDD,11,phys_logreg_full,DiffSBDD,2pqw-A-rec-2rhy-mlz-lig-tt-min-0-pocket10_2pqw-A-rec-2rhy-mlz-lig-tt-min-0,10,10,1.0,1.0,0.0,0.0,1.0,1.0,1.0,1.0,1.0,1.0
DiffSBDD,11,phys_hgb_full,DiffSBDD,2pqw-A-rec-2rhy-mlz-lig-tt-min-0-pocket10_2pqw-A-rec-2rhy-mlz-lig-tt-min-0,10,10,1.0,1.0,0.0,0.0,1.0,1.0,1.0,1.0,1.0,1.0
DiffSBDD,11,phys_rf_direct_excluded,DiffSBDD,2pqw-A-rec-2rhy-mlz-lig-tt-min-0-pocket10_2pqw-A-rec-2rhy-mlz-lig-tt-min-0,10,10,1.0,1.0,0.0,0.0,1.0,1.0,1.0,1.0,1.0,1.0
DiffSBDD,11,phys_rf_full,DiffSBDD,2pqw-A-rec-2rhy-mlz-lig-tt-min-0-pocket10_2pqw-A-rec-2rhy-mlz-lig-tt-min-0,10,10,1.0,1.0,0.0,0.0,1.0,1.0,1.0,1.0,1.0,1.0
DiffSBDD,11,qed_sa,DiffSBDD,1a2g-A-rec-4jmv-1ly-lig-tt-min-0-pocket10_1a2g-A-rec-4jmv-1ly-lig-tt-min-0,10,10,1.0,1.0,0.0,0.0,1.0,1.0,1.0,1.0,1.0,1.0
DiffSBDD,11,contact_clash_rule,DiffSBDD,1a2g-A-rec-4jmv-1ly-lig-tt-min-0-pocket10_1a2g-A-rec-4jmv-1ly-lig-tt-min-0,10,10,1.0,1.0,0.0,0.0,1.0,1.0,1.0,1.0,1.0,1.0
DiffSBDD,11,full_audit_gate_qedsa_fixed_budget,DiffSBDD,1a2g-A-rec-4jmv-1ly-lig-tt-min-0-pocket10_1a2g-A-rec-4jmv-1ly-lig-tt-min-0,10,10,1.0,1.0,0.0,0.0,1.0,1.0,1.0,1.0,1.0,1.0
DiffSBDD,11,full_audit_gate_qedsa_no_backfill,DiffSBDD,1a2g-A-rec-4jmv-1ly-lig-tt-min-0-pocket10_1a2g-A-rec-4jmv-1ly-lig-tt-min-0,10,10,1.0,1.0,0.0,0.0,1.0,1.0,1.0,1.0,1.0,1.0
DiffSBDD,11,audit_failure_count_qedsa,DiffSBDD,1a2g-A-rec-4jmv-1ly-lig-tt-min-0-pocket10_1a2g-A-rec-4jmv-1ly-lig-tt-min-0,10,10,1.0,1.0,0.0,0.0,1.0,1.0,1.0,1.0,1.0,1.0
DiffSBDD,11,phys_logreg_full,DiffSBDD,1a2g-A-rec-4jmv-1ly-lig-tt-min-0-pocket10_1a2g-A-rec-4jmv-1ly-lig-tt-min-0,10,10,1.0,1.0,0.0,0.0,1.0,1.0,1.0,1.0,1.0,1.0
DiffSBDD,11,phys_hgb_full,DiffSBDD,1a2g-A-rec-4jmv-1ly-lig-tt-min-0-pocket10_1a2g-A-rec-4jmv-1ly-lig-tt-min-0,10,10,1.0,1.0,0.0,0.0,1.0,1.0,1.0,1.0,1.0,1.0
DiffSBDD,11,phys_rf_direct_excluded,DiffSBDD,1a2g-A-rec-4jmv-1ly-lig-tt-min-0-pocket10_1a2g-A-rec-4jmv-1ly-lig-tt-min-0,10,10,1.0,1.0,0.0,0.0,1.0,1.0,1.0,1.0,1.0,1.0
DiffSBDD,11,phys_rf_full,DiffSBDD,1a2g-A-rec-4jmv-1ly-lig-tt-min-0-pocket10_1a2g-A-rec-4jmv-1ly-lig-tt-min-0,10,10,1.0,1.0,0.0,0.0,1.0,1.0,1.0,1.0,1.0,1.0
DiffSBDD,11,qed_sa,DiffSBDD,2rhy-A-rec-2rhy-mlz-lig-tt-min-0-pocket10_2rhy-A-rec-2rhy-mlz-lig-tt-min-0,10,10,1.0,0.5,500.0,500.0,1.0,0.5,1.0,0.5,0.6,1.0
DiffSBDD,11,contact_clash_rule,DiffSBDD,2rhy-A-rec-2rhy-mlz-lig-tt-min-0-pocket10_2rhy-A-rec-2rhy-mlz-lig-tt-min-0,10,10,1.0,0.5,500.0,500.0,1.0,0.5,1.0,0.5,0.7,1.0
DiffSBDD,11,full_audit_gate_qedsa_fixed_budget,DiffSBDD,2rhy-A-rec-2rhy-mlz-lig-tt-min-0-pocket10_2rhy-A-rec-2rhy-mlz-lig-tt-min-0,10,10,1.0,0.7,300.00000000000006,300.0,1.0,0.7,1.0,0.7,0.8,1.0
DiffSBDD,11,full_audit_gate_qedsa_no_backfill,DiffSBDD,2rhy-A-rec-2rhy-mlz-lig-tt-min-0-pocket10_2rhy-A-rec-2rhy-mlz-lig-tt-min-0,10,10,1.0,0.7,300.00000000000006,300.0,1.0,0.7,1.0,0.7,0.8,1.0
DiffSBDD,11,audit_failure_count_qedsa,DiffSBDD,2rhy-A-rec-2rhy-mlz-lig-tt-min-0-pocket10_2rhy-A-rec-2rhy-mlz-lig-tt-min-0,10,10,1.0,0.7,300.00000000000006,300.0,1.0,0.7,1.0,0.7,0.8,1.0
DiffSBDD,11,phys_logreg_full,DiffSBDD,2rhy-A-rec-2rhy-mlz-lig-tt-min-0-pocket10_2rhy-A-rec-2rhy-mlz-lig-tt-min-0,10,10,1.0,0.9,99.99999999999997,100.0,1.0,0.9,1.0,0.9,1.0,1.0
DiffSBDD,11,phys_hgb_full,DiffSBDD,2rhy-A-rec-2rhy-mlz-lig-tt-min-0-pocket10_2rhy-A-rec-2rhy-mlz-lig-tt-min-0,10,10,1.0,1.0,0.0,0.0,1.0,1.0,1.0,1.0,1.0,1.0
DiffSBDD,11,phys_rf_direct_excluded,DiffSBDD,2rhy-A-rec-2rhy-mlz-lig-tt-min-0-pocket10_2rhy-A-rec-2rhy-mlz-lig-tt-min-0,10,10,1.0,1.0,0.0,0.0,1.0,1.0,1.0,1.0,1.0,1.0
DiffSBDD,11,phys_rf_full,DiffSBDD,2rhy-A-rec-2rhy-mlz-lig-tt-min-0-pocket10_2rhy-A-rec-2rhy-mlz-lig-tt-min-0,10,10,1.0,1.0,0.0,0.0,1.0,1.0,1.0,1.0,1.0,1.0
DiffSBDD,11,qed_sa,DiffSBDD,1d7j-A-rec-1tco-fk5-lig-tt-docked-0-pocket10_1d7j-A-rec-1tco-fk5-lig-tt-docked-0,10,10,1.0,0.8,199.99999999999994,200.0,1.0,0.8,1.0,0.9,0.8,1.0
DiffSBDD,11,contact_clash_rule,DiffSBDD,1d7j-A-rec-1tco-fk5-lig-tt-docked-0-pocket10_1d7j-A-rec-1tco-fk5-lig-tt-docked-0,10,10,1.0,0.8,199.99999999999994,200.0,1.0,0.8,1.0,0.8,0.8,1.0
DiffSBDD,11,full_audit_gate_qedsa_fixed_budget,DiffSBDD,1d7j-A-rec-1tco-fk5-lig-tt-docked-0-pocket10_1d7j-A-rec-1tco-fk5-lig-tt-docked-0,10,10,1.0,0.8,199.99999999999994,200.0,1.0,0.8,1.0,0.9,0.8,1.0
DiffSBDD,11,full_audit_gate_qedsa_no_backfill,DiffSBDD,1d7j-A-rec-1tco-fk5-lig-tt-docked-0-pocket10_1d7j-A-rec-1tco-fk5-lig-tt-docked-0,10,10,1.0,0.8,199.99999999999994,200.0,1.0,0.8,1.0,0.9,0.8,1.0
DiffSBDD,11,audit_failure_count_qedsa,DiffSBDD,1d7j-A-rec-1tco-fk5-lig-tt-docked-0-pocket10_1d7j-A-rec-1tco-fk5-lig-tt-docked-0,10,10,1.0,0.8,199.99999999999994,200.0,1.0,0.8,1.0,0.9,0.8,1.0
DiffSBDD,11,phys_logreg_full,DiffSBDD,1d7j-A-rec-1tco-fk5-lig-tt-docked-0-pocket10_1d7j-A-rec-1tco-fk5-lig-tt-docked-0,10,10,1.0,1.0,0.0,0.0,1.0,1.0,1.0,1.0,1.0,1.0
DiffSBDD,11,phys_hgb_full,DiffSBDD,1d7j-A-rec-1tco-fk5-lig-tt-docked-0-pocket10_1d7j-A-rec-1tco-fk5-lig-tt-docked-0,10,10,1.0,0.9,99.99999999999997,100.0,1.0,0.9,1.0,1.0,0.9,1.0
DiffSBDD,11,phys_rf_direct_excluded,DiffSBDD,1d7j-A-rec-1tco-fk5-lig-tt-docked-0-pocket10_1d7j-A-rec-1tco-fk5-lig-tt-docked-0,10,10,1.0,1.0,0.0,0.0,1.0,1.0,1.0,1.0,1.0,1.0
DiffSBDD,11,phys_rf_full,DiffSBDD,1d7j-A-rec-1tco-fk5-lig-tt-docked-0-pocket10_1d7j-A-rec-1tco-fk5-lig-tt-docked-0,10,10,1.0,1.0,0.0,0.0,1.0,1.0,1.0,1.0,1.0,1.0
DiffSBDD,11,qed_sa,DiffSBDD,2e6d-A-rec-2e6d-fum-lig-tt-min-0-pocket10_2e6d-A-rec-2e6d-fum-lig-tt-min-0,10,10,1.0,1.0,0.0,0.0,1.0,1.0,1.0,1.0,1.0,1.0
DiffSBDD,11,contact_clash_rule,DiffSBDD,2e6d-A-rec-2e6d-fum-lig-tt-min-0-pocket10_2e6d-A-rec-2e6d-fum-lig-tt-min-0,10,10,1.0,0.8,199.99999999999994,200.0,1.0,0.8,0.8,1.0,1.0,1.0
DiffSBDD,11,full_audit_gate_qedsa_fixed_budget,DiffSBDD,2e6d-A-rec-2e6d-fum-lig-tt-min-0-pocket10_2e6d-A-rec-2e6d-fum-lig-tt-min-0,10,10,1.0,0.9,99.99999999999997,100.0,0.9,1.0,1.0,1.0,1.0,1.0
DiffSBDD,11,full_audit_gate_qedsa_no_backfill,DiffSBDD,2e6d-A-rec-2e6d-fum-lig-tt-min-0-pocket10_2e6d-A-rec-2e6d-fum-lig-tt-min-0,10,10,1.0,0.9,99.99999999999997,100.0,0.9,1.0,1.0,1.0,1.0,1.0
DiffSBDD,11,audit_failure_count_qedsa,DiffSBDD,2e6d-A-rec-2e6d-fum-lig-tt-min-0-pocket10_2e6d-A-rec-2e6d-fum-lig-tt-min-0,10,10,1.0,0.9,99.99999999999997,100.0,0.9,1.0,1.0,1.0,1.0,1.0
DiffSBDD,11,phys_logreg_full,DiffSBDD,2e6d-A-rec-2e6d-fum-lig-tt-min-0-pocket10_2e6d-A-rec-2e6d-fum-lig-tt-min-0,10,10,1.0,1.0,0.0,0.0,1.0,1.0,1.0,1.0,1.0,1.0
DiffSBDD,11,phys_hgb_full,DiffSBDD,2e6d-A-rec-2e6d-fum-lig-tt-min-0-pocket10_2e6d-A-rec-2e6d-fum-lig-tt-min-0,10,10,1.0,1.0,0.0,0.0,1.0,1.0,1.0,1.0,1.0,1.0
DiffSBDD,11,phys_rf_direct_excluded,DiffSBDD,2e6d-A-rec-2e6d-fum-lig-tt-min-0-pocket10_2e6d-A-rec-2e6d-fum-lig-tt-min-0,10,10,1.0,1.0,0.0,0.0,1.0,1.0,1.0,1.0,1.0,1.0
DiffSBDD,11,phys_rf_full,DiffSBDD,2e6d-A-rec-2e6d-fum-lig-tt-min-0-pocket10_2e6d-A-rec-2e6d-fum-lig-tt-min-0,10,10,1.0,1.0,0.0,0.0,1.0,1.0,1.0,1.0,1.0,1.0
DiffSBDD,11,qed_sa,DiffSBDD,2azy-A-rec-2azy-chd-lig-tt-docked-0-pocket10_2azy-A-rec-2azy-chd-lig-tt-docked-0,10,10,1.0,0.9,99.99999999999997,100.0,0.9,1.0,1.0,1.0,1.0,1.0
DiffSBDD,11,contact_clash_rule,DiffSBDD,2azy-A-rec-2azy-chd-lig-tt-docked-0-pocket10_2azy-A-rec-2azy-chd-lig-tt-docked-0,10,10,1.0,0.9,99.99999999999997,100.0,0.9,1.0,1.0,1.0,1.0,1.0
DiffSBDD,11,full_audit_gate_qedsa_fixed_budget,DiffSBDD,2azy-A-rec-2azy-chd-lig-tt-docked-0-pocket10_2azy-A-rec-2azy-chd-lig-tt-docked-0,10,10,1.0,0.9,99.99999999999997,100.0,0.9,1.0,1.0,1.0,1.0,1.0
DiffSBDD,11,full_audit_gate_qedsa_no_backfill,DiffSBDD,2azy-A-rec-2azy-chd-lig-tt-docked-0-pocket10_2azy-A-rec-2azy-chd-lig-tt-docked-0,10,10,1.0,0.9,99.99999999999997,100.0,0.9,1.0,1.0,1.0,1.0,1.0
DiffSBDD,11,audit_failure_count_qedsa,DiffSBDD,2azy-A-rec-2azy-chd-lig-tt-docked-0-pocket10_2azy-A-rec-2azy-chd-lig-tt-docked-0,10,10,1.0,0.9,99.99999999999997,100.0,0.9,1.0,1.0,1.0,1.0,1.0
DiffSBDD,11,phys_logreg_full,DiffSBDD,2azy-A-rec-2azy-chd-lig-tt-docked-0-pocket10_2azy-A-rec-2azy-chd-lig-tt-docked-0,10,10,1.0,1.0,0.0,0.0,1.0,1.0,1.0,1.0,1.0,1.0
DiffSBDD,11,phys_hgb_full,DiffSBDD,2azy-A-rec-2azy-chd-lig-tt-docked-0-pocket10_2azy-A-rec-2azy-chd-lig-tt-docked-0,10,10,1.0,1.0,0.0,0.0,1.0,1.0,1.0,1.0,1.0,1.0
DiffSBDD,11,phys_rf_direct_excluded,DiffSBDD,2azy-A-rec-2azy-chd-lig-tt-docked-0-pocket10_2azy-A-rec-2azy-chd-lig-tt-docked-0,10,10,1.0,1.0,0.0,0.0,1.0,1.0,1.0,1.0,1.0,1.0
DiffSBDD,11,phys_rf_full,DiffSBDD,2azy-A-rec-2azy-chd-lig-tt-docked-0-pocket10_2azy-A-rec-2azy-chd-lig-tt-docked-0,10,10,1.0,0.9,99.99999999999997,100.0,1.0,0.9,0.9,1.0,0.9,1.0
DiffSBDD,11,qed_sa,DiffSBDD,2hcj-B-rec-2hcj-gdp-lig-tt-docked-0-pocket10_2hcj-B-rec-2hcj-gdp-lig-tt-docked-0,10,10,1.0,0.9,99.99999999999997,100.0,1.0,0.9,0.9,1.0,1.0,1.0
DiffSBDD,11,contact_clash_rule,DiffSBDD,2hcj-B-rec-2hcj-gdp-lig-tt-docked-0-pocket10_2hcj-B-rec-2hcj-gdp-lig-tt-docked-0,10,10,1.0,0.7,300.00000000000006,300.0,1.0,0.7,0.8,0.9,0.9,1.0
DiffSBDD,11,full_audit_gate_qedsa_fixed_budget,DiffSBDD,2hcj-B-rec-2hcj-gdp-lig-tt-docked-0-pocket10_2hcj-B-rec-2hcj-gdp-lig-tt-docked-0,10,10,1.0,0.9,99.99999999999997,100.0,1.0,0.9,0.9,1.0,1.0,1.0
DiffSBDD,11,full_audit_gate_qedsa_no_backfill,DiffSBDD,2hcj-B-rec-2hcj-gdp-lig-tt-docked-0-pocket10_2hcj-B-rec-2hcj-gdp-lig-tt-docked-0,10,10,1.0,0.9,99.99999999999997,100.0,1.0,0.9,0.9,1.0,1.0,1.0
DiffSBDD,11,audit_failure_count_qedsa,DiffSBDD,2hcj-B-rec-2hcj-gdp-lig-tt-docked-0-pocket10_2hcj-B-rec-2hcj-gdp-lig-tt-docked-0,10,10,1.0,0.9,99.99999999999997,100.0,1.0,0.9,0.9,1.0,1.0,1.0
DiffSBDD,11,phys_logreg_full,DiffSBDD,2hcj-B-rec-2hcj-gdp-lig-tt-docked-0-pocket10_2hcj-B-rec-2hcj-gdp-lig-tt-docked-0,10,10,1.0,0.9,99.99999999999997,100.0,1.0,0.9,0.9,1.0,1.0,1.0
DiffSBDD,11,phys_hgb_full,DiffSBDD,2hcj-B-rec-2hcj-gdp-lig-tt-docked-0-pocket10_2hcj-B-rec-2hcj-gdp-lig-tt-docked-0,10,10,1.0,1.0,0.0,0.0,1.0,1.0,1.0,1.0,1.0,1.0
DiffSBDD,11,phys_rf_direct_excluded,DiffSBDD,2hcj-B-rec-2hcj-gdp-lig-tt-docked-0-pocket10_2hcj-B-rec-2hcj-gdp-lig-tt-docked-0,10,10,1.0,0.9,99.99999999999997,100.0,1.0,0.9,0.9,1.0,1.0,1.0
DiffSBDD,11,phys_rf_full,DiffSBDD,2hcj-B-rec-2hcj-gdp-lig-tt-docked-0-pocket10_2hcj-B-rec-2hcj-gdp-lig-tt-docked-0,10,10,1.0,0.8,199.99999999999994,200.0,1.0,0.8,0.8,1.0,1.0,1.0
DiffSBDD,11,qed_sa,DiffSBDD,2e24-A-rec-1j0n-ceg-lig-tt-docked-14-pocket10_2e24-A-rec-1j0n-ceg-lig-tt-docked-14,10,10,1.0,1.0,0.0,0.0,1.0,1.0,1.0,1.0,1.0,1.0
DiffSBDD,11,contact_clash_rule,DiffSBDD,2e24-A-rec-1j0n-ceg-lig-tt-docked-14-pocket10_2e24-A-rec-1j0n-ceg-lig-tt-docked-14,10,10,1.0,1.0,0.0,0.0,1.0,1.0,1.0,1.0,1.0,1.0
DiffSBDD,11,full_audit_gate_qedsa_fixed_budget,DiffSBDD,2e24-A-rec-1j0n-ceg-lig-tt-docked-14-pocket10_2e24-A-rec-1j0n-ceg-lig-tt-docked-14,10,10,1.0,1.0,0.0,0.0,1.0,1.0,1.0,1.0,1.0,1.0
DiffSBDD,11,full_audit_gate_qedsa_no_backfill,DiffSBDD,2e24-A-rec-1j0n-ceg-lig-tt-docked-14-pocket10_2e24-A-rec-1j0n-ceg-lig-tt-docked-14,10,10,1.0,1.0,0.0,0.0,1.0,1.0,1.0,1.0,1.0,1.0
DiffSBDD,11,audit_failure_count_qedsa,DiffSBDD,2e24-A-rec-1j0n-ceg-lig-tt-docked-14-pocket10_2e24-A-rec-1j0n-ceg-lig-tt-docked-14,10,10,1.0,1.0,0.0,0.0,1.0,1.0,1.0,1.0,1.0,1.0
DiffSBDD,11,phys_logreg_full,DiffSBDD,2e24-A-rec-1j0n-ceg-lig-tt-docked-14-pocket10_2e24-A-rec-1j0n-ceg-lig-tt-docked-14,10,10,1.0,0.9,99.99999999999997,100.0,0.9,1.0,1.0,1.0,1.0,1.0
DiffSBDD,11,phys_hgb_full,DiffSBDD,2e24-A-rec-1j0n-ceg-lig-tt-docked-14-pocket10_2e24-A-rec-1j0n-ceg-lig-tt-docked-14,10,10,1.0,1.0,0.0,0.0,1.0,1.0,1.0,1.0,1.0,1.0
DiffSBDD,11,phys_rf_direct_excluded,DiffSBDD,2e24-A-rec-1j0n-ceg-lig-tt-docked-14-pocket10_2e24-A-rec-1j0n-ceg-lig-tt-docked-14,10,10,1.0,1.0,0.0,0.0,1.0,1.0,1.0,1.0,1.0,1.0
DiffSBDD,11,phys_rf_full,DiffSBDD,2e24-A-rec-1j0n-ceg-lig-tt-docked-14-pocket10_2e24-A-rec-1j0n-ceg-lig-tt-docked-14,10,10,1.0,1.0,0.0,0.0,1.0,1.0,1.0,1.0,1.0,1.0
DiffSBDD,11,qed_sa,DiffSBDD,2f2c-B-rec-1xo2-fse-lig-tt-min-0-pocket10_2f2c-B-rec-1xo2-fse-lig-tt-min-0,10,10,1.0,0.9,99.99999999999997,100.0,1.0,0.9,0.9,1.0,1.0,1.0
DiffSBDD,11,contact_clash_rule,DiffSBDD,2f2c-B-rec-1xo2-fse-lig-tt-min-0-pocket10_2f2c-B-rec-1xo2-fse-lig-tt-min-0,10,10,1.0,0.9,99.99999999999997,100.0,1.0,0.9,0.9,1.0,1.0,1.0
DiffSBDD,11,full_audit_gate_qedsa_fixed_budget,DiffSBDD,2f2c-B-rec-1xo2-fse-lig-tt-min-0-pocket10_2f2c-B-rec-1xo2-fse-lig-tt-min-0,10,10,1.0,0.9,99.99999999999997,100.0,1.0,0.9,0.9,1.0,1.0,1.0
DiffSBDD,11,full_audit_gate_qedsa_no_backfill,DiffSBDD,2f2c-B-rec-1xo2-fse-lig-tt-min-0-pocket10_2f2c-B-rec-1xo2-fse-lig-tt-min-0,10,10,1.0,0.9,99.99999999999997,100.0,1.0,0.9,0.9,1.0,1.0,1.0
DiffSBDD,11,audit_failure_count_qedsa,DiffSBDD,2f2c-B-rec-1xo2-fse-lig-tt-min-0-pocket10_2f2c-B-rec-1xo2-fse-lig-tt-min-0,10,10,1.0,0.9,99.99999999999997,100.0,1.0,0.9,0.9,1.0,1.0,1.0
DiffSBDD,11,phys_logreg_full,DiffSBDD,2f2c-B-rec-1xo2-fse-lig-tt-min-0-pocket10_2f2c-B-rec-1xo2-fse-lig-tt-min-0,10,10,1.0,0.9,99.99999999999997,100.0,1.0,0.9,0.9,1.0,1.0,1.0
DiffSBDD,11,phys_hgb_full,DiffSBDD,2f2c-B-rec-1xo2-fse-lig-tt-min-0-pocket10_2f2c-B-rec-1xo2-fse-lig-tt-min-0,10,10,1.0,0.9,99.99999999999997,100.0,1.0,0.9,0.9,1.0,1.0,1.0
DiffSBDD,11,phys_rf_direct_excluded,DiffSBDD,2f2c-B-rec-1xo2-fse-lig-tt-min-0-pocket10_2f2c-B-rec-1xo2-fse-lig-tt-min-0,10,10,1.0,1.0,0.0,0.0,1.0,1.0,1.0,1.0,1.0,1.0
DiffSBDD,11,phys_rf_full,DiffSBDD,2f2c-B-rec-1xo2-fse-lig-tt-min-0-pocket10_2f2c-B-rec-1xo2-fse-lig-tt-min-0,10,10,1.0,1.0,0.0,0.0,1.0,1.0,1.0,1.0,1.0,1.0
DiffSBDD,11,qed_sa,DiffSBDD,2cy0-A-rec-2d5c-skm-lig-tt-min-0-pocket10_2cy0-A-rec-2d5c-skm-lig-tt-min-0,10,10,1.0,0.8,199.99999999999994,200.0,1.0,0.8,1.0,0.8,0.8,1.0
DiffSBDD,11,contact_clash_rule,DiffSBDD,2cy0-A-rec-2d5c-skm-lig-tt-min-0-pocket10_2cy0-A-rec-2d5c-skm-lig-tt-min-0,10,10,1.0,0.8,199.99999999999994,200.0,1.0,0.8,1.0,0.8,0.8,1.0
DiffSBDD,11,full_audit_gate_qedsa_fixed_budget,DiffSBDD,2cy0-A-rec-2d5c-skm-lig-tt-min-0-pocket10_2cy0-A-rec-2d5c-skm-lig-tt-min-0,10,10,1.0,0.8,199.99999999999994,200.0,1.0,0.8,0.9,0.9,0.9,1.0
DiffSBDD,11,full_audit_gate_qedsa_no_backfill,DiffSBDD,2cy0-A-rec-2d5c-skm-lig-tt-min-0-pocket10_2cy0-A-rec-2d5c-skm-lig-tt-min-0,10,10,1.0,0.8,199.99999999999994,200.0,1.0,0.8,0.9,0.9,0.9,1.0
DiffSBDD,11,audit_failure_count_qedsa,DiffSBDD,2cy0-A-rec-2d5c-skm-lig-tt-min-0-pocket10_2cy0-A-rec-2d5c-skm-lig-tt-min-0,10,10,1.0,0.8,199.99999999999994,200.0,1.0,0.8,0.9,0.9,0.9,1.0
DiffSBDD,11,phys_logreg_full,DiffSBDD,2cy0-A-rec-2d5c-skm-lig-tt-min-0-pocket10_2cy0-A-rec-2d5c-skm-lig-tt-min-0,10,10,1.0,0.9,99.99999999999997,100.0,1.0,0.9,0.9,1.0,1.0,1.0
DiffSBDD,11,phys_hgb_full,DiffSBDD,2cy0-A-rec-2d5c-skm-lig-tt-min-0-pocket10_2cy0-A-rec-2d5c-skm-lig-tt-min-0,10,10,1.0,1.0,0.0,0.0,1.0,1.0,1.0,1.0,1.0,1.0
DiffSBDD,11,phys_rf_direct_excluded,DiffSBDD,2cy0-A-rec-2d5c-skm-lig-tt-min-0-pocket10_2cy0-A-rec-2d5c-skm-lig-tt-min-0,10,10,1.0,0.9,99.99999999999997,100.0,1.0,0.9,0.9,1.0,1.0,1.0
DiffSBDD,11,phys_rf_full,DiffSBDD,2cy0-A-rec-2d5c-skm-lig-tt-min-0-pocket10_2cy0-A-rec-2d5c-skm-lig-tt-min-0,10,10,1.0,0.9,99.99999999999997,100.0,1.0,0.9,0.9,1.0,1.0,1.0
DiffSBDD,11,qed_sa,DiffSBDD,1afs-A-rec-1afs-tes-lig-tt-min-0-pocket10_1afs-A-rec-1afs-tes-lig-tt-min-0,10,10,1.0,1.0,0.0,0.0,1.0,1.0,1.0,1.0,1.0,1.0
DiffSBDD,11,contact_clash_rule,DiffSBDD,1afs-A-rec-1afs-tes-lig-tt-min-0-pocket10_1afs-A-rec-1afs-tes-lig-tt-min-0,10,10,1.0,0.9,99.99999999999997,100.0,1.0,0.9,0.9,1.0,1.0,1.0
DiffSBDD,11,full_audit_gate_qedsa_fixed_budget,DiffSBDD,1afs-A-rec-1afs-tes-lig-tt-min-0-pocket10_1afs-A-rec-1afs-tes-lig-tt-min-0,10,10,1.0,1.0,0.0,0.0,1.0,1.0,1.0,1.0,1.0,1.0
DiffSBDD,11,full_audit_gate_qedsa_no_backfill,DiffSBDD,1afs-A-rec-1afs-tes-lig-tt-min-0-pocket10_1afs-A-rec-1afs-tes-lig-tt-min-0,10,10,1.0,1.0,0.0,0.0,1.0,1.0,1.0,1.0,1.0,1.0
DiffSBDD,11,audit_failure_count_qedsa,DiffSBDD,1afs-A-rec-1afs-tes-lig-tt-min-0-pocket10_1afs-A-rec-1afs-tes-lig-tt-min-0,10,10,1.0,1.0,0.0,0.0,1.0,1.0,1.0,1.0,1.0,1.0
DiffSBDD,11,phys_logreg_full,DiffSBDD,1afs-A-rec-1afs-tes-lig-tt-min-0-pocket10_1afs-A-rec-1afs-tes-lig-tt-min-0,10,10,1.0,1.0,0.0,0.0,1.0,1.0,1.0,1.0,1.0,1.0
DiffSBDD,11,phys_hgb_full,DiffSBDD,1afs-A-rec-1afs-tes-lig-tt-min-0-pocket10_1afs-A-rec-1afs-tes-lig-tt-min-0,10,10,1.0,1.0,0.0,0.0,1.0,1.0,1.0,1.0,1.0,1.0
DiffSBDD,11,phys_rf_direct_excluded,DiffSBDD,1afs-A-rec-1afs-tes-lig-tt-min-0-pocket10_1afs-A-rec-1afs-tes-lig-tt-min-0,10,10,1.0,1.0,0.0,0.0,1.0,1.0,1.0,1.0,1.0,1.0
DiffSBDD,11,phys_rf_full,DiffSBDD,1afs-A-rec-1afs-tes-lig-tt-min-0-pocket10_1afs-A-rec-1afs-tes-lig-tt-min-0,10,10,1.0,1.0,0.0,0.0,1.0,1.0,1.0,1.0,1.0,1.0
DiffSBDD,11,qed_sa,DiffSBDD,1rs9-A-rec-1dmk-itu-lig-tt-min-0-pocket10_1rs9-A-rec-1dmk-itu-lig-tt-min-0,10,10,1.0,0.9,99.99999999999997,100.0,0.9,1.0,1.0,1.0,1.0,1.0
DiffSBDD,11,contact_clash_rule,DiffSBDD,1rs9-A-rec-1dmk-itu-lig-tt-min-0-pocket10_1rs9-A-rec-1dmk-itu-lig-tt-min-0,10,10,1.0,0.9,99.99999999999997,100.0,0.9,1.0,1.0,1.0,1.0,1.0
DiffSBDD,11,full_audit_gate_qedsa_fixed_budget,DiffSBDD,1rs9-A-rec-1dmk-itu-lig-tt-min-0-pocket10_1rs9-A-rec-1dmk-itu-lig-tt-min-0,10,10,1.0,0.9,99.99999999999997,100.0,0.9,1.0,1.0,1.0,1.0,1.0
DiffSBDD,11,full_audit_gate_qedsa_no_backfill,DiffSBDD,1rs9-A-rec-1dmk-itu-lig-tt-min-0-pocket10_1rs9-A-rec-1dmk-itu-lig-tt-min-0,10,10,1.0,0.9,99.99999999999997,100.0,0.9,1.0,1.0,1.0,1.0,1.0
DiffSBDD,11,audit_failure_count_qedsa,DiffSBDD,1rs9-A-rec-1dmk-itu-lig-tt-min-0-pocket10_1rs9-A-rec-1dmk-itu-lig-tt-min-0,10,10,1.0,0.9,99.99999999999997,100.0,0.9,1.0,1.0,1.0,1.0,1.0
DiffSBDD,11,phys_logreg_full,DiffSBDD,1rs9-A-rec-1dmk-itu-lig-tt-min-0-pocket10_1rs9-A-rec-1dmk-itu-lig-tt-min-0,10,10,1.0,1.0,0.0,0.0,1.0,1.0,1.0,1.0,1.0,1.0
DiffSBDD,11,phys_hgb_full,DiffSBDD,1rs9-A-rec-1dmk-itu-lig-tt-min-0-pocket10_1rs9-A-rec-1dmk-itu-lig-tt-min-0,10,10,1.0,1.0,0.0,0.0,1.0,1.0,1.0,1.0,1.0,1.0
DiffSBDD,11,phys_rf_direct_excluded,DiffSBDD,1rs9-A-rec-1dmk-itu-lig-tt-min-0-pocket10_1rs9-A-rec-1dmk-itu-lig-tt-min-0,10,10,1.0,0.9,99.99999999999997,100.0,1.0,0.9,0.9,1.0,1.0,1.0
DiffSBDD,11,phys_rf_full,DiffSBDD,1rs9-A-rec-1dmk-itu-lig-tt-min-0-pocket10_1rs9-A-rec-1dmk-itu-lig-tt-min-0,10,10,1.0,0.8,199.99999999999994,200.0,1.0,0.8,0.8,1.0,1.0,1.0
DiffSBDD,11,qed_sa,DiffSBDD,2pc8-A-rec-1eqc-cts-lig-tt-docked-6-pocket10_2pc8-A-rec-1eqc-cts-lig-tt-docked-6,10,10,1.0,0.8,199.99999999999994,200.0,0.9,0.8888888888888888,1.0,0.8888888888888888,0.8888888888888888,1.0
DiffSBDD,11,contact_clash_rule,DiffSBDD,2pc8-A-rec-1eqc-cts-lig-tt-docked-6-pocket10_2pc8-A-rec-1eqc-cts-lig-tt-docked-6,10,10,1.0,0.8,199.99999999999994,200.0,1.0,0.8,1.0,0.8,0.9,1.0
DiffSBDD,11,full_audit_gate_qedsa_fixed_budget,DiffSBDD,2pc8-A-rec-1eqc-cts-lig-tt-docked-6-pocket10_2pc8-A-rec-1eqc-cts-lig-tt-docked-6,10,10,1.0,0.9,99.99999999999997,100.0,1.0,0.9,1.0,0.9,0.9,1.0
DiffSBDD,11,full_audit_gate_qedsa_no_backfill,DiffSBDD,2pc8-A-rec-1eqc-cts-lig-tt-docked-6-pocket10_2pc8-A-rec-1eqc-cts-lig-tt-docked-6,10,10,1.0,0.9,99.99999999999997,100.0,1.0,0.9,1.0,0.9,0.9,1.0
DiffSBDD,11,audit_failure_count_qedsa,DiffSBDD,2pc8-A-rec-1eqc-cts-lig-tt-docked-6-pocket10_2pc8-A-rec-1eqc-cts-lig-tt-docked-6,10,10,1.0,0.9,99.99999999999997,100.0,1.0,0.9,1.0,0.9,0.9,1.0
DiffSBDD,11,phys_logreg_full,DiffSBDD,2pc8-A-rec-1eqc-cts-lig-tt-docked-6-pocket10_2pc8-A-rec-1eqc-cts-lig-tt-docked-6,10,10,1.0,0.9,99.99999999999997,100.0,1.0,0.9,1.0,0.9,1.0,1.0
DiffSBDD,11,phys_hgb_full,DiffSBDD,2pc8-A-rec-1eqc-cts-lig-tt-docked-6-pocket10_2pc8-A-rec-1eqc-cts-lig-tt-docked-6,10,10,1.0,0.8,199.99999999999994,200.0,1.0,0.8,0.9,0.9,1.0,1.0
DiffSBDD,11,phys_rf_direct_excluded,DiffSBDD,2pc8-A-rec-1eqc-cts-lig-tt-docked-6-pocket10_2pc8-A-rec-1eqc-cts-lig-tt-docked-6,10,10,1.0,1.0,0.0,0.0,1.0,1.0,1.0,1.0,1.0,1.0
DiffSBDD,11,phys_rf_full,DiffSBDD,2pc8-A-rec-1eqc-cts-lig-tt-docked-6-pocket10_2pc8-A-rec-1eqc-cts-lig-tt-docked-6,10,10,1.0,0.9,99.99999999999997,100.0,1.0,0.9,0.9,1.0,1.0,1.0
DiffSBDD,11,qed_sa,DiffSBDD,1k9t-A-rec-2wlz-dio-lig-tt-min-0-pocket10_1k9t-A-rec-2wlz-dio-lig-tt-min-0,10,10,1.0,0.7,300.00000000000006,300.0,1.0,0.7,1.0,0.7,0.7,1.0
DiffSBDD,11,contact_clash_rule,DiffSBDD,1k9t-A-rec-2wlz-dio-lig-tt-min-0-pocket10_1k9t-A-rec-2wlz-dio-lig-tt-min-0,10,10,1.0,0.8,199.99999999999994,200.0,0.9,0.8888888888888888,1.0,0.8888888888888888,0.8888888888888888,1.0
DiffSBDD,11,full_audit_gate_qedsa_fixed_budget,DiffSBDD,1k9t-A-rec-2wlz-dio-lig-tt-min-0-pocket10_1k9t-A-rec-2wlz-dio-lig-tt-min-0,10,10,1.0,0.9,99.99999999999997,100.0,1.0,0.9,1.0,0.9,0.9,1.0
DiffSBDD,11,full_audit_gate_qedsa_no_backfill,DiffSBDD,1k9t-A-rec-2wlz-dio-lig-tt-min-0-pocket10_1k9t-A-rec-2wlz-dio-lig-tt-min-0,10,10,1.0,0.9,99.99999999999997,100.0,1.0,0.9,1.0,0.9,0.9,1.0
DiffSBDD,11,audit_failure_count_qedsa,DiffSBDD,1k9t-A-rec-2wlz-dio-lig-tt-min-0-pocket10_1k9t-A-rec-2wlz-dio-lig-tt-min-0,10,10,1.0,0.9,99.99999999999997,100.0,1.0,0.9,1.0,0.9,0.9,1.0
DiffSBDD,11,phys_logreg_full,DiffSBDD,1k9t-A-rec-2wlz-dio-lig-tt-min-0-pocket10_1k9t-A-rec-2wlz-dio-lig-tt-min-0,10,10,1.0,1.0,0.0,0.0,1.0,1.0,1.0,1.0,1.0,1.0
DiffSBDD,11,phys_hgb_full,DiffSBDD,1k9t-A-rec-2wlz-dio-lig-tt-min-0-pocket10_1k9t-A-rec-2wlz-dio-lig-tt-min-0,10,10,1.0,1.0,0.0,0.0,1.0,1.0,1.0,1.0,1.0,1.0
DiffSBDD,11,phys_rf_direct_excluded,DiffSBDD,1k9t-A-rec-2wlz-dio-lig-tt-min-0-pocket10_1k9t-A-rec-2wlz-dio-lig-tt-min-0,10,10,1.0,1.0,0.0,0.0,1.0,1.0,1.0,1.0,1.0,1.0
DiffSBDD,11,phys_rf_full,DiffSBDD,1k9t-A-rec-2wlz-dio-lig-tt-min-0-pocket10_1k9t-A-rec-2wlz-dio-lig-tt-min-0,10,10,1.0,1.0,0.0,0.0,1.0,1.0,1.0,1.0,1.0,1.0
DiffSBDD,11,qed_sa,DiffSBDD,1gg5-A-rec-1kbo-340-lig-tt-min-0-pocket10_1gg5-A-rec-1kbo-340-lig-tt-min-0,10,10,1.0,1.0,0.0,0.0,1.0,1.0,1.0,1.0,1.0,1.0
DiffSBDD,11,contact_clash_rule,DiffSBDD,1gg5-A-rec-1kbo-340-lig-tt-min-0-pocket10_1gg5-A-rec-1kbo-340-lig-tt-min-0,10,10,1.0,0.9,99.99999999999997,100.0,0.9,1.0,1.0,1.0,1.0,1.0
DiffSBDD,11,full_audit_gate_qedsa_fixed_budget,DiffSBDD,1gg5-A-rec-1kbo-340-lig-tt-min-0-pocket10_1gg5-A-rec-1kbo-340-lig-tt-min-0,10,10,1.0,1.0,0.0,0.0,1.0,1.0,1.0,1.0,1.0,1.0
DiffSBDD,11,full_audit_gate_qedsa_no_backfill,DiffSBDD,1gg5-A-rec-1kbo-340-lig-tt-min-0-pocket10_1gg5-A-rec-1kbo-340-lig-tt-min-0,10,10,1.0,1.0,0.0,0.0,1.0,1.0,1.0,1.0,1.0,1.0
DiffSBDD,11,audit_failure_count_qedsa,DiffSBDD,1gg5-A-rec-1kbo-340-lig-tt-min-0-pocket10_1gg5-A-rec-1kbo-340-lig-tt-min-0,10,10,1.0,1.0,0.0,0.0,1.0,1.0,1.0,1.0,1.0,1.0
DiffSBDD,11,phys_logreg_full,DiffSBDD,1gg5-A-rec-1kbo-340-lig-tt-min-0-pocket10_1gg5-A-rec-1kbo-340-lig-tt-min-0,10,10,1.0,0.8,199.99999999999994,200.0,1.0,0.8,0.8,1.0,1.0,1.0
DiffSBDD,11,phys_hgb_full,DiffSBDD,1gg5-A-rec-1kbo-340-lig-tt-min-0-pocket10_1gg5-A-rec-1kbo-340-lig-tt-min-0,10,10,1.0,1.0,0.0,0.0,1.0,1.0,1.0,1.0,1.0,1.0
DiffSBDD,11,phys_rf_direct_excluded,DiffSBDD,1gg5-A-rec-1kbo-340-lig-tt-min-0-pocket10_1gg5-A-rec-1kbo-340-lig-tt-min-0,10,10,1.0,1.0,0.0,0.0,1.0,1.0,1.0,1.0,1.0,1.0
DiffSBDD,11,phys_rf_full,DiffSBDD,1gg5-A-rec-1kbo-340-lig-tt-min-0-pocket10_1gg5-A-rec-1kbo-340-lig-tt-min-0,10,10,1.0,0.9,99.99999999999997,100.0,1.0,0.9,0.9,1.0,1.0,1.0
DiffSBDD,11,qed_sa,DiffSBDD,1h0i-A-rec-1e6z-ngo-lig-it2-tt-docked-15-pocket10_1h0i-A-rec-1e6z-ngo-lig-it2-tt-docked-15,10,10,1.0,0.7,300.00000000000006,300.0,0.9,0.7777777777777778,1.0,0.7777777777777778,0.7777777777777778,1.0
DiffSBDD,11,contact_clash_rule,DiffSBDD,1h0i-A-rec-1e6z-ngo-lig-it2-tt-docked-15-pocket10_1h0i-A-rec-1e6z-ngo-lig-it2-tt-docked-15,10,10,1.0,0.7,300.00000000000006,300.0,0.9,0.7777777777777778,1.0,0.7777777777777778,0.7777777777777778,1.0
DiffSBDD,11,full_audit_gate_qedsa_fixed_budget,DiffSBDD,1h0i-A-rec-1e6z-ngo-lig-it2-tt-docked-15-pocket10_1h0i-A-rec-1e6z-ngo-lig-it2-tt-docked-15,10,10,1.0,0.7,300.00000000000006,300.0,0.9,0.7777777777777778,1.0,0.7777777777777778,0.7777777777777778,1.0
DiffSBDD,11,full_audit_gate_qedsa_no_backfill,DiffSBDD,1h0i-A-rec-1e6z-ngo-lig-it2-tt-docked-15-pocket10_1h0i-A-rec-1e6z-ngo-lig-it2-tt-docked-15,10,10,1.0,0.7,300.00000000000006,300.0,0.9,0.7777777777777778,1.0,0.7777777777777778,0.7777777777777778,1.0
DiffSBDD,11,audit_failure_count_qedsa,DiffSBDD,1h0i-A-rec-1e6z-ngo-lig-it2-tt-docked-15-pocket10_1h0i-A-rec-1e6z-ngo-lig-it2-tt-docked-15,10,10,1.0,0.7,300.00000000000006,300.0,0.9,0.7777777777777778,1.0,0.7777777777777778,0.7777777777777778,1.0
DiffSBDD,11,phys_logreg_full,DiffSBDD,1h0i-A-rec-1e6z-ngo-lig-it2-tt-docked-15-pocket10_1h0i-A-rec-1e6z-ngo-lig-it2-tt-docked-15,10,10,1.0,1.0,0.0,0.0,1.0,1.0,1.0,1.0,1.0,1.0
DiffSBDD,11,phys_hgb_full,DiffSBDD,1h0i-A-rec-1e6z-ngo-lig-it2-tt-docked-15-pocket10_1h0i-A-rec-1e6z-ngo-lig-it2-tt-docked-15,10,10,1.0,1.0,0.0,0.0,1.0,1.0,1.0,1.0,1.0,1.0
DiffSBDD,11,phys_rf_direct_excluded,DiffSBDD,1h0i-A-rec-1e6z-ngo-lig-it2-tt-docked-15-pocket10_1h0i-A-rec-1e6z-ngo-lig-it2-tt-docked-15,10,10,1.0,1.0,0.0,0.0,1.0,1.0,1.0,1.0,1.0,1.0
DiffSBDD,11,phys_rf_full,DiffSBDD,1h0i-A-rec-1e6z-ngo-lig-it2-tt-docked-15-pocket10_1h0i-A-rec-1e6z-ngo-lig-it2-tt-docked-15,10,10,1.0,1.0,0.0,0.0,1.0,1.0,1.0,1.0,1.0,1.0
DiffSBDD,11,qed_sa,DiffSBDD,1ai4-A-rec-1ai5-mnp-lig-tt-docked-0-pocket10_1ai4-A-rec-1ai5-mnp-lig-tt-docked-0,10,10,1.0,1.0,0.0,0.0,1.0,1.0,1.0,1.0,1.0,1.0
DiffSBDD,11,contact_clash_rule,DiffSBDD,1ai4-A-rec-1ai5-mnp-lig-tt-docked-0-pocket10_1ai4-A-rec-1ai5-mnp-lig-tt-docked-0,10,10,1.0,1.0,0.0,0.0,1.0,1.0,1.0,1.0,1.0,1.0
DiffSBDD,11,full_audit_gate_qedsa_fixed_budget,DiffSBDD,1ai4-A-rec-1ai5-mnp-lig-tt-docked-0-pocket10_1ai4-A-rec-1ai5-mnp-lig-tt-docked-0,10,10,1.0,1.0,0.0,0.0,1.0,1.0,1.0,1.0,1.0,1.0
DiffSBDD,11,full_audit_gate_qedsa_no_backfill,DiffSBDD,1ai4-A-rec-1ai5-mnp-lig-tt-docked-0-pocket10_1ai4-A-rec-1ai5-mnp-lig-tt-docked-0,10,10,1.0,1.0,0.0,0.0,1.0,1.0,1.0,1.0,1.0,1.0
DiffSBDD,11,audit_failure_count_qedsa,DiffSBDD,1ai4-A-rec-1ai5-mnp-lig-tt-docked-0-pocket10_1ai4-A-rec-1ai5-mnp-lig-tt-docked-0,10,10,1.0,1.0,0.0,0.0,1.0,1.0,1.0,1.0,1.0,1.0
DiffSBDD,11,phys_logreg_full,DiffSBDD,1ai4-A-rec-1ai5-mnp-lig-tt-docked-0-pocket10_1ai4-A-rec-1ai5-mnp-lig-tt-docked-0,10,10,1.0,1.0,0.0,0.0,1.0,1.0,1.0,1.0,1.0,1.0
DiffSBDD,11,phys_hgb_full,DiffSBDD,1ai4-A-rec-1ai5-mnp-lig-tt-docked-0-pocket10_1ai4-A-rec-1ai5-mnp-lig-tt-docked-0,10,10,1.0,0.9,99.99999999999997,100.0,0.9,1.0,1.0,1.0,1.0,1.0
DiffSBDD,11,phys_rf_direct_excluded,DiffSBDD,1ai4-A-rec-1ai5-mnp-lig-tt-docked-0-pocket10_1ai4-A-rec-1ai5-mnp-lig-tt-docked-0,10,10,1.0,0.9,99.99999999999997,100.0,1.0,0.9,0.9,1.0,1.0,1.0
DiffSBDD,11,phys_rf_full,DiffSBDD,1ai4-A-rec-1ai5-mnp-lig-tt-docked-0-pocket10_1ai4-A-rec-1ai5-mnp-lig-tt-docked-0,10,10,1.0,0.9,99.99999999999997,100.0,1.0,0.9,0.9,1.0,1.0,1.0
DiffSBDD,11,qed_sa,DiffSBDD,1djy-A-rec-1djz-ip2-lig-tt-min-0-pocket10_1djy-A-rec-1djz-ip2-lig-tt-min-0,10,10,1.0,0.7,300.00000000000006,300.0,0.9,0.7777777777777778,0.8888888888888888,0.8888888888888888,0.8888888888888888,1.0
DiffSBDD,11,contact_clash_rule,DiffSBDD,1djy-A-rec-1djz-ip2-lig-tt-min-0-pocket10_1djy-A-rec-1djz-ip2-lig-tt-min-0,10,10,1.0,0.8,199.99999999999994,200.0,0.9,0.8888888888888888,1.0,0.8888888888888888,0.8888888888888888,1.0
DiffSBDD,11,full_audit_gate_qedsa_fixed_budget,DiffSBDD,1djy-A-rec-1djz-ip2-lig-tt-min-0-pocket10_1djy-A-rec-1djz-ip2-lig-tt-min-0,10,10,1.0,0.7,300.00000000000006,300.0,0.9,0.7777777777777778,0.8888888888888888,0.8888888888888888,0.8888888888888888,1.0
DiffSBDD,11,full_audit_gate_qedsa_no_backfill,DiffSBDD,1djy-A-rec-1djz-ip2-lig-tt-min-0-pocket10_1djy-A-rec-1djz-ip2-lig-tt-min-0,10,10,1.0,0.7,300.00000000000006,300.0,0.9,0.7777777777777778,0.8888888888888888,0.8888888888888888,0.8888888888888888,1.0
DiffSBDD,11,audit_failure_count_qedsa,DiffSBDD,1djy-A-rec-1djz-ip2-lig-tt-min-0-pocket10_1djy-A-rec-1djz-ip2-lig-tt-min-0,10,10,1.0,0.7,300.00000000000006,300.0,0.9,0.7777777777777778,0.8888888888888888,0.8888888888888888,0.8888888888888888,1.0
DiffSBDD,11,phys_logreg_full,DiffSBDD,1djy-A-rec-1djz-ip2-lig-tt-min-0-pocket10_1djy-A-rec-1djz-ip2-lig-tt-min-0,10,10,1.0,0.9,99.99999999999997,100.0,1.0,0.9,1.0,1.0,0.9,1.0
DiffSBDD,11,phys_hgb_full,DiffSBDD,1djy-A-rec-1djz-ip2-lig-tt-min-0-pocket10_1djy-A-rec-1djz-ip2-lig-tt-min-0,10,10,1.0,1.0,0.0,0.0,1.0,1.0,1.0,1.0,1.0,1.0
DiffSBDD,11,phys_rf_direct_excluded,DiffSBDD,1djy-A-rec-1djz-ip2-lig-tt-min-0-pocket10_1djy-A-rec-1djz-ip2-lig-tt-min-0,10,10,1.0,1.0,0.0,0.0,1.0,1.0,1.0,1.0,1.0,1.0
DiffSBDD,11,phys_rf_full,DiffSBDD,1djy-A-rec-1djz-ip2-lig-tt-min-0-pocket10_1djy-A-rec-1djz-ip2-lig-tt-min-0,10,10,1.0,1.0,0.0,0.0,1.0,1.0,1.0,1.0,1.0,1.0
DiffSBDD,11,qed_sa,DiffSBDD,1coy-A-rec-1coy-and-lig-tt-docked-0-pocket10_1coy-A-rec-1coy-and-lig-tt-docked-0,10,10,1.0,0.8,199.99999999999994,200.0,0.8,1.0,1.0,1.0,1.0,1.0
DiffSBDD,11,contact_clash_rule,DiffSBDD,1coy-A-rec-1coy-and-lig-tt-docked-0-pocket10_1coy-A-rec-1coy-and-lig-tt-docked-0,10,10,1.0,0.8,199.99999999999994,200.0,0.8,1.0,1.0,1.0,1.0,1.0
DiffSBDD,11,full_audit_gate_qedsa_fixed_budget,DiffSBDD,1coy-A-rec-1coy-and-lig-tt-docked-0-pocket10_1coy-A-rec-1coy-and-lig-tt-docked-0,10,10,1.0,0.8,199.99999999999994,200.0,0.8,1.0,1.0,1.0,1.0,1.0
DiffSBDD,11,full_audit_gate_qedsa_no_backfill,DiffSBDD,1coy-A-rec-1coy-and-lig-tt-docked-0-pocket10_1coy-A-rec-1coy-and-lig-tt-docked-0,10,10,1.0,0.8,199.99999999999994,200.0,0.8,1.0,1.0,1.0,1.0,1.0
DiffSBDD,11,audit_failure_count_qedsa,DiffSBDD,1coy-A-rec-1coy-and-lig-tt-docked-0-pocket10_1coy-A-rec-1coy-and-lig-tt-docked-0,10,10,1.0,0.8,199.99999999999994,200.0,0.8,1.0,1.0,1.0,1.0,1.0
DiffSBDD,11,phys_logreg_full,DiffSBDD,1coy-A-rec-1coy-and-lig-tt-docked-0-pocket10_1coy-A-rec-1coy-and-lig-tt-docked-0,10,10,1.0,1.0,0.0,0.0,1.0,1.0,1.0,1.0,1.0,1.0
DiffSBDD,11,phys_hgb_full,DiffSBDD,1coy-A-rec-1coy-and-lig-tt-docked-0-pocket10_1coy-A-rec-1coy-and-lig-tt-docked-0,10,10,1.0,0.8,199.99999999999994,200.0,1.0,0.8,1.0,0.8,0.9,1.0
DiffSBDD,11,phys_rf_direct_excluded,DiffSBDD,1coy-A-rec-1coy-and-lig-tt-docked-0-pocket10_1coy-A-rec-1coy-and-lig-tt-docked-0,10,10,1.0,0.9,99.99999999999997,100.0,1.0,0.9,1.0,0.9,0.9,1.0
DiffSBDD,11,phys_rf_full,DiffSBDD,1coy-A-rec-1coy-and-lig-tt-docked-0-pocket10_1coy-A-rec-1coy-and-lig-tt-docked-0,10,10,1.0,0.9,99.99999999999997,100.0,1.0,0.9,1.0,0.9,0.9,1.0
DiffSBDD,11,qed_sa,DiffSBDD,2jjg-A-rec-2jjg-plp-lig-tt-min-0-pocket10_2jjg-A-rec-2jjg-plp-lig-tt-min-0,10,10,1.0,0.9,99.99999999999997,100.0,1.0,0.9,0.9,1.0,1.0,1.0
DiffSBDD,11,contact_clash_rule,DiffSBDD,2jjg-A-rec-2jjg-plp-lig-tt-min-0-pocket10_2jjg-A-rec-2jjg-plp-lig-tt-min-0,10,10,1.0,0.9,99.99999999999997,100.0,1.0,0.9,0.9,1.0,1.0,1.0
DiffSBDD,11,full_audit_gate_qedsa_fixed_budget,DiffSBDD,2jjg-A-rec-2jjg-plp-lig-tt-min-0-pocket10_2jjg-A-rec-2jjg-plp-lig-tt-min-0,10,10,1.0,0.9,99.99999999999997,100.0,1.0,0.9,0.9,1.0,1.0,1.0
DiffSBDD,11,full_audit_gate_qedsa_no_backfill,DiffSBDD,2jjg-A-rec-2jjg-plp-lig-tt-min-0-pocket10_2jjg-A-rec-2jjg-plp-lig-tt-min-0,10,10,1.0,0.9,99.99999999999997,100.0,1.0,0.9,0.9,1.0,1.0,1.0
DiffSBDD,11,audit_failure_count_qedsa,DiffSBDD,2jjg-A-rec-2jjg-plp-lig-tt-min-0-pocket10_2jjg-A-rec-2jjg-plp-lig-tt-min-0,10,10,1.0,0.9,99.99999999999997,100.0,1.0,0.9,0.9,1.0,1.0,1.0
DiffSBDD,11,phys_logreg_full,DiffSBDD,2jjg-A-rec-2jjg-plp-lig-tt-min-0-pocket10_2jjg-A-rec-2jjg-plp-lig-tt-min-0,10,10,1.0,1.0,0.0,0.0,1.0,1.0,1.0,1.0,1.0,1.0
DiffSBDD,11,phys_hgb_full,DiffSBDD,2jjg-A-rec-2jjg-plp-lig-tt-min-0-pocket10_2jjg-A-rec-2jjg-plp-lig-tt-min-0,10,10,1.0,1.0,0.0,0.0,1.0,1.0,1.0,1.0,1.0,1.0
DiffSBDD,11,phys_rf_direct_excluded,DiffSBDD,2jjg-A-rec-2jjg-plp-lig-tt-min-0-pocket10_2jjg-A-rec-2jjg-plp-lig-tt-min-0,10,10,1.0,1.0,0.0,0.0,1.0,1.0,1.0,1.0,1.0,1.0
DiffSBDD,11,phys_rf_full,DiffSBDD,2jjg-A-rec-2jjg-plp-lig-tt-min-0-pocket10_2jjg-A-rec-2jjg-plp-lig-tt-min-0,10,10,1.0,1.0,0.0,0.0,1.0,1.0,1.0,1.0,1.0,1.0
DiffSBDD,11,qed_sa,DiffSBDD,1r1h-A-rec-1r1h-bir-lig-tt-docked-1-pocket10_1r1h-A-rec-1r1h-bir-lig-tt-docked-1,10,10,1.0,0.8,199.99999999999994,200.0,0.9,0.8888888888888888,0.8888888888888888,1.0,1.0,1.0
DiffSBDD,11,contact_clash_rule,DiffSBDD,1r1h-A-rec-1r1h-bir-lig-tt-docked-1-pocket10_1r1h-A-rec-1r1h-bir-lig-tt-docked-1,10,10,1.0,0.8,199.99999999999994,200.0,0.9,0.8888888888888888,0.8888888888888888,1.0,1.0,1.0
DiffSBDD,11,full_audit_gate_qedsa_fixed_budget,DiffSBDD,1r1h-A-rec-1r1h-bir-lig-tt-docked-1-pocket10_1r1h-A-rec-1r1h-bir-lig-tt-docked-1,10,10,1.0,0.8,199.99999999999994,200.0,0.9,0.8888888888888888,0.8888888888888888,1.0,1.0,1.0
DiffSBDD,11,full_audit_gate_qedsa_no_backfill,DiffSBDD,1r1h-A-rec-1r1h-bir-lig-tt-docked-1-pocket10_1r1h-A-rec-1r1h-bir-lig-tt-docked-1,10,10,1.0,0.8,199.99999999999994,200.0,0.9,0.8888888888888888,0.8888888888888888,1.0,1.0,1.0
DiffSBDD,11,audit_failure_count_qedsa,DiffSBDD,1r1h-A-rec-1r1h-bir-lig-tt-docked-1-pocket10_1r1h-A-rec-1r1h-bir-lig-tt-docked-1,10,10,1.0,0.8,199.99999999999994,200.0,0.9,0.8888888888888888,0.8888888888888888,1.0,1.0,1.0
DiffSBDD,11,phys_logreg_full,DiffSBDD,1r1h-A-rec-1r1h-bir-lig-tt-docked-1-pocket10_1r1h-A-rec-1r1h-bir-lig-tt-docked-1,10,10,1.0,0.8,199.99999999999994,200.0,1.0,0.8,0.8,1.0,1.0,1.0
DiffSBDD,11,phys_hgb_full,DiffSBDD,1r1h-A-rec-1r1h-bir-lig-tt-docked-1-pocket10_1r1h-A-rec-1r1h-bir-lig-tt-docked-1,10,10,1.0,0.8,199.99999999999994,200.0,1.0,0.8,0.8,1.0,1.0,1.0
DiffSBDD,11,phys_rf_direct_excluded,DiffSBDD,1r1h-A-rec-1r1h-bir-lig-tt-docked-1-pocket10_1r1h-A-rec-1r1h-bir-lig-tt-docked-1,10,10,1.0,1.0,0.0,0.0,1.0,1.0,1.0,1.0,1.0,1.0
DiffSBDD,11,phys_rf_full,DiffSBDD,1r1h-A-rec-1r1h-bir-lig-tt-docked-1-pocket10_1r1h-A-rec-1r1h-bir-lig-tt-docked-1,10,10,1.0,0.9,99.99999999999997,100.0,1.0,0.9,0.9,1.0,1.0,1.0
DiffSBDD,11,qed_sa,DiffSBDD,1l3l-A-rec-1l3l-lae-lig-tt-min-0-pocket10_1l3l-A-rec-1l3l-lae-lig-tt-min-0,10,10,1.0,0.7,300.00000000000006,300.0,1.0,0.7,0.9,0.8,0.8,1.0
DiffSBDD,11,contact_clash_rule,DiffSBDD,1l3l-A-rec-1l3l-lae-lig-tt-min-0-pocket10_1l3l-A-rec-1l3l-lae-lig-tt-min-0,10,10,1.0,0.8,199.99999999999994,200.0,1.0,0.8,0.9,0.9,0.9,1.0
DiffSBDD,11,full_audit_gate_qedsa_fixed_budget,DiffSBDD,1l3l-A-rec-1l3l-lae-lig-tt-min-0-pocket10_1l3l-A-rec-1l3l-lae-lig-tt-min-0,10,10,1.0,0.8,199.99999999999994,200.0,1.0,0.8,0.9,0.9,0.9,1.0
DiffSBDD,11,full_audit_gate_qedsa_no_backfill,DiffSBDD,1l3l-A-rec-1l3l-lae-lig-tt-min-0-pocket10_1l3l-A-rec-1l3l-lae-lig-tt-min-0,10,10,1.0,0.8,199.99999999999994,200.0,1.0,0.8,0.9,0.9,0.9,1.0
DiffSBDD,11,audit_failure_count_qedsa,DiffSBDD,1l3l-A-rec-1l3l-lae-lig-tt-min-0-pocket10_1l3l-A-rec-1l3l-lae-lig-tt-min-0,10,10,1.0,0.8,199.99999999999994,200.0,1.0,0.8,0.9,0.9,0.9,1.0
DiffSBDD,11,phys_logreg_full,DiffSBDD,1l3l-A-rec-1l3l-lae-lig-tt-min-0-pocket10_1l3l-A-rec-1l3l-lae-lig-tt-min-0,10,10,1.0,0.9,99.99999999999997,100.0,1.0,0.9,0.9,1.0,1.0,1.0
DiffSBDD,11,phys_hgb_full,DiffSBDD,1l3l-A-rec-1l3l-lae-lig-tt-min-0-pocket10_1l3l-A-rec-1l3l-lae-lig-tt-min-0,10,10,1.0,0.9,99.99999999999997,100.0,1.0,0.9,1.0,0.9,0.9,1.0
DiffSBDD,11,phys_rf_direct_excluded,DiffSBDD,1l3l-A-rec-1l3l-lae-lig-tt-min-0-pocket10_1l3l-A-rec-1l3l-lae-lig-tt-min-0,10,10,1.0,0.9,99.99999999999997,100.0,1.0,0.9,1.0,0.9,0.9,1.0
DiffSBDD,11,phys_rf_full,DiffSBDD,1l3l-A-rec-1l3l-lae-lig-tt-min-0-pocket10_1l3l-A-rec-1l3l-lae-lig-tt-min-0,10,10,1.0,0.9,99.99999999999997,100.0,1.0,0.9,1.0,0.9,0.9,1.0
DiffSBDD,11,qed_sa,DiffSBDD,1phk-A-rec-1phk-atp-lig-tt-min-0-pocket10_1phk-A-rec-1phk-atp-lig-tt-min-0,10,10,1.0,1.0,0.0,0.0,1.0,1.0,1.0,1.0,1.0,1.0
DiffSBDD,11,contact_clash_rule,DiffSBDD,1phk-A-rec-1phk-atp-lig-tt-min-0-pocket10_1phk-A-rec-1phk-atp-lig-tt-min-0,10,10,1.0,1.0,0.0,0.0,1.0,1.0,1.0,1.0,1.0,1.0
DiffSBDD,11,full_audit_gate_qedsa_fixed_budget,DiffSBDD,1phk-A-rec-1phk-atp-lig-tt-min-0-pocket10_1phk-A-rec-1phk-atp-lig-tt-min-0,10,10,1.0,1.0,0.0,0.0,1.0,1.0,1.0,1.0,1.0,1.0
DiffSBDD,11,full_audit_gate_qedsa_no_backfill,DiffSBDD,1phk-A-rec-1phk-atp-lig-tt-min-0-pocket10_1phk-A-rec-1phk-atp-lig-tt-min-0,10,10,1.0,1.0,0.0,0.0,1.0,1.0,1.0,1.0,1.0,1.0
DiffSBDD,11,audit_failure_count_qedsa,DiffSBDD,1phk-A-rec-1phk-atp-lig-tt-min-0-pocket10_1phk-A-rec-1phk-atp-lig-tt-min-0,10,10,1.0,1.0,0.0,0.0,1.0,1.0,1.0,1.0,1.0,1.0
DiffSBDD,11,phys_logreg_full,DiffSBDD,1phk-A-rec-1phk-atp-lig-tt-min-0-pocket10_1phk-A-rec-1phk-atp-lig-tt-min-0,10,10,1.0,0.9,99.99999999999997,100.0,1.0,0.9,0.9,1.0,1.0,1.0
DiffSBDD,11,phys_hgb_full,DiffSBDD,1phk-A-rec-1phk-atp-lig-tt-min-0-pocket10_1phk-A-rec-1phk-atp-lig-tt-min-0,10,10,1.0,1.0,0.0,0.0,1.0,1.0,1.0,1.0,1.0,1.0
DiffSBDD,11,phys_rf_direct_excluded,DiffSBDD,1phk-A-rec-1phk-atp-lig-tt-min-0-pocket10_1phk-A-rec-1phk-atp-lig-tt-min-0,10,10,1.0,1.0,0.0,0.0,1.0,1.0,1.0,1.0,1.0,1.0
DiffSBDD,11,phys_rf_full,DiffSBDD,1phk-A-rec-1phk-atp-lig-tt-min-0-pocket10_1phk-A-rec-1phk-atp-lig-tt-min-0,10,10,1.0,1.0,0.0,0.0,1.0,1.0,1.0,1.0,1.0,1.0
DiffSBDD,11,qed_sa,DiffSBDD,1umd-B-rec-1umb-tdp-lig-tt-docked-1-pocket10_1umd-B-rec-1umb-tdp-lig-tt-docked-1,10,10,1.0,0.8,199.99999999999994,200.0,0.9,0.8888888888888888,0.8888888888888888,1.0,1.0,1.0
DiffSBDD,11,contact_clash_rule,DiffSBDD,1umd-B-rec-1umb-tdp-lig-tt-docked-1-pocket10_1umd-B-rec-1umb-tdp-lig-tt-docked-1,10,10,1.0,0.8,199.99999999999994,200.0,0.9,0.8888888888888888,0.8888888888888888,1.0,1.0,1.0
DiffSBDD,11,full_audit_gate_qedsa_fixed_budget,DiffSBDD,1umd-B-rec-1umb-tdp-lig-tt-docked-1-pocket10_1umd-B-rec-1umb-tdp-lig-tt-docked-1,10,10,1.0,0.8,199.99999999999994,200.0,0.9,0.8888888888888888,0.8888888888888888,1.0,1.0,1.0
DiffSBDD,11,full_audit_gate_qedsa_no_backfill,DiffSBDD,1umd-B-rec-1umb-tdp-lig-tt-docked-1-pocket10_1umd-B-rec-1umb-tdp-lig-tt-docked-1,10,10,1.0,0.8,199.99999999999994,200.0,0.9,0.8888888888888888,0.8888888888888888,1.0,1.0,1.0
DiffSBDD,11,audit_failure_count_qedsa,DiffSBDD,1umd-B-rec-1umb-tdp-lig-tt-docked-1-pocket10_1umd-B-rec-1umb-tdp-lig-tt-docked-1,10,10,1.0,0.8,199.99999999999994,200.0,0.9,0.8888888888888888,0.8888888888888888,1.0,1.0,1.0
DiffSBDD,11,phys_logreg_full,DiffSBDD,1umd-B-rec-1umb-tdp-lig-tt-docked-1-pocket10_1umd-B-rec-1umb-tdp-lig-tt-docked-1,10,10,1.0,1.0,0.0,0.0,1.0,1.0,1.0,1.0,1.0,1.0
DiffSBDD,11,phys_hgb_full,DiffSBDD,1umd-B-rec-1umb-tdp-lig-tt-docked-1-pocket10_1umd-B-rec-1umb-tdp-lig-tt-docked-1,10,10,1.0,0.9,99.99999999999997,100.0,0.9,1.0,1.0,1.0,1.0,1.0
DiffSBDD,11,phys_rf_direct_excluded,DiffSBDD,1umd-B-rec-1umb-tdp-lig-tt-docked-1-pocket10_1umd-B-rec-1umb-tdp-lig-tt-docked-1,10,10,1.0,1.0,0.0,0.0,1.0,1.0,1.0,1.0,1.0,1.0
DiffSBDD,11,phys_rf_full,DiffSBDD,1umd-B-rec-1umb-tdp-lig-tt-docked-1-pocket10_1umd-B-rec-1umb-tdp-lig-tt-docked-1,10,10,1.0,1.0,0.0,0.0,1.0,1.0,1.0,1.0,1.0,1.0
DiffSBDD,11,qed_sa,DiffSBDD,1fmc-B-rec-1fmc-cho-lig-tt-docked-1-pocket10_1fmc-B-rec-1fmc-cho-lig-tt-docked-1,10,10,1.0,0.9,99.99999999999997,100.0,1.0,0.9,1.0,1.0,0.9,1.0
DiffSBDD,11,contact_clash_rule,DiffSBDD,1fmc-B-rec-1fmc-cho-lig-tt-docked-1-pocket10_1fmc-B-rec-1fmc-cho-lig-tt-docked-1,10,10,1.0,1.0,0.0,0.0,1.0,1.0,1.0,1.0,1.0,1.0
DiffSBDD,11,full_audit_gate_qedsa_fixed_budget,DiffSBDD,1fmc-B-rec-1fmc-cho-lig-tt-docked-1-pocket10_1fmc-B-rec-1fmc-cho-lig-tt-docked-1,10,10,1.0,0.9,99.99999999999997,100.0,1.0,0.9,1.0,1.0,0.9,1.0
DiffSBDD,11,full_audit_gate_qedsa_no_backfill,DiffSBDD,1fmc-B-rec-1fmc-cho-lig-tt-docked-1-pocket10_1fmc-B-rec-1fmc-cho-lig-tt-docked-1,10,10,1.0,0.9,99.99999999999997,100.0,1.0,0.9,1.0,1.0,0.9,1.0
DiffSBDD,11,audit_failure_count_qedsa,DiffSBDD,1fmc-B-rec-1fmc-cho-lig-tt-docked-1-pocket10_1fmc-B-rec-1fmc-cho-lig-tt-docked-1,10,10,1.0,0.9,99.99999999999997,100.0,1.0,0.9,1.0,1.0,0.9,1.0
DiffSBDD,11,phys_logreg_full,DiffSBDD,1fmc-B-rec-1fmc-cho-lig-tt-docked-1-pocket10_1fmc-B-rec-1fmc-cho-lig-tt-docked-1,10,10,1.0,1.0,0.0,0.0,1.0,1.0,1.0,1.0,1.0,1.0
DiffSBDD,11,phys_hgb_full,DiffSBDD,1fmc-B-rec-1fmc-cho-lig-tt-docked-1-pocket10_1fmc-B-rec-1fmc-cho-lig-tt-docked-1,10,10,1.0,1.0,0.0,0.0,1.0,1.0,1.0,1.0,1.0,1.0
DiffSBDD,11,phys_rf_direct_excluded,DiffSBDD,1fmc-B-rec-1fmc-cho-lig-tt-docked-1-pocket10_1fmc-B-rec-1fmc-cho-lig-tt-docked-1,10,10,1.0,1.0,0.0,0.0,1.0,1.0,1.0,1.0,1.0,1.0
DiffSBDD,11,phys_rf_full,DiffSBDD,1fmc-B-rec-1fmc-cho-lig-tt-docked-1-pocket10_1fmc-B-rec-1fmc-cho-lig-tt-docked-1,10,10,1.0,1.0,0.0,0.0,1.0,1.0,1.0,1.0,1.0,1.0
DiffSBDD,11,qed_sa,DiffSBDD,1h36-A-rec-1o79-r23-lig-tt-docked-5-pocket10_1h36-A-rec-1o79-r23-lig-tt-docked-5,10,10,1.0,0.9,99.99999999999997,100.0,0.9,1.0,1.0,1.0,1.0,1.0
DiffSBDD,11,contact_clash_rule,DiffSBDD,1h36-A-rec-1o79-r23-lig-tt-docked-5-pocket10_1h36-A-rec-1o79-r23-lig-tt-docked-5,10,10,1.0,0.9,99.99999999999997,100.0,0.9,1.0,1.0,1.0,1.0,1.0
DiffSBDD,11,full_audit_gate_qedsa_fixed_budget,DiffSBDD,1h36-A-rec-1o79-r23-lig-tt-docked-5-pocket10_1h36-A-rec-1o79-r23-lig-tt-docked-5,10,10,1.0,0.9,99.99999999999997,100.0,0.9,1.0,1.0,1.0,1.0,1.0
DiffSBDD,11,full_audit_gate_qedsa_no_backfill,DiffSBDD,1h36-A-rec-1o79-r23-lig-tt-docked-5-pocket10_1h36-A-rec-1o79-r23-lig-tt-docked-5,10,10,1.0,0.9,99.99999999999997,100.0,0.9,1.0,1.0,1.0,1.0,1.0
DiffSBDD,11,audit_failure_count_qedsa,DiffSBDD,1h36-A-rec-1o79-r23-lig-tt-docked-5-pocket10_1h36-A-rec-1o79-r23-lig-tt-docked-5,10,10,1.0,0.9,99.99999999999997,100.0,0.9,1.0,1.0,1.0,1.0,1.0
DiffSBDD,11,phys_logreg_full,DiffSBDD,1h36-A-rec-1o79-r23-lig-tt-docked-5-pocket10_1h36-A-rec-1o79-r23-lig-tt-docked-5,10,10,1.0,1.0,0.0,0.0,1.0,1.0,1.0,1.0,1.0,1.0
DiffSBDD,11,phys_hgb_full,DiffSBDD,1h36-A-rec-1o79-r23-lig-tt-docked-5-pocket10_1h36-A-rec-1o79-r23-lig-tt-docked-5,10,10,1.0,0.9,99.99999999999997,100.0,0.9,1.0,1.0,1.0,1.0,1.0
DiffSBDD,11,phys_rf_direct_excluded,DiffSBDD,1h36-A-rec-1o79-r23-lig-tt-docked-5-pocket10_1h36-A-rec-1o79-r23-lig-tt-docked-5,10,10,1.0,1.0,0.0,0.0,1.0,1.0,1.0,1.0,1.0,1.0
DiffSBDD,11,phys_rf_full,DiffSBDD,1h36-A-rec-1o79-r23-lig-tt-docked-5-pocket10_1h36-A-rec-1o79-r23-lig-tt-docked-5,10,10,1.0,1.0,0.0,0.0,1.0,1.0,1.0,1.0,1.0,1.0
DiffSBDD,11,qed_sa,DiffSBDD,2rma-A-rec-3rdd-ea4-lig-tt-docked-0-pocket10_2rma-A-rec-3rdd-ea4-lig-tt-docked-0,10,10,1.0,0.8,199.99999999999994,200.0,1.0,0.8,0.9,0.9,0.9,1.0
DiffSBDD,11,contact_clash_rule,DiffSBDD,2rma-A-rec-3rdd-ea4-lig-tt-docked-0-pocket10_2rma-A-rec-3rdd-ea4-lig-tt-docked-0,10,10,1.0,0.8,199.99999999999994,200.0,1.0,0.8,0.8,1.0,1.0,1.0
DiffSBDD,11,full_audit_gate_qedsa_fixed_budget,DiffSBDD,2rma-A-rec-3rdd-ea4-lig-tt-docked-0-pocket10_2rma-A-rec-3rdd-ea4-lig-tt-docked-0,10,10,1.0,0.9,99.99999999999997,100.0,1.0,0.9,0.9,1.0,1.0,1.0
DiffSBDD,11,full_audit_gate_qedsa_no_backfill,DiffSBDD,2rma-A-rec-3rdd-ea4-lig-tt-docked-0-pocket10_2rma-A-rec-3rdd-ea4-lig-tt-docked-0,10,10,1.0,0.9,99.99999999999997,100.0,1.0,0.9,0.9,1.0,1.0,1.0
DiffSBDD,11,audit_failure_count_qedsa,DiffSBDD,2rma-A-rec-3rdd-ea4-lig-tt-docked-0-pocket10_2rma-A-rec-3rdd-ea4-lig-tt-docked-0,10,10,1.0,0.9,99.99999999999997,100.0,1.0,0.9,0.9,1.0,1.0,1.0
DiffSBDD,11,phys_logreg_full,DiffSBDD,2rma-A-rec-3rdd-ea4-lig-tt-docked-0-pocket10_2rma-A-rec-3rdd-ea4-lig-tt-docked-0,10,10,1.0,1.0,0.0,0.0,1.0,1.0,1.0,1.0,1.0,1.0
DiffSBDD,11,phys_hgb_full,DiffSBDD,2rma-A-rec-3rdd-ea4-lig-tt-docked-0-pocket10_2rma-A-rec-3rdd-ea4-lig-tt-docked-0,10,10,1.0,1.0,0.0,0.0,1.0,1.0,1.0,1.0,1.0,1.0
DiffSBDD,11,phys_rf_direct_excluded,DiffSBDD,2rma-A-rec-3rdd-ea4-lig-tt-docked-0-pocket10_2rma-A-rec-3rdd-ea4-lig-tt-docked-0,10,10,1.0,1.0,0.0,0.0,1.0,1.0,1.0,1.0,1.0,1.0
DiffSBDD,11,phys_rf_full,DiffSBDD,2rma-A-rec-3rdd-ea4-lig-tt-docked-0-pocket10_2rma-A-rec-3rdd-ea4-lig-tt-docked-0,10,10,1.0,1.0,0.0,0.0,1.0,1.0,1.0,1.0,1.0,1.0
DiffSBDD,11,qed_sa,DiffSBDD,1e8h-A-rec-1e8h-adp-lig-tt-min-0-pocket10_1e8h-A-rec-1e8h-adp-lig-tt-min-0,10,10,1.0,1.0,0.0,0.0,1.0,1.0,1.0,1.0,1.0,1.0
DiffSBDD,11,contact_clash_rule,DiffSBDD,1e8h-A-rec-1e8h-adp-lig-tt-min-0-pocket10_1e8h-A-rec-1e8h-adp-lig-tt-min-0,10,10,1.0,1.0,0.0,0.0,1.0,1.0,1.0,1.0,1.0,1.0
DiffSBDD,11,full_audit_gate_qedsa_fixed_budget,DiffSBDD,1e8h-A-rec-1e8h-adp-lig-tt-min-0-pocket10_1e8h-A-rec-1e8h-adp-lig-tt-min-0,10,10,1.0,1.0,0.0,0.0,1.0,1.0,1.0,1.0,1.0,1.0
DiffSBDD,11,full_audit_gate_qedsa_no_backfill,DiffSBDD,1e8h-A-rec-1e8h-adp-lig-tt-min-0-pocket10_1e8h-A-rec-1e8h-adp-lig-tt-min-0,10,10,1.0,1.0,0.0,0.0,1.0,1.0,1.0,1.0,1.0,1.0
DiffSBDD,11,audit_failure_count_qedsa,DiffSBDD,1e8h-A-rec-1e8h-adp-lig-tt-min-0-pocket10_1e8h-A-rec-1e8h-adp-lig-tt-min-0,10,10,1.0,1.0,0.0,0.0,1.0,1.0,1.0,1.0,1.0,1.0
DiffSBDD,11,phys_logreg_full,DiffSBDD,1e8h-A-rec-1e8h-adp-lig-tt-min-0-pocket10_1e8h-A-rec-1e8h-adp-lig-tt-min-0,10,10,1.0,0.9,99.99999999999997,100.0,1.0,0.9,0.9,1.0,1.0,1.0
DiffSBDD,11,phys_hgb_full,DiffSBDD,1e8h-A-rec-1e8h-adp-lig-tt-min-0-pocket10_1e8h-A-rec-1e8h-adp-lig-tt-min-0,10,10,1.0,0.8,199.99999999999994,200.0,1.0,0.8,0.9,1.0,0.9,1.0
DiffSBDD,11,phys_rf_direct_excluded,DiffSBDD,1e8h-A-rec-1e8h-adp-lig-tt-min-0-pocket10_1e8h-A-rec-1e8h-adp-lig-tt-min-0,10,10,1.0,0.9,99.99999999999997,100.0,1.0,0.9,0.9,1.0,1.0,1.0
DiffSBDD,11,phys_rf_full,DiffSBDD,1e8h-A-rec-1e8h-adp-lig-tt-min-0-pocket10_1e8h-A-rec-1e8h-adp-lig-tt-min-0,10,10,1.0,0.8,199.99999999999994,200.0,1.0,0.8,0.9,1.0,0.9,1.0
DiffSBDD,11,qed_sa,DiffSBDD,2v3r-A-rec-1dy4-snp-lig-tt-docked-1-pocket10_2v3r-A-rec-1dy4-snp-lig-tt-docked-1,10,10,1.0,0.9,99.99999999999997,100.0,0.9,1.0,1.0,1.0,1.0,1.0
DiffSBDD,11,contact_clash_rule,DiffSBDD,2v3r-A-rec-1dy4-snp-lig-tt-docked-1-pocket10_2v3r-A-rec-1dy4-snp-lig-tt-docked-1,10,10,1.0,0.8,199.99999999999994,200.0,0.9,0.8888888888888888,0.8888888888888888,1.0,1.0,1.0
DiffSBDD,11,full_audit_gate_qedsa_fixed_budget,DiffSBDD,2v3r-A-rec-1dy4-snp-lig-tt-docked-1-pocket10_2v3r-A-rec-1dy4-snp-lig-tt-docked-1,10,10,1.0,0.9,99.99999999999997,100.0,0.9,1.0,1.0,1.0,1.0,1.0
DiffSBDD,11,full_audit_gate_qedsa_no_backfill,DiffSBDD,2v3r-A-rec-1dy4-snp-lig-tt-docked-1-pocket10_2v3r-A-rec-1dy4-snp-lig-tt-docked-1,10,10,1.0,0.9,99.99999999999997,100.0,0.9,1.0,1.0,1.0,1.0,1.0
DiffSBDD,11,audit_failure_count_qedsa,DiffSBDD,2v3r-A-rec-1dy4-snp-lig-tt-docked-1-pocket10_2v3r-A-rec-1dy4-snp-lig-tt-docked-1,10,10,1.0,0.9,99.99999999999997,100.0,0.9,1.0,1.0,1.0,1.0,1.0
DiffSBDD,11,phys_logreg_full,DiffSBDD,2v3r-A-rec-1dy4-snp-lig-tt-docked-1-pocket10_2v3r-A-rec-1dy4-snp-lig-tt-docked-1,10,10,1.0,1.0,0.0,0.0,1.0,1.0,1.0,1.0,1.0,1.0
DiffSBDD,11,phys_hgb_full,DiffSBDD,2v3r-A-rec-1dy4-snp-lig-tt-docked-1-pocket10_2v3r-A-rec-1dy4-snp-lig-tt-docked-1,10,10,1.0,0.9,99.99999999999997,100.0,1.0,0.9,0.9,1.0,1.0,1.0
DiffSBDD,11,phys_rf_direct_excluded,DiffSBDD,2v3r-A-rec-1dy4-snp-lig-tt-docked-1-pocket10_2v3r-A-rec-1dy4-snp-lig-tt-docked-1,10,10,1.0,1.0,0.0,0.0,1.0,1.0,1.0,1.0,1.0,1.0
DiffSBDD,11,phys_rf_full,DiffSBDD,2v3r-A-rec-1dy4-snp-lig-tt-docked-1-pocket10_2v3r-A-rec-1dy4-snp-lig-tt-docked-1,10,10,1.0,0.9,99.99999999999997,100.0,1.0,0.9,0.9,1.0,1.0,1.0
DiffSBDD,11,qed_sa,DiffSBDD,3chc-B-rec-3ch9-xrg-lig-tt-min-0-pocket10_3chc-B-rec-3ch9-xrg-lig-tt-min-0,10,10,1.0,1.0,0.0,0.0,1.0,1.0,1.0,1.0,1.0,1.0
DiffSBDD,11,contact_clash_rule,DiffSBDD,3chc-B-rec-3ch9-xrg-lig-tt-min-0-pocket10_3chc-B-rec-3ch9-xrg-lig-tt-min-0,10,10,1.0,0.9,99.99999999999997,100.0,1.0,0.9,0.9,1.0,0.9,1.0
DiffSBDD,11,full_audit_gate_qedsa_fixed_budget,DiffSBDD,3chc-B-rec-3ch9-xrg-lig-tt-min-0-pocket10_3chc-B-rec-3ch9-xrg-lig-tt-min-0,10,10,1.0,1.0,0.0,0.0,1.0,1.0,1.0,1.0,1.0,1.0
DiffSBDD,11,full_audit_gate_qedsa_no_backfill,DiffSBDD,3chc-B-rec-3ch9-xrg-lig-tt-min-0-pocket10_3chc-B-rec-3ch9-xrg-lig-tt-min-0,10,10,1.0,1.0,0.0,0.0,1.0,1.0,1.0,1.0,1.0,1.0
DiffSBDD,11,audit_failure_count_qedsa,DiffSBDD,3chc-B-rec-3ch9-xrg-lig-tt-min-0-pocket10_3chc-B-rec-3ch9-xrg-lig-tt-min-0,10,10,1.0,1.0,0.0,0.0,1.0,1.0,1.0,1.0,1.0,1.0
DiffSBDD,11,phys_logreg_full,DiffSBDD,3chc-B-rec-3ch9-xrg-lig-tt-min-0-pocket10_3chc-B-rec-3ch9-xrg-lig-tt-min-0,10,10,1.0,1.0,0.0,0.0,1.0,1.0,1.0,1.0,1.0,1.0
DiffSBDD,11,phys_hgb_full,DiffSBDD,3chc-B-rec-3ch9-xrg-lig-tt-min-0-pocket10_3chc-B-rec-3ch9-xrg-lig-tt-min-0,10,10,1.0,1.0,0.0,0.0,1.0,1.0,1.0,1.0,1.0,1.0
DiffSBDD,11,phys_rf_direct_excluded,DiffSBDD,3chc-B-rec-3ch9-xrg-lig-tt-min-0-pocket10_3chc-B-rec-3ch9-xrg-lig-tt-min-0,10,10,1.0,1.0,0.0,0.0,1.0,1.0,1.0,1.0,1.0,1.0
DiffSBDD,11,phys_rf_full,DiffSBDD,3chc-B-rec-3ch9-xrg-lig-tt-min-0-pocket10_3chc-B-rec-3ch9-xrg-lig-tt-min-0,10,10,1.0,1.0,0.0,0.0,1.0,1.0,1.0,1.0,1.0,1.0
DiffSBDD,11,qed_sa,DiffSBDD,2zen-A-rec-2afx-1bn-lig-tt-docked-7-pocket10_2zen-A-rec-2afx-1bn-lig-tt-docked-7,10,10,1.0,1.0,0.0,0.0,1.0,1.0,1.0,1.0,1.0,1.0
DiffSBDD,11,contact_clash_rule,DiffSBDD,2zen-A-rec-2afx-1bn-lig-tt-docked-7-pocket10_2zen-A-rec-2afx-1bn-lig-tt-docked-7,10,10,1.0,1.0,0.0,0.0,1.0,1.0,1.0,1.0,1.0,1.0
DiffSBDD,11,full_audit_gate_qedsa_fixed_budget,DiffSBDD,2zen-A-rec-2afx-1bn-lig-tt-docked-7-pocket10_2zen-A-rec-2afx-1bn-lig-tt-docked-7,10,10,1.0,1.0,0.0,0.0,1.0,1.0,1.0,1.0,1.0,1.0
DiffSBDD,11,full_audit_gate_qedsa_no_backfill,DiffSBDD,2zen-A-rec-2afx-1bn-lig-tt-docked-7-pocket10_2zen-A-rec-2afx-1bn-lig-tt-docked-7,10,10,1.0,1.0,0.0,0.0,1.0,1.0,1.0,1.0,1.0,1.0
DiffSBDD,11,audit_failure_count_qedsa,DiffSBDD,2zen-A-rec-2afx-1bn-lig-tt-docked-7-pocket10_2zen-A-rec-2afx-1bn-lig-tt-docked-7,10,10,1.0,1.0,0.0,0.0,1.0,1.0,1.0,1.0,1.0,1.0
DiffSBDD,11,phys_logreg_full,DiffSBDD,2zen-A-rec-2afx-1bn-lig-tt-docked-7-pocket10_2zen-A-rec-2afx-1bn-lig-tt-docked-7,10,10,1.0,1.0,0.0,0.0,1.0,1.0,1.0,1.0,1.0,1.0
DiffSBDD,11,phys_hgb_full,DiffSBDD,2zen-A-rec-2afx-1bn-lig-tt-docked-7-pocket10_2zen-A-rec-2afx-1bn-lig-tt-docked-7,10,10,1.0,1.0,0.0,0.0,1.0,1.0,1.0,1.0,1.0,1.0
DiffSBDD,11,phys_rf_direct_excluded,DiffSBDD,2zen-A-rec-2afx-1bn-lig-tt-docked-7-pocket10_2zen-A-rec-2afx-1bn-lig-tt-docked-7,10,10,1.0,1.0,0.0,0.0,1.0,1.0,1.0,1.0,1.0,1.0
DiffSBDD,11,phys_rf_full,DiffSBDD,2zen-A-rec-2afx-1bn-lig-tt-docked-7-pocket10_2zen-A-rec-2afx-1bn-lig-tt-docked-7,10,10,1.0,1.0,0.0,0.0,1.0,1.0,1.0,1.0,1.0,1.0
DiffSBDD,11,qed_sa,DiffSBDD,3ej8-A-rec-2nsi-itu-lig-tt-min-0-pocket10_3ej8-A-rec-2nsi-itu-lig-tt-min-0,10,10,1.0,1.0,0.0,0.0,1.0,1.0,1.0,1.0,1.0,1.0
DiffSBDD,11,contact_clash_rule,DiffSBDD,3ej8-A-rec-2nsi-itu-lig-tt-min-0-pocket10_3ej8-A-rec-2nsi-itu-lig-tt-min-0,10,10,1.0,1.0,0.0,0.0,1.0,1.0,1.0,1.0,1.0,1.0
DiffSBDD,11,full_audit_gate_qedsa_fixed_budget,DiffSBDD,3ej8-A-rec-2nsi-itu-lig-tt-min-0-pocket10_3ej8-A-rec-2nsi-itu-lig-tt-min-0,10,10,1.0,1.0,0.0,0.0,1.0,1.0,1.0,1.0,1.0,1.0
DiffSBDD,11,full_audit_gate_qedsa_no_backfill,DiffSBDD,3ej8-A-rec-2nsi-itu-lig-tt-min-0-pocket10_3ej8-A-rec-2nsi-itu-lig-tt-min-0,10,10,1.0,1.0,0.0,0.0,1.0,1.0,1.0,1.0,1.0,1.0
DiffSBDD,11,audit_failure_count_qedsa,DiffSBDD,3ej8-A-rec-2nsi-itu-lig-tt-min-0-pocket10_3ej8-A-rec-2nsi-itu-lig-tt-min-0,10,10,1.0,1.0,0.0,0.0,1.0,1.0,1.0,1.0,1.0,1.0
DiffSBDD,11,phys_logreg_full,DiffSBDD,3ej8-A-rec-2nsi-itu-lig-tt-min-0-pocket10_3ej8-A-rec-2nsi-itu-lig-tt-min-0,10,10,1.0,0.9,99.99999999999997,100.0,0.9,1.0,1.0,1.0,1.0,1.0
DiffSBDD,11,phys_hgb_full,DiffSBDD,3ej8-A-rec-2nsi-itu-lig-tt-min-0-pocket10_3ej8-A-rec-2nsi-itu-lig-tt-min-0,10,10,1.0,1.0,0.0,0.0,1.0,1.0,1.0,1.0,1.0,1.0
DiffSBDD,11,phys_rf_direct_excluded,DiffSBDD,3ej8-A-rec-2nsi-itu-lig-tt-min-0-pocket10_3ej8-A-rec-2nsi-itu-lig-tt-min-0,10,10,1.0,1.0,0.0,0.0,1.0,1.0,1.0,1.0,1.0,1.0
DiffSBDD,11,phys_rf_full,DiffSBDD,3ej8-A-rec-2nsi-itu-lig-tt-min-0-pocket10_3ej8-A-rec-2nsi-itu-lig-tt-min-0,10,10,1.0,0.9,99.99999999999997,100.0,0.9,1.0,1.0,1.0,1.0,1.0
DiffSBDD,11,qed_sa,DiffSBDD,2z3h-A-rec-1wn6-bst-lig-tt-docked-3-pocket10_2z3h-A-rec-1wn6-bst-lig-tt-docked-3,10,10,1.0,1.0,0.0,0.0,1.0,1.0,1.0,1.0,1.0,1.0
DiffSBDD,11,contact_clash_rule,DiffSBDD,2z3h-A-rec-1wn6-bst-lig-tt-docked-3-pocket10_2z3h-A-rec-1wn6-bst-lig-tt-docked-3,10,10,1.0,1.0,0.0,0.0,1.0,1.0,1.0,1.0,1.0,1.0
DiffSBDD,11,full_audit_gate_qedsa_fixed_budget,DiffSBDD,2z3h-A-rec-1wn6-bst-lig-tt-docked-3-pocket10_2z3h-A-rec-1wn6-bst-lig-tt-docked-3,10,10,1.0,1.0,0.0,0.0,1.0,1.0,1.0,1.0,1.0,1.0
DiffSBDD,11,full_audit_gate_qedsa_no_backfill,DiffSBDD,2z3h-A-rec-1wn6-bst-lig-tt-docked-3-pocket10_2z3h-A-rec-1wn6-bst-lig-tt-docked-3,10,10,1.0,1.0,0.0,0.0,1.0,1.0,1.0,1.0,1.0,1.0
DiffSBDD,11,audit_failure_count_qedsa,DiffSBDD,2z3h-A-rec-1wn6-bst-lig-tt-docked-3-pocket10_2z3h-A-rec-1wn6-bst-lig-tt-docked-3,10,10,1.0,1.0,0.0,0.0,1.0,1.0,1.0,1.0,1.0,1.0
DiffSBDD,11,phys_logreg_full,DiffSBDD,2z3h-A-rec-1wn6-bst-lig-tt-docked-3-pocket10_2z3h-A-rec-1wn6-bst-lig-tt-docked-3,10,10,1.0,0.9,99.99999999999997,100.0,1.0,0.9,0.9,1.0,1.0,1.0
DiffSBDD,11,phys_hgb_full,DiffSBDD,2z3h-A-rec-1wn6-bst-lig-tt-docked-3-pocket10_2z3h-A-rec-1wn6-bst-lig-tt-docked-3,10,10,1.0,1.0,0.0,0.0,1.0,1.0,1.0,1.0,1.0,1.0
DiffSBDD,11,phys_rf_direct_excluded,DiffSBDD,2z3h-A-rec-1wn6-bst-lig-tt-docked-3-pocket10_2z3h-A-rec-1wn6-bst-lig-tt-docked-3,10,10,1.0,0.9,99.99999999999997,100.0,1.0,0.9,0.9,1.0,1.0,1.0
DiffSBDD,11,phys_rf_full,DiffSBDD,2z3h-A-rec-1wn6-bst-lig-tt-docked-3-pocket10_2z3h-A-rec-1wn6-bst-lig-tt-docked-3,10,10,1.0,0.9,99.99999999999997,100.0,1.0,0.9,0.9,1.0,1.0,1.0
DiffSBDD,11,qed_sa,DiffSBDD,3gs6-A-rec-2oxn-oan-lig-tt-docked-4-pocket10_3gs6-A-rec-2oxn-oan-lig-tt-docked-4,10,10,1.0,0.8,199.99999999999994,200.0,0.9,0.8888888888888888,1.0,1.0,0.8888888888888888,1.0
DiffSBDD,11,contact_clash_rule,DiffSBDD,3gs6-A-rec-2oxn-oan-lig-tt-docked-4-pocket10_3gs6-A-rec-2oxn-oan-lig-tt-docked-4,10,10,1.0,0.8,199.99999999999994,200.0,0.9,0.8888888888888888,1.0,1.0,0.8888888888888888,1.0
DiffSBDD,11,full_audit_gate_qedsa_fixed_budget,DiffSBDD,3gs6-A-rec-2oxn-oan-lig-tt-docked-4-pocket10_3gs6-A-rec-2oxn-oan-lig-tt-docked-4,10,10,1.0,0.8,199.99999999999994,200.0,0.9,0.8888888888888888,1.0,1.0,0.8888888888888888,1.0
DiffSBDD,11,full_audit_gate_qedsa_no_backfill,DiffSBDD,3gs6-A-rec-2oxn-oan-lig-tt-docked-4-pocket10_3gs6-A-rec-2oxn-oan-lig-tt-docked-4,10,10,1.0,0.8,199.99999999999994,200.0,0.9,0.8888888888888888,1.0,1.0,0.8888888888888888,1.0
DiffSBDD,11,audit_failure_count_qedsa,DiffSBDD,3gs6-A-rec-2oxn-oan-lig-tt-docked-4-pocket10_3gs6-A-rec-2oxn-oan-lig-tt-docked-4,10,10,1.0,0.8,199.99999999999994,200.0,0.9,0.8888888888888888,1.0,1.0,0.8888888888888888,1.0
DiffSBDD,11,phys_logreg_full,DiffSBDD,3gs6-A-rec-2oxn-oan-lig-tt-docked-4-pocket10_3gs6-A-rec-2oxn-oan-lig-tt-docked-4,10,10,1.0,0.9,99.99999999999997,100.0,1.0,0.9,0.9,1.0,1.0,1.0
DiffSBDD,11,phys_hgb_full,DiffSBDD,3gs6-A-rec-2oxn-oan-lig-tt-docked-4-pocket10_3gs6-A-rec-2oxn-oan-lig-tt-docked-4,10,10,1.0,0.7,300.00000000000006,300.0,0.9,0.7777777777777778,0.8888888888888888,0.8888888888888888,0.8888888888888888,1.0
DiffSBDD,11,phys_rf_direct_excluded,DiffSBDD,3gs6-A-rec-2oxn-oan-lig-tt-docked-4-pocket10_3gs6-A-rec-2oxn-oan-lig-tt-docked-4,10,10,1.0,0.9,99.99999999999997,100.0,0.9,1.0,1.0,1.0,1.0,1.0
DiffSBDD,11,phys_rf_full,DiffSBDD,3gs6-A-rec-2oxn-oan-lig-tt-docked-4-pocket10_3gs6-A-rec-2oxn-oan-lig-tt-docked-4,10,10,1.0,0.8,199.99999999999994,200.0,0.8,1.0,1.0,1.0,1.0,1.0
DiffSBDD,11,qed_sa,DiffSBDD,3g51-A-rec-3g51-anp-lig-tt-min-0-pocket10_3g51-A-rec-3g51-anp-lig-tt-min-0,10,10,1.0,0.8,199.99999999999994,200.0,1.0,0.8,0.8,1.0,1.0,1.0
DiffSBDD,11,contact_clash_rule,DiffSBDD,3g51-A-rec-3g51-anp-lig-tt-min-0-pocket10_3g51-A-rec-3g51-anp-lig-tt-min-0,10,10,1.0,0.9,99.99999999999997,100.0,1.0,0.9,0.9,1.0,1.0,1.0
DiffSBDD,11,full_audit_gate_qedsa_fixed_budget,DiffSBDD,3g51-A-rec-3g51-anp-lig-tt-min-0-pocket10_3g51-A-rec-3g51-anp-lig-tt-min-0,10,10,1.0,0.8,199.99999999999994,200.0,1.0,0.8,0.8,1.0,1.0,1.0
DiffSBDD,11,full_audit_gate_qedsa_no_backfill,DiffSBDD,3g51-A-rec-3g51-anp-lig-tt-min-0-pocket10_3g51-A-rec-3g51-anp-lig-tt-min-0,10,10,1.0,0.8,199.99999999999994,200.0,1.0,0.8,0.8,1.0,1.0,1.0
DiffSBDD,11,audit_failure_count_qedsa,DiffSBDD,3g51-A-rec-3g51-anp-lig-tt-min-0-pocket10_3g51-A-rec-3g51-anp-lig-tt-min-0,10,10,1.0,0.8,199.99999999999994,200.0,1.0,0.8,0.8,1.0,1.0,1.0
DiffSBDD,11,phys_logreg_full,DiffSBDD,3g51-A-rec-3g51-anp-lig-tt-min-0-pocket10_3g51-A-rec-3g51-anp-lig-tt-min-0,10,10,1.0,0.9,99.99999999999997,100.0,1.0,0.9,0.9,1.0,1.0,1.0
DiffSBDD,11,phys_hgb_full,DiffSBDD,3g51-A-rec-3g51-anp-lig-tt-min-0-pocket10_3g51-A-rec-3g51-anp-lig-tt-min-0,10,10,1.0,1.0,0.0,0.0,1.0,1.0,1.0,1.0,1.0,1.0
DiffSBDD,11,phys_rf_direct_excluded,DiffSBDD,3g51-A-rec-3g51-anp-lig-tt-min-0-pocket10_3g51-A-rec-3g51-anp-lig-tt-min-0,10,10,1.0,0.9,99.99999999999997,100.0,1.0,0.9,0.9,1.0,1.0,1.0
DiffSBDD,11,phys_rf_full,DiffSBDD,3g51-A-rec-3g51-anp-lig-tt-min-0-pocket10_3g51-A-rec-3g51-anp-lig-tt-min-0,10,10,1.0,0.9,99.99999999999997,100.0,1.0,0.9,0.9,1.0,1.0,1.0
DiffSBDD,11,qed_sa,DiffSBDD,3l3n-A-rec-2iux-nxa-lig-tt-docked-2-pocket10_3l3n-A-rec-2iux-nxa-lig-tt-docked-2,10,10,1.0,0.8,199.99999999999994,200.0,0.9,0.8888888888888888,0.8888888888888888,1.0,1.0,1.0
DiffSBDD,11,contact_clash_rule,DiffSBDD,3l3n-A-rec-2iux-nxa-lig-tt-docked-2-pocket10_3l3n-A-rec-2iux-nxa-lig-tt-docked-2,10,10,1.0,0.9,99.99999999999997,100.0,0.9,1.0,1.0,1.0,1.0,1.0
DiffSBDD,11,full_audit_gate_qedsa_fixed_budget,DiffSBDD,3l3n-A-rec-2iux-nxa-lig-tt-docked-2-pocket10_3l3n-A-rec-2iux-nxa-lig-tt-docked-2,10,10,1.0,0.8,199.99999999999994,200.0,0.9,0.8888888888888888,0.8888888888888888,1.0,1.0,1.0
DiffSBDD,11,full_audit_gate_qedsa_no_backfill,DiffSBDD,3l3n-A-rec-2iux-nxa-lig-tt-docked-2-pocket10_3l3n-A-rec-2iux-nxa-lig-tt-docked-2,10,10,1.0,0.8,199.99999999999994,200.0,0.9,0.8888888888888888,0.8888888888888888,1.0,1.0,1.0
DiffSBDD,11,audit_failure_count_qedsa,DiffSBDD,3l3n-A-rec-2iux-nxa-lig-tt-docked-2-pocket10_3l3n-A-rec-2iux-nxa-lig-tt-docked-2,10,10,1.0,0.8,199.99999999999994,200.0,0.9,0.8888888888888888,0.8888888888888888,1.0,1.0,1.0
DiffSBDD,11,phys_logreg_full,DiffSBDD,3l3n-A-rec-2iux-nxa-lig-tt-docked-2-pocket10_3l3n-A-rec-2iux-nxa-lig-tt-docked-2,10,10,1.0,0.9,99.99999999999997,100.0,1.0,0.9,0.9,1.0,1.0,1.0
DiffSBDD,11,phys_hgb_full,DiffSBDD,3l3n-A-rec-2iux-nxa-lig-tt-docked-2-pocket10_3l3n-A-rec-2iux-nxa-lig-tt-docked-2,10,10,1.0,1.0,0.0,0.0,1.0,1.0,1.0,1.0,1.0,1.0
DiffSBDD,11,phys_rf_direct_excluded,DiffSBDD,3l3n-A-rec-2iux-nxa-lig-tt-docked-2-pocket10_3l3n-A-rec-2iux-nxa-lig-tt-docked-2,10,10,1.0,1.0,0.0,0.0,1.0,1.0,1.0,1.0,1.0,1.0
DiffSBDD,11,phys_rf_full,DiffSBDD,3l3n-A-rec-2iux-nxa-lig-tt-docked-2-pocket10_3l3n-A-rec-2iux-nxa-lig-tt-docked-2,10,10,1.0,1.0,0.0,0.0,1.0,1.0,1.0,1.0,1.0,1.0
DiffSBDD,11,qed_sa,DiffSBDD,3hy9-B-rec-3hyg-099-lig-tt-min-0-pocket10_3hy9-B-rec-3hyg-099-lig-tt-min-0,10,10,1.0,1.0,0.0,0.0,1.0,1.0,1.0,1.0,1.0,1.0
DiffSBDD,11,contact_clash_rule,DiffSBDD,3hy9-B-rec-3hyg-099-lig-tt-min-0-pocket10_3hy9-B-rec-3hyg-099-lig-tt-min-0,10,10,1.0,0.9,99.99999999999997,100.0,0.9,1.0,1.0,1.0,1.0,1.0
DiffSBDD,11,full_audit_gate_qedsa_fixed_budget,DiffSBDD,3hy9-B-rec-3hyg-099-lig-tt-min-0-pocket10_3hy9-B-rec-3hyg-099-lig-tt-min-0,10,10,1.0,1.0,0.0,0.0,1.0,1.0,1.0,1.0,1.0,1.0
DiffSBDD,11,full_audit_gate_qedsa_no_backfill,DiffSBDD,3hy9-B-rec-3hyg-099-lig-tt-min-0-pocket10_3hy9-B-rec-3hyg-099-lig-tt-min-0,10,10,1.0,1.0,0.0,0.0,1.0,1.0,1.0,1.0,1.0,1.0
DiffSBDD,11,audit_failure_count_qedsa,DiffSBDD,3hy9-B-rec-3hyg-099-lig-tt-min-0-pocket10_3hy9-B-rec-3hyg-099-lig-tt-min-0,10,10,1.0,1.0,0.0,0.0,1.0,1.0,1.0,1.0,1.0,1.0
DiffSBDD,11,phys_logreg_full,DiffSBDD,3hy9-B-rec-3hyg-099-lig-tt-min-0-pocket10_3hy9-B-rec-3hyg-099-lig-tt-min-0,10,10,1.0,1.0,0.0,0.0,1.0,1.0,1.0,1.0,1.0,1.0
DiffSBDD,11,phys_hgb_full,DiffSBDD,3hy9-B-rec-3hyg-099-lig-tt-min-0-pocket10_3hy9-B-rec-3hyg-099-lig-tt-min-0,10,10,1.0,0.9,99.99999999999997,100.0,0.9,1.0,1.0,1.0,1.0,1.0
DiffSBDD,11,phys_rf_direct_excluded,DiffSBDD,3hy9-B-rec-3hyg-099-lig-tt-min-0-pocket10_3hy9-B-rec-3hyg-099-lig-tt-min-0,10,10,1.0,1.0,0.0,0.0,1.0,1.0,1.0,1.0,1.0,1.0
DiffSBDD,11,phys_rf_full,DiffSBDD,3hy9-B-rec-3hyg-099-lig-tt-min-0-pocket10_3hy9-B-rec-3hyg-099-lig-tt-min-0,10,10,1.0,1.0,0.0,0.0,1.0,1.0,1.0,1.0,1.0,1.0
DiffSBDD,11,qed_sa,DiffSBDD,3b6h-A-rec-3b6h-mxd-lig-tt-min-0-pocket10_3b6h-A-rec-3b6h-mxd-lig-tt-min-0,10,10,1.0,0.9,99.99999999999997,100.0,1.0,0.9,0.9,1.0,1.0,1.0
DiffSBDD,11,contact_clash_rule,DiffSBDD,3b6h-A-rec-3b6h-mxd-lig-tt-min-0-pocket10_3b6h-A-rec-3b6h-mxd-lig-tt-min-0,10,10,1.0,0.9,99.99999999999997,100.0,1.0,0.9,1.0,1.0,0.9,1.0
DiffSBDD,11,full_audit_gate_qedsa_fixed_budget,DiffSBDD,3b6h-A-rec-3b6h-mxd-lig-tt-min-0-pocket10_3b6h-A-rec-3b6h-mxd-lig-tt-min-0,10,10,1.0,0.9,99.99999999999997,100.0,1.0,0.9,0.9,1.0,1.0,1.0
DiffSBDD,11,full_audit_gate_qedsa_no_backfill,DiffSBDD,3b6h-A-rec-3b6h-mxd-lig-tt-min-0-pocket10_3b6h-A-rec-3b6h-mxd-lig-tt-min-0,10,10,1.0,0.9,99.99999999999997,100.0,1.0,0.9,0.9,1.0,1.0,1.0
DiffSBDD,11,audit_failure_count_qedsa,DiffSBDD,3b6h-A-rec-3b6h-mxd-lig-tt-min-0-pocket10_3b6h-A-rec-3b6h-mxd-lig-tt-min-0,10,10,1.0,0.9,99.99999999999997,100.0,1.0,0.9,0.9,1.0,1.0,1.0
DiffSBDD,11,phys_logreg_full,DiffSBDD,3b6h-A-rec-3b6h-mxd-lig-tt-min-0-pocket10_3b6h-A-rec-3b6h-mxd-lig-tt-min-0,10,10,1.0,1.0,0.0,0.0,1.0,1.0,1.0,1.0,1.0,1.0
DiffSBDD,11,phys_hgb_full,DiffSBDD,3b6h-A-rec-3b6h-mxd-lig-tt-min-0-pocket10_3b6h-A-rec-3b6h-mxd-lig-tt-min-0,10,10,1.0,1.0,0.0,0.0,1.0,1.0,1.0,1.0,1.0,1.0
DiffSBDD,11,phys_rf_direct_excluded,DiffSBDD,3b6h-A-rec-3b6h-mxd-lig-tt-min-0-pocket10_3b6h-A-rec-3b6h-mxd-lig-tt-min-0,10,10,1.0,1.0,0.0,0.0,1.0,1.0,1.0,1.0,1.0,1.0
DiffSBDD,11,phys_rf_full,DiffSBDD,3b6h-A-rec-3b6h-mxd-lig-tt-min-0-pocket10_3b6h-A-rec-3b6h-mxd-lig-tt-min-0,10,10,1.0,0.8,199.99999999999994,200.0,0.9,0.8888888888888888,1.0,1.0,0.8888888888888888,1.0
DiffSBDD,11,qed_sa,DiffSBDD,3af2-A-rec-3af4-gcp-lig-tt-min-0-pocket10_3af2-A-rec-3af4-gcp-lig-tt-min-0,10,10,1.0,0.9,99.99999999999997,100.0,1.0,0.9,0.9,1.0,1.0,1.0
DiffSBDD,11,contact_clash_rule,DiffSBDD,3af2-A-rec-3af4-gcp-lig-tt-min-0-pocket10_3af2-A-rec-3af4-gcp-lig-tt-min-0,10,10,1.0,0.8,199.99999999999994,200.0,1.0,0.8,0.9,1.0,0.9,1.0
DiffSBDD,11,full_audit_gate_qedsa_fixed_budget,DiffSBDD,3af2-A-rec-3af4-gcp-lig-tt-min-0-pocket10_3af2-A-rec-3af4-gcp-lig-tt-min-0,10,10,1.0,0.9,99.99999999999997,100.0,1.0,0.9,0.9,1.0,1.0,1.0
DiffSBDD,11,full_audit_gate_qedsa_no_backfill,DiffSBDD,3af2-A-rec-3af4-gcp-lig-tt-min-0-pocket10_3af2-A-rec-3af4-gcp-lig-tt-min-0,10,10,1.0,0.9,99.99999999999997,100.0,1.0,0.9,0.9,1.0,1.0,1.0
DiffSBDD,11,audit_failure_count_qedsa,DiffSBDD,3af2-A-rec-3af4-gcp-lig-tt-min-0-pocket10_3af2-A-rec-3af4-gcp-lig-tt-min-0,10,10,1.0,0.9,99.99999999999997,100.0,1.0,0.9,0.9,1.0,1.0,1.0
DiffSBDD,11,phys_logreg_full,DiffSBDD,3af2-A-rec-3af4-gcp-lig-tt-min-0-pocket10_3af2-A-rec-3af4-gcp-lig-tt-min-0,10,10,1.0,1.0,0.0,0.0,1.0,1.0,1.0,1.0,1.0,1.0
DiffSBDD,11,phys_hgb_full,DiffSBDD,3af2-A-rec-3af4-gcp-lig-tt-min-0-pocket10_3af2-A-rec-3af4-gcp-lig-tt-min-0,10,10,1.0,0.8,199.99999999999994,200.0,1.0,0.8,0.9,1.0,0.9,1.0
DiffSBDD,11,phys_rf_direct_excluded,DiffSBDD,3af2-A-rec-3af4-gcp-lig-tt-min-0-pocket10_3af2-A-rec-3af4-gcp-lig-tt-min-0,10,10,1.0,0.9,99.99999999999997,100.0,1.0,0.9,0.9,1.0,1.0,1.0
DiffSBDD,11,phys_rf_full,DiffSBDD,3af2-A-rec-3af4-gcp-lig-tt-min-0-pocket10_3af2-A-rec-3af4-gcp-lig-tt-min-0,10,10,1.0,1.0,0.0,0.0,1.0,1.0,1.0,1.0,1.0,1.0
DiffSBDD,11,qed_sa,DiffSBDD,3li4-A-rec-2gvv-di9-lig-tt-min-0-pocket10_3li4-A-rec-2gvv-di9-lig-tt-min-0,10,10,1.0,0.8,199.99999999999994,200.0,1.0,0.8,1.0,1.0,0.8,1.0
DiffSBDD,11,contact_clash_rule,DiffSBDD,3li4-A-rec-2gvv-di9-lig-tt-min-0-pocket10_3li4-A-rec-2gvv-di9-lig-tt-min-0,10,10,1.0,0.8,199.99999999999994,200.0,1.0,0.8,1.0,1.0,0.8,1.0
DiffSBDD,11,full_audit_gate_qedsa_fixed_budget,DiffSBDD,3li4-A-rec-2gvv-di9-lig-tt-min-0-pocket10_3li4-A-rec-2gvv-di9-lig-tt-min-0,10,10,1.0,0.8,199.99999999999994,200.0,1.0,0.8,1.0,1.0,0.8,1.0
DiffSBDD,11,full_audit_gate_qedsa_no_backfill,DiffSBDD,3li4-A-rec-2gvv-di9-lig-tt-min-0-pocket10_3li4-A-rec-2gvv-di9-lig-tt-min-0,10,10,1.0,0.8,199.99999999999994,200.0,1.0,0.8,1.0,1.0,0.8,1.0
DiffSBDD,11,audit_failure_count_qedsa,DiffSBDD,3li4-A-rec-2gvv-di9-lig-tt-min-0-pocket10_3li4-A-rec-2gvv-di9-lig-tt-min-0,10,10,1.0,0.8,199.99999999999994,200.0,1.0,0.8,1.0,1.0,0.8,1.0
DiffSBDD,11,phys_logreg_full,DiffSBDD,3li4-A-rec-2gvv-di9-lig-tt-min-0-pocket10_3li4-A-rec-2gvv-di9-lig-tt-min-0,10,10,1.0,0.9,99.99999999999997,100.0,1.0,0.9,0.9,1.0,1.0,1.0
DiffSBDD,11,phys_hgb_full,DiffSBDD,3li4-A-rec-2gvv-di9-lig-tt-min-0-pocket10_3li4-A-rec-2gvv-di9-lig-tt-min-0,10,10,1.0,1.0,0.0,0.0,1.0,1.0,1.0,1.0,1.0,1.0
DiffSBDD,11,phys_rf_direct_excluded,DiffSBDD,3li4-A-rec-2gvv-di9-lig-tt-min-0-pocket10_3li4-A-rec-2gvv-di9-lig-tt-min-0,10,10,1.0,1.0,0.0,0.0,1.0,1.0,1.0,1.0,1.0,1.0
DiffSBDD,11,phys_rf_full,DiffSBDD,3li4-A-rec-2gvv-di9-lig-tt-min-0-pocket10_3li4-A-rec-2gvv-di9-lig-tt-min-0,10,10,1.0,0.9,99.99999999999997,100.0,1.0,0.9,0.9,1.0,1.0,1.0
DiffSBDD,11,qed_sa,DiffSBDD,3pnm-A-rec-3pnq-2ha-lig-tt-docked-10-pocket10_3pnm-A-rec-3pnq-2ha-lig-tt-docked-10,10,10,1.0,0.9,99.99999999999997,100.0,0.9,1.0,1.0,1.0,1.0,1.0
DiffSBDD,11,contact_clash_rule,DiffSBDD,3pnm-A-rec-3pnq-2ha-lig-tt-docked-10-pocket10_3pnm-A-rec-3pnq-2ha-lig-tt-docked-10,10,10,1.0,0.9,99.99999999999997,100.0,0.9,1.0,1.0,1.0,1.0,1.0
DiffSBDD,11,full_audit_gate_qedsa_fixed_budget,DiffSBDD,3pnm-A-rec-3pnq-2ha-lig-tt-docked-10-pocket10_3pnm-A-rec-3pnq-2ha-lig-tt-docked-10,10,10,1.0,0.9,99.99999999999997,100.0,0.9,1.0,1.0,1.0,1.0,1.0
DiffSBDD,11,full_audit_gate_qedsa_no_backfill,DiffSBDD,3pnm-A-rec-3pnq-2ha-lig-tt-docked-10-pocket10_3pnm-A-rec-3pnq-2ha-lig-tt-docked-10,10,10,1.0,0.9,99.99999999999997,100.0,0.9,1.0,1.0,1.0,1.0,1.0
DiffSBDD,11,audit_failure_count_qedsa,DiffSBDD,3pnm-A-rec-3pnq-2ha-lig-tt-docked-10-pocket10_3pnm-A-rec-3pnq-2ha-lig-tt-docked-10,10,10,1.0,0.9,99.99999999999997,100.0,0.9,1.0,1.0,1.0,1.0,1.0
DiffSBDD,11,phys_logreg_full,DiffSBDD,3pnm-A-rec-3pnq-2ha-lig-tt-docked-10-pocket10_3pnm-A-rec-3pnq-2ha-lig-tt-docked-10,10,10,1.0,1.0,0.0,0.0,1.0,1.0,1.0,1.0,1.0,1.0
DiffSBDD,11,phys_hgb_full,DiffSBDD,3pnm-A-rec-3pnq-2ha-lig-tt-docked-10-pocket10_3pnm-A-rec-3pnq-2ha-lig-tt-docked-10,10,10,1.0,1.0,0.0,0.0,1.0,1.0,1.0,1.0,1.0,1.0
DiffSBDD,11,phys_rf_direct_excluded,DiffSBDD,3pnm-A-rec-3pnq-2ha-lig-tt-docked-10-pocket10_3pnm-A-rec-3pnq-2ha-lig-tt-docked-10,10,10,1.0,1.0,0.0,0.0,1.0,1.0,1.0,1.0,1.0,1.0
DiffSBDD,11,phys_rf_full,DiffSBDD,3pnm-A-rec-3pnq-2ha-lig-tt-docked-10-pocket10_3pnm-A-rec-3pnq-2ha-lig-tt-docked-10,10,10,1.0,1.0,0.0,0.0,1.0,1.0,1.0,1.0,1.0,1.0
DiffSBDD,11,qed_sa,DiffSBDD,3kc1-A-rec-3kc1-2t6-lig-tt-min-0-pocket10_3kc1-A-rec-3kc1-2t6-lig-tt-min-0,10,10,1.0,1.0,0.0,0.0,1.0,1.0,1.0,1.0,1.0,1.0
DiffSBDD,11,contact_clash_rule,DiffSBDD,3kc1-A-rec-3kc1-2t6-lig-tt-min-0-pocket10_3kc1-A-rec-3kc1-2t6-lig-tt-min-0,10,10,1.0,1.0,0.0,0.0,1.0,1.0,1.0,1.0,1.0,1.0
DiffSBDD,11,full_audit_gate_qedsa_fixed_budget,DiffSBDD,3kc1-A-rec-3kc1-2t6-lig-tt-min-0-pocket10_3kc1-A-rec-3kc1-2t6-lig-tt-min-0,10,10,1.0,1.0,0.0,0.0,1.0,1.0,1.0,1.0,1.0,1.0
DiffSBDD,11,full_audit_gate_qedsa_no_backfill,DiffSBDD,3kc1-A-rec-3kc1-2t6-lig-tt-min-0-pocket10_3kc1-A-rec-3kc1-2t6-lig-tt-min-0,10,10,1.0,1.0,0.0,0.0,1.0,1.0,1.0,1.0,1.0,1.0
DiffSBDD,11,audit_failure_count_qedsa,DiffSBDD,3kc1-A-rec-3kc1-2t6-lig-tt-min-0-pocket10_3kc1-A-rec-3kc1-2t6-lig-tt-min-0,10,10,1.0,1.0,0.0,0.0,1.0,1.0,1.0,1.0,1.0,1.0
DiffSBDD,11,phys_logreg_full,DiffSBDD,3kc1-A-rec-3kc1-2t6-lig-tt-min-0-pocket10_3kc1-A-rec-3kc1-2t6-lig-tt-min-0,10,10,1.0,0.9,99.99999999999997,100.0,1.0,0.9,0.9,1.0,1.0,1.0
DiffSBDD,11,phys_hgb_full,DiffSBDD,3kc1-A-rec-3kc1-2t6-lig-tt-min-0-pocket10_3kc1-A-rec-3kc1-2t6-lig-tt-min-0,10,10,1.0,1.0,0.0,0.0,1.0,1.0,1.0,1.0,1.0,1.0
DiffSBDD,11,phys_rf_direct_excluded,DiffSBDD,3kc1-A-rec-3kc1-2t6-lig-tt-min-0-pocket10_3kc1-A-rec-3kc1-2t6-lig-tt-min-0,10,10,1.0,1.0,0.0,0.0,1.0,1.0,1.0,1.0,1.0,1.0
DiffSBDD,11,phys_rf_full,DiffSBDD,3kc1-A-rec-3kc1-2t6-lig-tt-min-0-pocket10_3kc1-A-rec-3kc1-2t6-lig-tt-min-0,10,10,1.0,1.0,0.0,0.0,1.0,1.0,1.0,1.0,1.0,1.0
DiffSBDD,11,qed_sa,DiffSBDD,3pdh-A-rec-4buz-ocz-lig-tt-min-0-pocket10_3pdh-A-rec-4buz-ocz-lig-tt-min-0,10,10,1.0,1.0,0.0,0.0,1.0,1.0,1.0,1.0,1.0,1.0
DiffSBDD,11,contact_clash_rule,DiffSBDD,3pdh-A-rec-4buz-ocz-lig-tt-min-0-pocket10_3pdh-A-rec-4buz-ocz-lig-tt-min-0,10,10,1.0,1.0,0.0,0.0,1.0,1.0,1.0,1.0,1.0,1.0
DiffSBDD,11,full_audit_gate_qedsa_fixed_budget,DiffSBDD,3pdh-A-rec-4buz-ocz-lig-tt-min-0-pocket10_3pdh-A-rec-4buz-ocz-lig-tt-min-0,10,10,1.0,1.0,0.0,0.0,1.0,1.0,1.0,1.0,1.0,1.0
DiffSBDD,11,full_audit_gate_qedsa_no_backfill,DiffSBDD,3pdh-A-rec-4buz-ocz-lig-tt-min-0-pocket10_3pdh-A-rec-4buz-ocz-lig-tt-min-0,10,10,1.0,1.0,0.0,0.0,1.0,1.0,1.0,1.0,1.0,1.0
DiffSBDD,11,audit_failure_count_qedsa,DiffSBDD,3pdh-A-rec-4buz-ocz-lig-tt-min-0-pocket10_3pdh-A-rec-4buz-ocz-lig-tt-min-0,10,10,1.0,1.0,0.0,0.0,1.0,1.0,1.0,1.0,1.0,1.0
DiffSBDD,11,phys_logreg_full,DiffSBDD,3pdh-A-rec-4buz-ocz-lig-tt-min-0-pocket10_3pdh-A-rec-4buz-ocz-lig-tt-min-0,10,10,1.0,1.0,0.0,0.0,1.0,1.0,1.0,1.0,1.0,1.0
DiffSBDD,11,phys_hgb_full,DiffSBDD,3pdh-A-rec-4buz-ocz-lig-tt-min-0-pocket10_3pdh-A-rec-4buz-ocz-lig-tt-min-0,10,10,1.0,1.0,0.0,0.0,1.0,1.0,1.0,1.0,1.0,1.0
DiffSBDD,11,phys_rf_direct_excluded,DiffSBDD,3pdh-A-rec-4buz-ocz-lig-tt-min-0-pocket10_3pdh-A-rec-4buz-ocz-lig-tt-min-0,10,10,1.0,0.9,99.99999999999997,100.0,1.0,0.9,0.9,1.0,1.0,1.0
DiffSBDD,11,phys_rf_full,DiffSBDD,3pdh-A-rec-4buz-ocz-lig-tt-min-0-pocket10_3pdh-A-rec-4buz-ocz-lig-tt-min-0,10,10,1.0,1.0,0.0,0.0,1.0,1.0,1.0,1.0,1.0,1.0
DiffSBDD,11,qed_sa,DiffSBDD,3dzh-A-rec-3u4i-cvr-lig-tt-docked-0-pocket10_3dzh-A-rec-3u4i-cvr-lig-tt-docked-0,10,10,1.0,1.0,0.0,0.0,1.0,1.0,1.0,1.0,1.0,1.0
DiffSBDD,11,contact_clash_rule,DiffSBDD,3dzh-A-rec-3u4i-cvr-lig-tt-docked-0-pocket10_3dzh-A-rec-3u4i-cvr-lig-tt-docked-0,10,10,1.0,1.0,0.0,0.0,1.0,1.0,1.0,1.0,1.0,1.0
DiffSBDD,11,full_audit_gate_qedsa_fixed_budget,DiffSBDD,3dzh-A-rec-3u4i-cvr-lig-tt-docked-0-pocket10_3dzh-A-rec-3u4i-cvr-lig-tt-docked-0,10,10,1.0,1.0,0.0,0.0,1.0,1.0,1.0,1.0,1.0,1.0
DiffSBDD,11,full_audit_gate_qedsa_no_backfill,DiffSBDD,3dzh-A-rec-3u4i-cvr-lig-tt-docked-0-pocket10_3dzh-A-rec-3u4i-cvr-lig-tt-docked-0,10,10,1.0,1.0,0.0,0.0,1.0,1.0,1.0,1.0,1.0,1.0
DiffSBDD,11,audit_failure_count_qedsa,DiffSBDD,3dzh-A-rec-3u4i-cvr-lig-tt-docked-0-pocket10_3dzh-A-rec-3u4i-cvr-lig-tt-docked-0,10,10,1.0,1.0,0.0,0.0,1.0,1.0,1.0,1.0,1.0,1.0
DiffSBDD,11,phys_logreg_full,DiffSBDD,3dzh-A-rec-3u4i-cvr-lig-tt-docked-0-pocket10_3dzh-A-rec-3u4i-cvr-lig-tt-docked-0,10,10,1.0,1.0,0.0,0.0,1.0,1.0,1.0,1.0,1.0,1.0
DiffSBDD,11,phys_hgb_full,DiffSBDD,3dzh-A-rec-3u4i-cvr-lig-tt-docked-0-pocket10_3dzh-A-rec-3u4i-cvr-lig-tt-docked-0,10,10,1.0,1.0,0.0,0.0,1.0,1.0,1.0,1.0,1.0,1.0
DiffSBDD,11,phys_rf_direct_excluded,DiffSBDD,3dzh-A-rec-3u4i-cvr-lig-tt-docked-0-pocket10_3dzh-A-rec-3u4i-cvr-lig-tt-docked-0,10,10,1.0,1.0,0.0,0.0,1.0,1.0,1.0,1.0,1.0,1.0
DiffSBDD,11,phys_rf_full,DiffSBDD,3dzh-A-rec-3u4i-cvr-lig-tt-docked-0-pocket10_3dzh-A-rec-3u4i-cvr-lig-tt-docked-0,10,10,1.0,1.0,0.0,0.0,1.0,1.0,1.0,1.0,1.0,1.0
DiffSBDD,11,qed_sa,DiffSBDD,4aua-A-rec-4aua-4au-lig-it2-tt-docked-7-pocket10_4aua-A-rec-4aua-4au-lig-it2-tt-docked-7,10,10,1.0,1.0,0.0,0.0,1.0,1.0,1.0,1.0,1.0,1.0
DiffSBDD,11,contact_clash_rule,DiffSBDD,4aua-A-rec-4aua-4au-lig-it2-tt-docked-7-pocket10_4aua-A-rec-4aua-4au-lig-it2-tt-docked-7,10,10,1.0,1.0,0.0,0.0,1.0,1.0,1.0,1.0,1.0,1.0
DiffSBDD,11,full_audit_gate_qedsa_fixed_budget,DiffSBDD,4aua-A-rec-4aua-4au-lig-it2-tt-docked-7-pocket10_4aua-A-rec-4aua-4au-lig-it2-tt-docked-7,10,10,1.0,1.0,0.0,0.0,1.0,1.0,1.0,1.0,1.0,1.0
DiffSBDD,11,full_audit_gate_qedsa_no_backfill,DiffSBDD,4aua-A-rec-4aua-4au-lig-it2-tt-docked-7-pocket10_4aua-A-rec-4aua-4au-lig-it2-tt-docked-7,10,10,1.0,1.0,0.0,0.0,1.0,1.0,1.0,1.0,1.0,1.0
DiffSBDD,11,audit_failure_count_qedsa,DiffSBDD,4aua-A-rec-4aua-4au-lig-it2-tt-docked-7-pocket10_4aua-A-rec-4aua-4au-lig-it2-tt-docked-7,10,10,1.0,1.0,0.0,0.0,1.0,1.0,1.0,1.0,1.0,1.0
DiffSBDD,11,phys_logreg_full,DiffSBDD,4aua-A-rec-4aua-4au-lig-it2-tt-docked-7-pocket10_4aua-A-rec-4aua-4au-lig-it2-tt-docked-7,10,10,1.0,1.0,0.0,0.0,1.0,1.0,1.0,1.0,1.0,1.0
DiffSBDD,11,phys_hgb_full,DiffSBDD,4aua-A-rec-4aua-4au-lig-it2-tt-docked-7-pocket10_4aua-A-rec-4aua-4au-lig-it2-tt-docked-7,10,10,1.0,0.9,99.99999999999997,100.0,1.0,0.9,0.9,1.0,1.0,1.0
DiffSBDD,11,phys_rf_direct_excluded,DiffSBDD,4aua-A-rec-4aua-4au-lig-it2-tt-docked-7-pocket10_4aua-A-rec-4aua-4au-lig-it2-tt-docked-7,10,10,1.0,1.0,0.0,0.0,1.0,1.0,1.0,1.0,1.0,1.0
DiffSBDD,11,phys_rf_full,DiffSBDD,4aua-A-rec-4aua-4au-lig-it2-tt-docked-7-pocket10_4aua-A-rec-4aua-4au-lig-it2-tt-docked-7,10,10,1.0,1.0,0.0,0.0,1.0,1.0,1.0,1.0,1.0,1.0
DiffSBDD,11,qed_sa,DiffSBDD,3daf-A-rec-3daf-feg-lig-tt-docked-0-pocket10_3daf-A-rec-3daf-feg-lig-tt-docked-0,10,10,1.0,0.8,199.99999999999994,200.0,0.9,0.8888888888888888,1.0,1.0,0.8888888888888888,1.0
DiffSBDD,11,contact_clash_rule,DiffSBDD,3daf-A-rec-3daf-feg-lig-tt-docked-0-pocket10_3daf-A-rec-3daf-feg-lig-tt-docked-0,10,10,1.0,0.8,199.99999999999994,200.0,0.9,0.8888888888888888,0.8888888888888888,1.0,1.0,1.0
DiffSBDD,11,full_audit_gate_qedsa_fixed_budget,DiffSBDD,3daf-A-rec-3daf-feg-lig-tt-docked-0-pocket10_3daf-A-rec-3daf-feg-lig-tt-docked-0,10,10,1.0,0.8,199.99999999999994,200.0,0.9,0.8888888888888888,1.0,1.0,0.8888888888888888,1.0
DiffSBDD,11,full_audit_gate_qedsa_no_backfill,DiffSBDD,3daf-A-rec-3daf-feg-lig-tt-docked-0-pocket10_3daf-A-rec-3daf-feg-lig-tt-docked-0,10,10,1.0,0.8,199.99999999999994,200.0,0.9,0.8888888888888888,1.0,1.0,0.8888888888888888,1.0
DiffSBDD,11,audit_failure_count_qedsa,DiffSBDD,3daf-A-rec-3daf-feg-lig-tt-docked-0-pocket10_3daf-A-rec-3daf-feg-lig-tt-docked-0,10,10,1.0,0.8,199.99999999999994,200.0,0.9,0.8888888888888888,1.0,1.0,0.8888888888888888,1.0
DiffSBDD,11,phys_logreg_full,DiffSBDD,3daf-A-rec-3daf-feg-lig-tt-docked-0-pocket10_3daf-A-rec-3daf-feg-lig-tt-docked-0,10,10,1.0,0.9,99.99999999999997,100.0,1.0,0.9,0.9,1.0,1.0,1.0
DiffSBDD,11,phys_hgb_full,DiffSBDD,3daf-A-rec-3daf-feg-lig-tt-docked-0-pocket10_3daf-A-rec-3daf-feg-lig-tt-docked-0,10,10,1.0,0.8,199.99999999999994,200.0,1.0,0.8,0.8,1.0,1.0,1.0
DiffSBDD,11,phys_rf_direct_excluded,DiffSBDD,3daf-A-rec-3daf-feg-lig-tt-docked-0-pocket10_3daf-A-rec-3daf-feg-lig-tt-docked-0,10,10,1.0,0.8,199.99999999999994,200.0,1.0,0.8,0.9,1.0,0.9,1.0
DiffSBDD,11,phys_rf_full,DiffSBDD,3daf-A-rec-3daf-feg-lig-tt-docked-0-pocket10_3daf-A-rec-3daf-feg-lig-tt-docked-0,10,10,1.0,0.9,99.99999999999997,100.0,1.0,0.9,0.9,1.0,1.0,1.0
DiffSBDD,11,qed_sa,DiffSBDD,3jyh-A-rec-3n0t-opy-lig-tt-min-0-pocket10_3jyh-A-rec-3n0t-opy-lig-tt-min-0,10,10,1.0,0.9,99.99999999999997,100.0,0.9,1.0,1.0,1.0,1.0,1.0
DiffSBDD,11,contact_clash_rule,DiffSBDD,3jyh-A-rec-3n0t-opy-lig-tt-min-0-pocket10_3jyh-A-rec-3n0t-opy-lig-tt-min-0,10,10,1.0,0.9,99.99999999999997,100.0,0.9,1.0,1.0,1.0,1.0,1.0
DiffSBDD,11,full_audit_gate_qedsa_fixed_budget,DiffSBDD,3jyh-A-rec-3n0t-opy-lig-tt-min-0-pocket10_3jyh-A-rec-3n0t-opy-lig-tt-min-0,10,10,1.0,0.9,99.99999999999997,100.0,0.9,1.0,1.0,1.0,1.0,1.0
DiffSBDD,11,full_audit_gate_qedsa_no_backfill,DiffSBDD,3jyh-A-rec-3n0t-opy-lig-tt-min-0-pocket10_3jyh-A-rec-3n0t-opy-lig-tt-min-0,10,10,1.0,0.9,99.99999999999997,100.0,0.9,1.0,1.0,1.0,1.0,1.0
DiffSBDD,11,audit_failure_count_qedsa,DiffSBDD,3jyh-A-rec-3n0t-opy-lig-tt-min-0-pocket10_3jyh-A-rec-3n0t-opy-lig-tt-min-0,10,10,1.0,0.9,99.99999999999997,100.0,0.9,1.0,1.0,1.0,1.0,1.0
DiffSBDD,11,phys_logreg_full,DiffSBDD,3jyh-A-rec-3n0t-opy-lig-tt-min-0-pocket10_3jyh-A-rec-3n0t-opy-lig-tt-min-0,10,10,1.0,1.0,0.0,0.0,1.0,1.0,1.0,1.0,1.0,1.0
DiffSBDD,11,phys_hgb_full,DiffSBDD,3jyh-A-rec-3n0t-opy-lig-tt-min-0-pocket10_3jyh-A-rec-3n0t-opy-lig-tt-min-0,10,10,1.0,1.0,0.0,0.0,1.0,1.0,1.0,1.0,1.0,1.0
DiffSBDD,11,phys_rf_direct_excluded,DiffSBDD,3jyh-A-rec-3n0t-opy-lig-tt-min-0-pocket10_3jyh-A-rec-3n0t-opy-lig-tt-min-0,10,10,1.0,0.9,99.99999999999997,100.0,0.9,1.0,1.0,1.0,1.0,1.0
DiffSBDD,11,phys_rf_full,DiffSBDD,3jyh-A-rec-3n0t-opy-lig-tt-min-0-pocket10_3jyh-A-rec-3n0t-opy-lig-tt-min-0,10,10,1.0,0.9,99.99999999999997,100.0,0.9,1.0,1.0,1.0,1.0,1.0
DiffSBDD,11,qed_sa,DiffSBDD,3w83-B-rec-2e6d-fum-lig-tt-min-0-pocket10_3w83-B-rec-2e6d-fum-lig-tt-min-0,10,10,1.0,0.9,99.99999999999997,100.0,1.0,0.9,0.9,1.0,1.0,1.0
DiffSBDD,11,contact_clash_rule,DiffSBDD,3w83-B-rec-2e6d-fum-lig-tt-min-0-pocket10_3w83-B-rec-2e6d-fum-lig-tt-min-0,10,10,1.0,0.9,99.99999999999997,100.0,0.9,1.0,1.0,1.0,1.0,1.0
DiffSBDD,11,full_audit_gate_qedsa_fixed_budget,DiffSBDD,3w83-B-rec-2e6d-fum-lig-tt-min-0-pocket10_3w83-B-rec-2e6d-fum-lig-tt-min-0,10,10,1.0,0.9,99.99999999999997,100.0,1.0,0.9,0.9,1.0,1.0,1.0
DiffSBDD,11,full_audit_gate_qedsa_no_backfill,DiffSBDD,3w83-B-rec-2e6d-fum-lig-tt-min-0-pocket10_3w83-B-rec-2e6d-fum-lig-tt-min-0,10,10,1.0,0.9,99.99999999999997,100.0,1.0,0.9,0.9,1.0,1.0,1.0
DiffSBDD,11,audit_failure_count_qedsa,DiffSBDD,3w83-B-rec-2e6d-fum-lig-tt-min-0-pocket10_3w83-B-rec-2e6d-fum-lig-tt-min-0,10,10,1.0,0.9,99.99999999999997,100.0,1.0,0.9,0.9,1.0,1.0,1.0
DiffSBDD,11,phys_logreg_full,DiffSBDD,3w83-B-rec-2e6d-fum-lig-tt-min-0-pocket10_3w83-B-rec-2e6d-fum-lig-tt-min-0,10,10,1.0,1.0,0.0,0.0,1.0,1.0,1.0,1.0,1.0,1.0
DiffSBDD,11,phys_hgb_full,DiffSBDD,3w83-B-rec-2e6d-fum-lig-tt-min-0-pocket10_3w83-B-rec-2e6d-fum-lig-tt-min-0,10,10,1.0,0.9,99.99999999999997,100.0,1.0,0.9,0.9,1.0,1.0,1.0
DiffSBDD,11,phys_rf_direct_excluded,DiffSBDD,3w83-B-rec-2e6d-fum-lig-tt-min-0-pocket10_3w83-B-rec-2e6d-fum-lig-tt-min-0,10,10,1.0,1.0,0.0,0.0,1.0,1.0,1.0,1.0,1.0,1.0
DiffSBDD,11,phys_rf_full,DiffSBDD,3w83-B-rec-2e6d-fum-lig-tt-min-0-pocket10_3w83-B-rec-2e6d-fum-lig-tt-min-0,10,10,1.0,1.0,0.0,0.0,1.0,1.0,1.0,1.0,1.0,1.0
DiffSBDD,11,qed_sa,DiffSBDD,3tym-A-rec-3n5v-xfh-lig-tt-min-0-pocket10_3tym-A-rec-3n5v-xfh-lig-tt-min-0,10,10,1.0,0.9,99.99999999999997,100.0,1.0,0.9,1.0,1.0,0.9,1.0
DiffSBDD,11,contact_clash_rule,DiffSBDD,3tym-A-rec-3n5v-xfh-lig-tt-min-0-pocket10_3tym-A-rec-3n5v-xfh-lig-tt-min-0,10,10,1.0,0.9,99.99999999999997,100.0,1.0,0.9,0.9,1.0,0.9,1.0
DiffSBDD,11,full_audit_gate_qedsa_fixed_budget,DiffSBDD,3tym-A-rec-3n5v-xfh-lig-tt-min-0-pocket10_3tym-A-rec-3n5v-xfh-lig-tt-min-0,10,10,1.0,0.9,99.99999999999997,100.0,1.0,0.9,1.0,1.0,0.9,1.0
DiffSBDD,11,full_audit_gate_qedsa_no_backfill,DiffSBDD,3tym-A-rec-3n5v-xfh-lig-tt-min-0-pocket10_3tym-A-rec-3n5v-xfh-lig-tt-min-0,10,10,1.0,0.9,99.99999999999997,100.0,1.0,0.9,1.0,1.0,0.9,1.0
DiffSBDD,11,audit_failure_count_qedsa,DiffSBDD,3tym-A-rec-3n5v-xfh-lig-tt-min-0-pocket10_3tym-A-rec-3n5v-xfh-lig-tt-min-0,10,10,1.0,0.9,99.99999999999997,100.0,1.0,0.9,1.0,1.0,0.9,1.0
DiffSBDD,11,phys_logreg_full,DiffSBDD,3tym-A-rec-3n5v-xfh-lig-tt-min-0-pocket10_3tym-A-rec-3n5v-xfh-lig-tt-min-0,10,10,1.0,1.0,0.0,0.0,1.0,1.0,1.0,1.0,1.0,1.0
DiffSBDD,11,phys_hgb_full,DiffSBDD,3tym-A-rec-3n5v-xfh-lig-tt-min-0-pocket10_3tym-A-rec-3n5v-xfh-lig-tt-min-0,10,10,1.0,1.0,0.0,0.0,1.0,1.0,1.0,1.0,1.0,1.0
DiffSBDD,11,phys_rf_direct_excluded,DiffSBDD,3tym-A-rec-3n5v-xfh-lig-tt-min-0-pocket10_3tym-A-rec-3n5v-xfh-lig-tt-min-0,10,10,1.0,0.9,99.99999999999997,100.0,0.9,1.0,1.0,1.0,1.0,1.0
DiffSBDD,11,phys_rf_full,DiffSBDD,3tym-A-rec-3n5v-xfh-lig-tt-min-0-pocket10_3tym-A-rec-3n5v-xfh-lig-tt-min-0,10,10,1.0,0.8,199.99999999999994,200.0,0.9,0.8888888888888888,0.8888888888888888,1.0,0.8888888888888888,1.0
DiffSBDD,11,qed_sa,DiffSBDD,3o96-A-rec-3o96-iqo-lig-tt-docked-2-pocket10_3o96-A-rec-3o96-iqo-lig-tt-docked-2,10,10,1.0,1.0,0.0,0.0,1.0,1.0,1.0,1.0,1.0,1.0
DiffSBDD,11,contact_clash_rule,DiffSBDD,3o96-A-rec-3o96-iqo-lig-tt-docked-2-pocket10_3o96-A-rec-3o96-iqo-lig-tt-docked-2,10,10,1.0,1.0,0.0,0.0,1.0,1.0,1.0,1.0,1.0,1.0
DiffSBDD,11,full_audit_gate_qedsa_fixed_budget,DiffSBDD,3o96-A-rec-3o96-iqo-lig-tt-docked-2-pocket10_3o96-A-rec-3o96-iqo-lig-tt-docked-2,10,10,1.0,1.0,0.0,0.0,1.0,1.0,1.0,1.0,1.0,1.0
DiffSBDD,11,full_audit_gate_qedsa_no_backfill,DiffSBDD,3o96-A-rec-3o96-iqo-lig-tt-docked-2-pocket10_3o96-A-rec-3o96-iqo-lig-tt-docked-2,10,10,1.0,1.0,0.0,0.0,1.0,1.0,1.0,1.0,1.0,1.0
DiffSBDD,11,audit_failure_count_qedsa,DiffSBDD,3o96-A-rec-3o96-iqo-lig-tt-docked-2-pocket10_3o96-A-rec-3o96-iqo-lig-tt-docked-2,10,10,1.0,1.0,0.0,0.0,1.0,1.0,1.0,1.0,1.0,1.0
DiffSBDD,11,phys_logreg_full,DiffSBDD,3o96-A-rec-3o96-iqo-lig-tt-docked-2-pocket10_3o96-A-rec-3o96-iqo-lig-tt-docked-2,10,10,1.0,1.0,0.0,0.0,1.0,1.0,1.0,1.0,1.0,1.0
DiffSBDD,11,phys_hgb_full,DiffSBDD,3o96-A-rec-3o96-iqo-lig-tt-docked-2-pocket10_3o96-A-rec-3o96-iqo-lig-tt-docked-2,10,10,1.0,1.0,0.0,0.0,1.0,1.0,1.0,1.0,1.0,1.0
DiffSBDD,11,phys_rf_direct_excluded,DiffSBDD,3o96-A-rec-3o96-iqo-lig-tt-docked-2-pocket10_3o96-A-rec-3o96-iqo-lig-tt-docked-2,10,10,1.0,1.0,0.0,0.0,1.0,1.0,1.0,1.0,1.0,1.0
DiffSBDD,11,phys_rf_full,DiffSBDD,3o96-A-rec-3o96-iqo-lig-tt-docked-2-pocket10_3o96-A-rec-3o96-iqo-lig-tt-docked-2,10,10,1.0,1.0,0.0,0.0,1.0,1.0,1.0,1.0,1.0,1.0
DiffSBDD,11,qed_sa,DiffSBDD,3nfb-A-rec-3nfb-oae-lig-tt-docked-2-pocket10_3nfb-A-rec-3nfb-oae-lig-tt-docked-2,10,10,1.0,1.0,0.0,0.0,1.0,1.0,1.0,1.0,1.0,1.0
DiffSBDD,11,contact_clash_rule,DiffSBDD,3nfb-A-rec-3nfb-oae-lig-tt-docked-2-pocket10_3nfb-A-rec-3nfb-oae-lig-tt-docked-2,10,10,1.0,1.0,0.0,0.0,1.0,1.0,1.0,1.0,1.0,1.0
DiffSBDD,11,full_audit_gate_qedsa_fixed_budget,DiffSBDD,3nfb-A-rec-3nfb-oae-lig-tt-docked-2-pocket10_3nfb-A-rec-3nfb-oae-lig-tt-docked-2,10,10,1.0,1.0,0.0,0.0,1.0,1.0,1.0,1.0,1.0,1.0
DiffSBDD,11,full_audit_gate_qedsa_no_backfill,DiffSBDD,3nfb-A-rec-3nfb-oae-lig-tt-docked-2-pocket10_3nfb-A-rec-3nfb-oae-lig-tt-docked-2,10,10,1.0,1.0,0.0,0.0,1.0,1.0,1.0,1.0,1.0,1.0
DiffSBDD,11,audit_failure_count_qedsa,DiffSBDD,3nfb-A-rec-3nfb-oae-lig-tt-docked-2-pocket10_3nfb-A-rec-3nfb-oae-lig-tt-docked-2,10,10,1.0,1.0,0.0,0.0,1.0,1.0,1.0,1.0,1.0,1.0
DiffSBDD,11,phys_logreg_full,DiffSBDD,3nfb-A-rec-3nfb-oae-lig-tt-docked-2-pocket10_3nfb-A-rec-3nfb-oae-lig-tt-docked-2,10,10,1.0,1.0,0.0,0.0,1.0,1.0,1.0,1.0,1.0,1.0
DiffSBDD,11,phys_hgb_full,DiffSBDD,3nfb-A-rec-3nfb-oae-lig-tt-docked-2-pocket10_3nfb-A-rec-3nfb-oae-lig-tt-docked-2,10,10,1.0,1.0,0.0,0.0,1.0,1.0,1.0,1.0,1.0,1.0
DiffSBDD,11,phys_rf_direct_excluded,DiffSBDD,3nfb-A-rec-3nfb-oae-lig-tt-docked-2-pocket10_3nfb-A-rec-3nfb-oae-lig-tt-docked-2,10,10,1.0,0.9,99.99999999999997,100.0,0.9,1.0,1.0,1.0,1.0,1.0
DiffSBDD,11,phys_rf_full,DiffSBDD,3nfb-A-rec-3nfb-oae-lig-tt-docked-2-pocket10_3nfb-A-rec-3nfb-oae-lig-tt-docked-2,10,10,1.0,0.9,99.99999999999997,100.0,0.9,1.0,1.0,1.0,1.0,1.0
DiffSBDD,11,qed_sa,DiffSBDD,3u9f-C-rec-3u9f-clm-lig-tt-min-0-pocket10_3u9f-C-rec-3u9f-clm-lig-tt-min-0,10,10,1.0,1.0,0.0,0.0,1.0,1.0,1.0,1.0,1.0,1.0
DiffSBDD,11,contact_clash_rule,DiffSBDD,3u9f-C-rec-3u9f-clm-lig-tt-min-0-pocket10_3u9f-C-rec-3u9f-clm-lig-tt-min-0,10,10,1.0,1.0,0.0,0.0,1.0,1.0,1.0,1.0,1.0,1.0
DiffSBDD,11,full_audit_gate_qedsa_fixed_budget,DiffSBDD,3u9f-C-rec-3u9f-clm-lig-tt-min-0-pocket10_3u9f-C-rec-3u9f-clm-lig-tt-min-0,10,10,1.0,1.0,0.0,0.0,1.0,1.0,1.0,1.0,1.0,1.0
DiffSBDD,11,full_audit_gate_qedsa_no_backfill,DiffSBDD,3u9f-C-rec-3u9f-clm-lig-tt-min-0-pocket10_3u9f-C-rec-3u9f-clm-lig-tt-min-0,10,10,1.0,1.0,0.0,0.0,1.0,1.0,1.0,1.0,1.0,1.0
DiffSBDD,11,audit_failure_count_qedsa,DiffSBDD,3u9f-C-rec-3u9f-clm-lig-tt-min-0-pocket10_3u9f-C-rec-3u9f-clm-lig-tt-min-0,10,10,1.0,1.0,0.0,0.0,1.0,1.0,1.0,1.0,1.0,1.0
DiffSBDD,11,phys_logreg_full,DiffSBDD,3u9f-C-rec-3u9f-clm-lig-tt-min-0-pocket10_3u9f-C-rec-3u9f-clm-lig-tt-min-0,10,10,1.0,1.0,0.0,0.0,1.0,1.0,1.0,1.0,1.0,1.0
DiffSBDD,11,phys_hgb_full,DiffSBDD,3u9f-C-rec-3u9f-clm-lig-tt-min-0-pocket10_3u9f-C-rec-3u9f-clm-lig-tt-min-0,10,10,1.0,1.0,0.0,0.0,1.0,1.0,1.0,1.0,1.0,1.0
DiffSBDD,11,phys_rf_direct_excluded,DiffSBDD,3u9f-C-rec-3u9f-clm-lig-tt-min-0-pocket10_3u9f-C-rec-3u9f-clm-lig-tt-min-0,10,10,1.0,1.0,0.0,0.0,1.0,1.0,1.0,1.0,1.0,1.0
DiffSBDD,11,phys_rf_full,DiffSBDD,3u9f-C-rec-3u9f-clm-lig-tt-min-0-pocket10_3u9f-C-rec-3u9f-clm-lig-tt-min-0,10,10,1.0,1.0,0.0,0.0,1.0,1.0,1.0,1.0,1.0,1.0
DiffSBDD,11,qed_sa,DiffSBDD,4azf-A-rec-5lxc-7aa-lig-tt-min-0-pocket10_4azf-A-rec-5lxc-7aa-lig-tt-min-0,10,10,1.0,1.0,0.0,0.0,1.0,1.0,1.0,1.0,1.0,1.0
DiffSBDD,11,contact_clash_rule,DiffSBDD,4azf-A-rec-5lxc-7aa-lig-tt-min-0-pocket10_4azf-A-rec-5lxc-7aa-lig-tt-min-0,10,10,1.0,1.0,0.0,0.0,1.0,1.0,1.0,1.0,1.0,1.0
DiffSBDD,11,full_audit_gate_qedsa_fixed_budget,DiffSBDD,4azf-A-rec-5lxc-7aa-lig-tt-min-0-pocket10_4azf-A-rec-5lxc-7aa-lig-tt-min-0,10,10,1.0,1.0,0.0,0.0,1.0,1.0,1.0,1.0,1.0,1.0
DiffSBDD,11,full_audit_gate_qedsa_no_backfill,DiffSBDD,4azf-A-rec-5lxc-7aa-lig-tt-min-0-pocket10_4azf-A-rec-5lxc-7aa-lig-tt-min-0,10,10,1.0,1.0,0.0,0.0,1.0,1.0,1.0,1.0,1.0,1.0
DiffSBDD,11,audit_failure_count_qedsa,DiffSBDD,4azf-A-rec-5lxc-7aa-lig-tt-min-0-pocket10_4azf-A-rec-5lxc-7aa-lig-tt-min-0,10,10,1.0,1.0,0.0,0.0,1.0,1.0,1.0,1.0,1.0,1.0
DiffSBDD,11,phys_logreg_full,DiffSBDD,4azf-A-rec-5lxc-7aa-lig-tt-min-0-pocket10_4azf-A-rec-5lxc-7aa-lig-tt-min-0,10,10,1.0,1.0,0.0,0.0,1.0,1.0,1.0,1.0,1.0,1.0
DiffSBDD,11,phys_hgb_full,DiffSBDD,4azf-A-rec-5lxc-7aa-lig-tt-min-0-pocket10_4azf-A-rec-5lxc-7aa-lig-tt-min-0,10,10,1.0,1.0,0.0,0.0,1.0,1.0,1.0,1.0,1.0,1.0
DiffSBDD,11,phys_rf_direct_excluded,DiffSBDD,4azf-A-rec-5lxc-7aa-lig-tt-min-0-pocket10_4azf-A-rec-5lxc-7aa-lig-tt-min-0,10,10,1.0,1.0,0.0,0.0,1.0,1.0,1.0,1.0,1.0,1.0
DiffSBDD,11,phys_rf_full,DiffSBDD,4azf-A-rec-5lxc-7aa-lig-tt-min-0-pocket10_4azf-A-rec-5lxc-7aa-lig-tt-min-0,10,10,1.0,1.0,0.0,0.0,1.0,1.0,1.0,1.0,1.0,1.0
DiffSBDD,11,qed_sa,DiffSBDD,4d7o-A-rec-3n5z-xfm-lig-tt-min-0-pocket10_4d7o-A-rec-3n5z-xfm-lig-tt-min-0,10,10,1.0,1.0,0.0,0.0,1.0,1.0,1.0,1.0,1.0,1.0
DiffSBDD,11,contact_clash_rule,DiffSBDD,4d7o-A-rec-3n5z-xfm-lig-tt-min-0-pocket10_4d7o-A-rec-3n5z-xfm-lig-tt-min-0,10,10,1.0,1.0,0.0,0.0,1.0,1.0,1.0,1.0,1.0,1.0
DiffSBDD,11,full_audit_gate_qedsa_fixed_budget,DiffSBDD,4d7o-A-rec-3n5z-xfm-lig-tt-min-0-pocket10_4d7o-A-rec-3n5z-xfm-lig-tt-min-0,10,10,1.0,1.0,0.0,0.0,1.0,1.0,1.0,1.0,1.0,1.0
DiffSBDD,11,full_audit_gate_qedsa_no_backfill,DiffSBDD,4d7o-A-rec-3n5z-xfm-lig-tt-min-0-pocket10_4d7o-A-rec-3n5z-xfm-lig-tt-min-0,10,10,1.0,1.0,0.0,0.0,1.0,1.0,1.0,1.0,1.0,1.0
DiffSBDD,11,audit_failure_count_qedsa,DiffSBDD,4d7o-A-rec-3n5z-xfm-lig-tt-min-0-pocket10_4d7o-A-rec-3n5z-xfm-lig-tt-min-0,10,10,1.0,1.0,0.0,0.0,1.0,1.0,1.0,1.0,1.0,1.0
DiffSBDD,11,phys_logreg_full,DiffSBDD,4d7o-A-rec-3n5z-xfm-lig-tt-min-0-pocket10_4d7o-A-rec-3n5z-xfm-lig-tt-min-0,10,10,1.0,1.0,0.0,0.0,1.0,1.0,1.0,1.0,1.0,1.0
DiffSBDD,11,phys_hgb_full,DiffSBDD,4d7o-A-rec-3n5z-xfm-lig-tt-min-0-pocket10_4d7o-A-rec-3n5z-xfm-lig-tt-min-0,10,10,1.0,1.0,0.0,0.0,1.0,1.0,1.0,1.0,1.0,1.0
DiffSBDD,11,phys_rf_direct_excluded,DiffSBDD,4d7o-A-rec-3n5z-xfm-lig-tt-min-0-pocket10_4d7o-A-rec-3n5z-xfm-lig-tt-min-0,10,10,1.0,1.0,0.0,0.0,1.0,1.0,1.0,1.0,1.0,1.0
DiffSBDD,11,phys_rf_full,DiffSBDD,4d7o-A-rec-3n5z-xfm-lig-tt-min-0-pocket10_4d7o-A-rec-3n5z-xfm-lig-tt-min-0,10,10,1.0,1.0,0.0,0.0,1.0,1.0,1.0,1.0,1.0,1.0
DiffSBDD,11,qed_sa,DiffSBDD,4bel-A-rec-2ewy-dbo-lig-tt-min-0-pocket10_4bel-A-rec-2ewy-dbo-lig-tt-min-0,10,10,1.0,1.0,0.0,0.0,1.0,1.0,1.0,1.0,1.0,1.0
DiffSBDD,11,contact_clash_rule,DiffSBDD,4bel-A-rec-2ewy-dbo-lig-tt-min-0-pocket10_4bel-A-rec-2ewy-dbo-lig-tt-min-0,10,10,1.0,1.0,0.0,0.0,1.0,1.0,1.0,1.0,1.0,1.0
DiffSBDD,11,full_audit_gate_qedsa_fixed_budget,DiffSBDD,4bel-A-rec-2ewy-dbo-lig-tt-min-0-pocket10_4bel-A-rec-2ewy-dbo-lig-tt-min-0,10,10,1.0,1.0,0.0,0.0,1.0,1.0,1.0,1.0,1.0,1.0
DiffSBDD,11,full_audit_gate_qedsa_no_backfill,DiffSBDD,4bel-A-rec-2ewy-dbo-lig-tt-min-0-pocket10_4bel-A-rec-2ewy-dbo-lig-tt-min-0,10,10,1.0,1.0,0.0,0.0,1.0,1.0,1.0,1.0,1.0,1.0
DiffSBDD,11,audit_failure_count_qedsa,DiffSBDD,4bel-A-rec-2ewy-dbo-lig-tt-min-0-pocket10_4bel-A-rec-2ewy-dbo-lig-tt-min-0,10,10,1.0,1.0,0.0,0.0,1.0,1.0,1.0,1.0,1.0,1.0
DiffSBDD,11,phys_logreg_full,DiffSBDD,4bel-A-rec-2ewy-dbo-lig-tt-min-0-pocket10_4bel-A-rec-2ewy-dbo-lig-tt-min-0,10,10,1.0,1.0,0.0,0.0,1.0,1.0,1.0,1.0,1.0,1.0
DiffSBDD,11,phys_hgb_full,DiffSBDD,4bel-A-rec-2ewy-dbo-lig-tt-min-0-pocket10_4bel-A-rec-2ewy-dbo-lig-tt-min-0,10,10,1.0,0.9,99.99999999999997,100.0,1.0,0.9,0.9,1.0,1.0,1.0
DiffSBDD,11,phys_rf_direct_excluded,DiffSBDD,4bel-A-rec-2ewy-dbo-lig-tt-min-0-pocket10_4bel-A-rec-2ewy-dbo-lig-tt-min-0,10,10,1.0,1.0,0.0,0.0,1.0,1.0,1.0,1.0,1.0,1.0
DiffSBDD,11,phys_rf_full,DiffSBDD,4bel-A-rec-2ewy-dbo-lig-tt-min-0-pocket10_4bel-A-rec-2ewy-dbo-lig-tt-min-0,10,10,1.0,1.0,0.0,0.0,1.0,1.0,1.0,1.0,1.0,1.0
DiffSBDD,11,qed_sa,DiffSBDD,4aaw-A-rec-4ac3-r83-lig-tt-min-0-pocket10_4aaw-A-rec-4ac3-r83-lig-tt-min-0,10,10,1.0,0.9,99.99999999999997,100.0,1.0,0.9,0.9,1.0,1.0,1.0
DiffSBDD,11,contact_clash_rule,DiffSBDD,4aaw-A-rec-4ac3-r83-lig-tt-min-0-pocket10_4aaw-A-rec-4ac3-r83-lig-tt-min-0,10,10,1.0,1.0,0.0,0.0,1.0,1.0,1.0,1.0,1.0,1.0
DiffSBDD,11,full_audit_gate_qedsa_fixed_budget,DiffSBDD,4aaw-A-rec-4ac3-r83-lig-tt-min-0-pocket10_4aaw-A-rec-4ac3-r83-lig-tt-min-0,10,10,1.0,0.9,99.99999999999997,100.0,1.0,0.9,0.9,1.0,1.0,1.0
DiffSBDD,11,full_audit_gate_qedsa_no_backfill,DiffSBDD,4aaw-A-rec-4ac3-r83-lig-tt-min-0-pocket10_4aaw-A-rec-4ac3-r83-lig-tt-min-0,10,10,1.0,0.9,99.99999999999997,100.0,1.0,0.9,0.9,1.0,1.0,1.0
DiffSBDD,11,audit_failure_count_qedsa,DiffSBDD,4aaw-A-rec-4ac3-r83-lig-tt-min-0-pocket10_4aaw-A-rec-4ac3-r83-lig-tt-min-0,10,10,1.0,0.9,99.99999999999997,100.0,1.0,0.9,0.9,1.0,1.0,1.0
DiffSBDD,11,phys_logreg_full,DiffSBDD,4aaw-A-rec-4ac3-r83-lig-tt-min-0-pocket10_4aaw-A-rec-4ac3-r83-lig-tt-min-0,10,10,1.0,0.9,99.99999999999997,100.0,1.0,0.9,0.9,1.0,1.0,1.0
DiffSBDD,11,phys_hgb_full,DiffSBDD,4aaw-A-rec-4ac3-r83-lig-tt-min-0-pocket10_4aaw-A-rec-4ac3-r83-lig-tt-min-0,10,10,1.0,0.9,99.99999999999997,100.0,1.0,0.9,0.9,1.0,1.0,1.0
DiffSBDD,11,phys_rf_direct_excluded,DiffSBDD,4aaw-A-rec-4ac3-r83-lig-tt-min-0-pocket10_4aaw-A-rec-4ac3-r83-lig-tt-min-0,10,10,1.0,1.0,0.0,0.0,1.0,1.0,1.0,1.0,1.0,1.0
DiffSBDD,11,phys_rf_full,DiffSBDD,4aaw-A-rec-4ac3-r83-lig-tt-min-0-pocket10_4aaw-A-rec-4ac3-r83-lig-tt-min-0,10,10,1.0,1.0,0.0,0.0,1.0,1.0,1.0,1.0,1.0,1.0
DiffSBDD,11,qed_sa,DiffSBDD,3v4t-A-rec-4e7f-udp-lig-tt-min-0-pocket10_3v4t-A-rec-4e7f-udp-lig-tt-min-0,10,10,1.0,0.8,199.99999999999994,200.0,0.8,1.0,1.0,1.0,1.0,1.0
DiffSBDD,11,contact_clash_rule,DiffSBDD,3v4t-A-rec-4e7f-udp-lig-tt-min-0-pocket10_3v4t-A-rec-4e7f-udp-lig-tt-min-0,10,10,1.0,1.0,0.0,0.0,1.0,1.0,1.0,1.0,1.0,1.0
DiffSBDD,11,full_audit_gate_qedsa_fixed_budget,DiffSBDD,3v4t-A-rec-4e7f-udp-lig-tt-min-0-pocket10_3v4t-A-rec-4e7f-udp-lig-tt-min-0,10,10,1.0,0.8,199.99999999999994,200.0,0.8,1.0,1.0,1.0,1.0,1.0
DiffSBDD,11,full_audit_gate_qedsa_no_backfill,DiffSBDD,3v4t-A-rec-4e7f-udp-lig-tt-min-0-pocket10_3v4t-A-rec-4e7f-udp-lig-tt-min-0,10,10,1.0,0.8,199.99999999999994,200.0,0.8,1.0,1.0,1.0,1.0,1.0
DiffSBDD,11,audit_failure_count_qedsa,DiffSBDD,3v4t-A-rec-4e7f-udp-lig-tt-min-0-pocket10_3v4t-A-rec-4e7f-udp-lig-tt-min-0,10,10,1.0,0.8,199.99999999999994,200.0,0.8,1.0,1.0,1.0,1.0,1.0
DiffSBDD,11,phys_logreg_full,DiffSBDD,3v4t-A-rec-4e7f-udp-lig-tt-min-0-pocket10_3v4t-A-rec-4e7f-udp-lig-tt-min-0,10,10,1.0,1.0,0.0,0.0,1.0,1.0,1.0,1.0,1.0,1.0
DiffSBDD,11,phys_hgb_full,DiffSBDD,3v4t-A-rec-4e7f-udp-lig-tt-min-0-pocket10_3v4t-A-rec-4e7f-udp-lig-tt-min-0,10,10,1.0,1.0,0.0,0.0,1.0,1.0,1.0,1.0,1.0,1.0
DiffSBDD,11,phys_rf_direct_excluded,DiffSBDD,3v4t-A-rec-4e7f-udp-lig-tt-min-0-pocket10_3v4t-A-rec-4e7f-udp-lig-tt-min-0,10,10,1.0,0.9,99.99999999999997,100.0,1.0,0.9,0.9,1.0,1.0,1.0
DiffSBDD,11,phys_rf_full,DiffSBDD,3v4t-A-rec-4e7f-udp-lig-tt-min-0-pocket10_3v4t-A-rec-4e7f-udp-lig-tt-min-0,10,10,1.0,0.9,99.99999999999997,100.0,1.0,0.9,0.9,1.0,1.0,1.0
DiffSBDD,11,qed_sa,DiffSBDD,4f1m-A-rec-4f1m-acp-lig-tt-min-0-pocket10_4f1m-A-rec-4f1m-acp-lig-tt-min-0,10,10,1.0,1.0,0.0,0.0,1.0,1.0,1.0,1.0,1.0,1.0
DiffSBDD,11,contact_clash_rule,DiffSBDD,4f1m-A-rec-4f1m-acp-lig-tt-min-0-pocket10_4f1m-A-rec-4f1m-acp-lig-tt-min-0,10,10,1.0,1.0,0.0,0.0,1.0,1.0,1.0,1.0,1.0,1.0
DiffSBDD,11,full_audit_gate_qedsa_fixed_budget,DiffSBDD,4f1m-A-rec-4f1m-acp-lig-tt-min-0-pocket10_4f1m-A-rec-4f1m-acp-lig-tt-min-0,10,10,1.0,1.0,0.0,0.0,1.0,1.0,1.0,1.0,1.0,1.0
DiffSBDD,11,full_audit_gate_qedsa_no_backfill,DiffSBDD,4f1m-A-rec-4f1m-acp-lig-tt-min-0-pocket10_4f1m-A-rec-4f1m-acp-lig-tt-min-0,10,10,1.0,1.0,0.0,0.0,1.0,1.0,1.0,1.0,1.0,1.0
DiffSBDD,11,audit_failure_count_qedsa,DiffSBDD,4f1m-A-rec-4f1m-acp-lig-tt-min-0-pocket10_4f1m-A-rec-4f1m-acp-lig-tt-min-0,10,10,1.0,1.0,0.0,0.0,1.0,1.0,1.0,1.0,1.0,1.0
DiffSBDD,11,phys_logreg_full,DiffSBDD,4f1m-A-rec-4f1m-acp-lig-tt-min-0-pocket10_4f1m-A-rec-4f1m-acp-lig-tt-min-0,10,10,1.0,1.0,0.0,0.0,1.0,1.0,1.0,1.0,1.0,1.0
DiffSBDD,11,phys_hgb_full,DiffSBDD,4f1m-A-rec-4f1m-acp-lig-tt-min-0-pocket10_4f1m-A-rec-4f1m-acp-lig-tt-min-0,10,10,1.0,1.0,0.0,0.0,1.0,1.0,1.0,1.0,1.0,1.0
DiffSBDD,11,phys_rf_direct_excluded,DiffSBDD,4f1m-A-rec-4f1m-acp-lig-tt-min-0-pocket10_4f1m-A-rec-4f1m-acp-lig-tt-min-0,10,10,1.0,1.0,0.0,0.0,1.0,1.0,1.0,1.0,1.0,1.0
DiffSBDD,11,phys_rf_full,DiffSBDD,4f1m-A-rec-4f1m-acp-lig-tt-min-0-pocket10_4f1m-A-rec-4f1m-acp-lig-tt-min-0,10,10,1.0,1.0,0.0,0.0,1.0,1.0,1.0,1.0,1.0,1.0
DiffSBDD,11,qed_sa,DiffSBDD,3u5y-B-rec-3u57-dh8-lig-tt-min-0-pocket10_3u5y-B-rec-3u57-dh8-lig-tt-min-0,10,10,1.0,0.9,99.99999999999997,100.0,0.9,1.0,1.0,1.0,1.0,1.0
DiffSBDD,11,contact_clash_rule,DiffSBDD,3u5y-B-rec-3u57-dh8-lig-tt-min-0-pocket10_3u5y-B-rec-3u57-dh8-lig-tt-min-0,10,10,1.0,1.0,0.0,0.0,1.0,1.0,1.0,1.0,1.0,1.0
DiffSBDD,11,full_audit_gate_qedsa_fixed_budget,DiffSBDD,3u5y-B-rec-3u57-dh8-lig-tt-min-0-pocket10_3u5y-B-rec-3u57-dh8-lig-tt-min-0,10,10,1.0,0.9,99.99999999999997,100.0,0.9,1.0,1.0,1.0,1.0,1.0
DiffSBDD,11,full_audit_gate_qedsa_no_backfill,DiffSBDD,3u5y-B-rec-3u57-dh8-lig-tt-min-0-pocket10_3u5y-B-rec-3u57-dh8-lig-tt-min-0,10,10,1.0,0.9,99.99999999999997,100.0,0.9,1.0,1.0,1.0,1.0,1.0
DiffSBDD,11,audit_failure_count_qedsa,DiffSBDD,3u5y-B-rec-3u57-dh8-lig-tt-min-0-pocket10_3u5y-B-rec-3u57-dh8-lig-tt-min-0,10,10,1.0,0.9,99.99999999999997,100.0,0.9,1.0,1.0,1.0,1.0,1.0
DiffSBDD,11,phys_logreg_full,DiffSBDD,3u5y-B-rec-3u57-dh8-lig-tt-min-0-pocket10_3u5y-B-rec-3u57-dh8-lig-tt-min-0,10,10,1.0,1.0,0.0,0.0,1.0,1.0,1.0,1.0,1.0,1.0
DiffSBDD,11,phys_hgb_full,DiffSBDD,3u5y-B-rec-3u57-dh8-lig-tt-min-0-pocket10_3u5y-B-rec-3u57-dh8-lig-tt-min-0,10,10,1.0,1.0,0.0,0.0,1.0,1.0,1.0,1.0,1.0,1.0
DiffSBDD,11,phys_rf_direct_excluded,DiffSBDD,3u5y-B-rec-3u57-dh8-lig-tt-min-0-pocket10_3u5y-B-rec-3u57-dh8-lig-tt-min-0,10,10,1.0,1.0,0.0,0.0,1.0,1.0,1.0,1.0,1.0,1.0
DiffSBDD,11,phys_rf_full,DiffSBDD,3u5y-B-rec-3u57-dh8-lig-tt-min-0-pocket10_3u5y-B-rec-3u57-dh8-lig-tt-min-0,10,10,1.0,1.0,0.0,0.0,1.0,1.0,1.0,1.0,1.0,1.0
DiffSBDD,11,qed_sa,DiffSBDD,4g3d-B-rec-4idv-13v-lig-tt-min-0-pocket10_4g3d-B-rec-4idv-13v-lig-tt-min-0,10,10,1.0,0.9,99.99999999999997,100.0,0.9,1.0,1.0,1.0,1.0,1.0
DiffSBDD,11,contact_clash_rule,DiffSBDD,4g3d-B-rec-4idv-13v-lig-tt-min-0-pocket10_4g3d-B-rec-4idv-13v-lig-tt-min-0,10,10,1.0,1.0,0.0,0.0,1.0,1.0,1.0,1.0,1.0,1.0
DiffSBDD,11,full_audit_gate_qedsa_fixed_budget,DiffSBDD,4g3d-B-rec-4idv-13v-lig-tt-min-0-pocket10_4g3d-B-rec-4idv-13v-lig-tt-min-0,10,10,1.0,0.9,99.99999999999997,100.0,0.9,1.0,1.0,1.0,1.0,1.0
DiffSBDD,11,full_audit_gate_qedsa_no_backfill,DiffSBDD,4g3d-B-rec-4idv-13v-lig-tt-min-0-pocket10_4g3d-B-rec-4idv-13v-lig-tt-min-0,10,10,1.0,0.9,99.99999999999997,100.0,0.9,1.0,1.0,1.0,1.0,1.0
DiffSBDD,11,audit_failure_count_qedsa,DiffSBDD,4g3d-B-rec-4idv-13v-lig-tt-min-0-pocket10_4g3d-B-rec-4idv-13v-lig-tt-min-0,10,10,1.0,0.9,99.99999999999997,100.0,0.9,1.0,1.0,1.0,1.0,1.0
DiffSBDD,11,phys_logreg_full,DiffSBDD,4g3d-B-rec-4idv-13v-lig-tt-min-0-pocket10_4g3d-B-rec-4idv-13v-lig-tt-min-0,10,10,1.0,1.0,0.0,0.0,1.0,1.0,1.0,1.0,1.0,1.0
DiffSBDD,11,phys_hgb_full,DiffSBDD,4g3d-B-rec-4idv-13v-lig-tt-min-0-pocket10_4g3d-B-rec-4idv-13v-lig-tt-min-0,10,10,1.0,1.0,0.0,0.0,1.0,1.0,1.0,1.0,1.0,1.0
DiffSBDD,11,phys_rf_direct_excluded,DiffSBDD,4g3d-B-rec-4idv-13v-lig-tt-min-0-pocket10_4g3d-B-rec-4idv-13v-lig-tt-min-0,10,10,1.0,1.0,0.0,0.0,1.0,1.0,1.0,1.0,1.0,1.0
DiffSBDD,11,phys_rf_full,DiffSBDD,4g3d-B-rec-4idv-13v-lig-tt-min-0-pocket10_4g3d-B-rec-4idv-13v-lig-tt-min-0,10,10,1.0,1.0,0.0,0.0,1.0,1.0,1.0,1.0,1.0,1.0
DiffSBDD,11,qed_sa,DiffSBDD,4gvd-A-rec-4nxr-ans-lig-tt-min-0-pocket10_4gvd-A-rec-4nxr-ans-lig-tt-min-0,10,10,1.0,1.0,0.0,0.0,1.0,1.0,1.0,1.0,1.0,1.0
DiffSBDD,11,contact_clash_rule,DiffSBDD,4gvd-A-rec-4nxr-ans-lig-tt-min-0-pocket10_4gvd-A-rec-4nxr-ans-lig-tt-min-0,10,10,1.0,0.9,99.99999999999997,100.0,1.0,0.9,0.9,1.0,0.9,1.0
DiffSBDD,11,full_audit_gate_qedsa_fixed_budget,DiffSBDD,4gvd-A-rec-4nxr-ans-lig-tt-min-0-pocket10_4gvd-A-rec-4nxr-ans-lig-tt-min-0,10,10,1.0,1.0,0.0,0.0,1.0,1.0,1.0,1.0,1.0,1.0
DiffSBDD,11,full_audit_gate_qedsa_no_backfill,DiffSBDD,4gvd-A-rec-4nxr-ans-lig-tt-min-0-pocket10_4gvd-A-rec-4nxr-ans-lig-tt-min-0,10,10,1.0,1.0,0.0,0.0,1.0,1.0,1.0,1.0,1.0,1.0
DiffSBDD,11,audit_failure_count_qedsa,DiffSBDD,4gvd-A-rec-4nxr-ans-lig-tt-min-0-pocket10_4gvd-A-rec-4nxr-ans-lig-tt-min-0,10,10,1.0,1.0,0.0,0.0,1.0,1.0,1.0,1.0,1.0,1.0
DiffSBDD,11,phys_logreg_full,DiffSBDD,4gvd-A-rec-4nxr-ans-lig-tt-min-0-pocket10_4gvd-A-rec-4nxr-ans-lig-tt-min-0,10,10,1.0,1.0,0.0,0.0,1.0,1.0,1.0,1.0,1.0,1.0
DiffSBDD,11,phys_hgb_full,DiffSBDD,4gvd-A-rec-4nxr-ans-lig-tt-min-0-pocket10_4gvd-A-rec-4nxr-ans-lig-tt-min-0,10,10,1.0,1.0,0.0,0.0,1.0,1.0,1.0,1.0,1.0,1.0
DiffSBDD,11,phys_rf_direct_excluded,DiffSBDD,4gvd-A-rec-4nxr-ans-lig-tt-min-0-pocket10_4gvd-A-rec-4nxr-ans-lig-tt-min-0,10,10,1.0,0.9,99.99999999999997,100.0,0.9,1.0,1.0,1.0,1.0,1.0
DiffSBDD,11,phys_rf_full,DiffSBDD,4gvd-A-rec-4nxr-ans-lig-tt-min-0-pocket10_4gvd-A-rec-4nxr-ans-lig-tt-min-0,10,10,1.0,1.0,0.0,0.0,1.0,1.0,1.0,1.0,1.0,1.0
DiffSBDD,11,qed_sa,DiffSBDD,4h3c-A-rec-5cqj-53q-lig-tt-docked-2-pocket10_4h3c-A-rec-5cqj-53q-lig-tt-docked-2,10,10,1.0,1.0,0.0,0.0,1.0,1.0,1.0,1.0,1.0,1.0
DiffSBDD,11,contact_clash_rule,DiffSBDD,4h3c-A-rec-5cqj-53q-lig-tt-docked-2-pocket10_4h3c-A-rec-5cqj-53q-lig-tt-docked-2,10,10,1.0,1.0,0.0,0.0,1.0,1.0,1.0,1.0,1.0,1.0
DiffSBDD,11,full_audit_gate_qedsa_fixed_budget,DiffSBDD,4h3c-A-rec-5cqj-53q-lig-tt-docked-2-pocket10_4h3c-A-rec-5cqj-53q-lig-tt-docked-2,10,10,1.0,1.0,0.0,0.0,1.0,1.0,1.0,1.0,1.0,1.0
DiffSBDD,11,full_audit_gate_qedsa_no_backfill,DiffSBDD,4h3c-A-rec-5cqj-53q-lig-tt-docked-2-pocket10_4h3c-A-rec-5cqj-53q-lig-tt-docked-2,10,10,1.0,1.0,0.0,0.0,1.0,1.0,1.0,1.0,1.0,1.0
DiffSBDD,11,audit_failure_count_qedsa,DiffSBDD,4h3c-A-rec-5cqj-53q-lig-tt-docked-2-pocket10_4h3c-A-rec-5cqj-53q-lig-tt-docked-2,10,10,1.0,1.0,0.0,0.0,1.0,1.0,1.0,1.0,1.0,1.0
DiffSBDD,11,phys_logreg_full,DiffSBDD,4h3c-A-rec-5cqj-53q-lig-tt-docked-2-pocket10_4h3c-A-rec-5cqj-53q-lig-tt-docked-2,10,10,1.0,1.0,0.0,0.0,1.0,1.0,1.0,1.0,1.0,1.0
DiffSBDD,11,phys_hgb_full,DiffSBDD,4h3c-A-rec-5cqj-53q-lig-tt-docked-2-pocket10_4h3c-A-rec-5cqj-53q-lig-tt-docked-2,10,10,1.0,1.0,0.0,0.0,1.0,1.0,1.0,1.0,1.0,1.0
DiffSBDD,11,phys_rf_direct_excluded,DiffSBDD,4h3c-A-rec-5cqj-53q-lig-tt-docked-2-pocket10_4h3c-A-rec-5cqj-53q-lig-tt-docked-2,10,10,1.0,1.0,0.0,0.0,1.0,1.0,1.0,1.0,1.0,1.0
DiffSBDD,11,phys_rf_full,DiffSBDD,4h3c-A-rec-5cqj-53q-lig-tt-docked-2-pocket10_4h3c-A-rec-5cqj-53q-lig-tt-docked-2,10,10,1.0,1.0,0.0,0.0,1.0,1.0,1.0,1.0,1.0,1.0
DiffSBDD,11,qed_sa,DiffSBDD,4q8b-B-rec-4q8b-sxx-lig-tt-min-0-pocket10_4q8b-B-rec-4q8b-sxx-lig-tt-min-0,10,10,1.0,0.9,99.99999999999997,100.0,1.0,0.9,1.0,0.9,1.0,1.0
DiffSBDD,11,contact_clash_rule,DiffSBDD,4q8b-B-rec-4q8b-sxx-lig-tt-min-0-pocket10_4q8b-B-rec-4q8b-sxx-lig-tt-min-0,10,10,1.0,0.9,99.99999999999997,100.0,1.0,0.9,1.0,0.9,1.0,1.0
DiffSBDD,11,full_audit_gate_qedsa_fixed_budget,DiffSBDD,4q8b-B-rec-4q8b-sxx-lig-tt-min-0-pocket10_4q8b-B-rec-4q8b-sxx-lig-tt-min-0,10,10,1.0,0.9,99.99999999999997,100.0,1.0,0.9,1.0,0.9,1.0,1.0
DiffSBDD,11,full_audit_gate_qedsa_no_backfill,DiffSBDD,4q8b-B-rec-4q8b-sxx-lig-tt-min-0-pocket10_4q8b-B-rec-4q8b-sxx-lig-tt-min-0,10,10,1.0,0.9,99.99999999999997,100.0,1.0,0.9,1.0,0.9,1.0,1.0
DiffSBDD,11,audit_failure_count_qedsa,DiffSBDD,4q8b-B-rec-4q8b-sxx-lig-tt-min-0-pocket10_4q8b-B-rec-4q8b-sxx-lig-tt-min-0,10,10,1.0,0.9,99.99999999999997,100.0,1.0,0.9,1.0,0.9,1.0,1.0
DiffSBDD,11,phys_logreg_full,DiffSBDD,4q8b-B-rec-4q8b-sxx-lig-tt-min-0-pocket10_4q8b-B-rec-4q8b-sxx-lig-tt-min-0,10,10,1.0,1.0,0.0,0.0,1.0,1.0,1.0,1.0,1.0,1.0
DiffSBDD,11,phys_hgb_full,DiffSBDD,4q8b-B-rec-4q8b-sxx-lig-tt-min-0-pocket10_4q8b-B-rec-4q8b-sxx-lig-tt-min-0,10,10,1.0,1.0,0.0,0.0,1.0,1.0,1.0,1.0,1.0,1.0
DiffSBDD,11,phys_rf_direct_excluded,DiffSBDD,4q8b-B-rec-4q8b-sxx-lig-tt-min-0-pocket10_4q8b-B-rec-4q8b-sxx-lig-tt-min-0,10,10,1.0,1.0,0.0,0.0,1.0,1.0,1.0,1.0,1.0,1.0
DiffSBDD,11,phys_rf_full,DiffSBDD,4q8b-B-rec-4q8b-sxx-lig-tt-min-0-pocket10_4q8b-B-rec-4q8b-sxx-lig-tt-min-0,10,10,1.0,0.9,99.99999999999997,100.0,1.0,0.9,0.9,1.0,1.0,1.0
DiffSBDD,11,qed_sa,DiffSBDD,4u5s-A-rec-4u54-3c5-lig-tt-min-0-pocket10_4u5s-A-rec-4u54-3c5-lig-tt-min-0,10,10,1.0,0.8,199.99999999999994,200.0,1.0,0.8,0.9,0.9,0.9,1.0
DiffSBDD,11,contact_clash_rule,DiffSBDD,4u5s-A-rec-4u54-3c5-lig-tt-min-0-pocket10_4u5s-A-rec-4u54-3c5-lig-tt-min-0,10,10,1.0,0.6,400.0,400.0,1.0,0.6,0.9,0.8,0.7,1.0
DiffSBDD,11,full_audit_gate_qedsa_fixed_budget,DiffSBDD,4u5s-A-rec-4u54-3c5-lig-tt-min-0-pocket10_4u5s-A-rec-4u54-3c5-lig-tt-min-0,10,10,1.0,0.8,199.99999999999994,200.0,1.0,0.8,0.9,0.9,0.9,1.0
DiffSBDD,11,full_audit_gate_qedsa_no_backfill,DiffSBDD,4u5s-A-rec-4u54-3c5-lig-tt-min-0-pocket10_4u5s-A-rec-4u54-3c5-lig-tt-min-0,10,10,1.0,0.8,199.99999999999994,200.0,1.0,0.8,0.9,0.9,0.9,1.0
DiffSBDD,11,audit_failure_count_qedsa,DiffSBDD,4u5s-A-rec-4u54-3c5-lig-tt-min-0-pocket10_4u5s-A-rec-4u54-3c5-lig-tt-min-0,10,10,1.0,0.8,199.99999999999994,200.0,1.0,0.8,0.9,0.9,0.9,1.0
DiffSBDD,11,phys_logreg_full,DiffSBDD,4u5s-A-rec-4u54-3c5-lig-tt-min-0-pocket10_4u5s-A-rec-4u54-3c5-lig-tt-min-0,10,10,1.0,1.0,0.0,0.0,1.0,1.0,1.0,1.0,1.0,1.0
DiffSBDD,11,phys_hgb_full,DiffSBDD,4u5s-A-rec-4u54-3c5-lig-tt-min-0-pocket10_4u5s-A-rec-4u54-3c5-lig-tt-min-0,10,10,1.0,1.0,0.0,0.0,1.0,1.0,1.0,1.0,1.0,1.0
DiffSBDD,11,phys_rf_direct_excluded,DiffSBDD,4u5s-A-rec-4u54-3c5-lig-tt-min-0-pocket10_4u5s-A-rec-4u54-3c5-lig-tt-min-0,10,10,1.0,1.0,0.0,0.0,1.0,1.0,1.0,1.0,1.0,1.0
DiffSBDD,11,phys_rf_full,DiffSBDD,4u5s-A-rec-4u54-3c5-lig-tt-min-0-pocket10_4u5s-A-rec-4u54-3c5-lig-tt-min-0,10,10,1.0,1.0,0.0,0.0,1.0,1.0,1.0,1.0,1.0,1.0
DiffSBDD,11,qed_sa,DiffSBDD,4rn0-B-rec-4rn1-l8g-lig-tt-min-0-pocket10_4rn0-B-rec-4rn1-l8g-lig-tt-min-0,10,10,1.0,0.9,99.99999999999997,100.0,1.0,0.9,1.0,0.9,0.9,1.0
DiffSBDD,11,contact_clash_rule,DiffSBDD,4rn0-B-rec-4rn1-l8g-lig-tt-min-0-pocket10_4rn0-B-rec-4rn1-l8g-lig-tt-min-0,10,10,1.0,0.6,400.0,400.0,0.9,0.6666666666666666,1.0,0.7777777777777778,0.6666666666666666,1.0
DiffSBDD,11,full_audit_gate_qedsa_fixed_budget,DiffSBDD,4rn0-B-rec-4rn1-l8g-lig-tt-min-0-pocket10_4rn0-B-rec-4rn1-l8g-lig-tt-min-0,10,10,1.0,1.0,0.0,0.0,1.0,1.0,1.0,1.0,1.0,1.0
DiffSBDD,11,full_audit_gate_qedsa_no_backfill,DiffSBDD,4rn0-B-rec-4rn1-l8g-lig-tt-min-0-pocket10_4rn0-B-rec-4rn1-l8g-lig-tt-min-0,10,10,1.0,1.0,0.0,0.0,1.0,1.0,1.0,1.0,1.0,1.0
DiffSBDD,11,audit_failure_count_qedsa,DiffSBDD,4rn0-B-rec-4rn1-l8g-lig-tt-min-0-pocket10_4rn0-B-rec-4rn1-l8g-lig-tt-min-0,10,10,1.0,1.0,0.0,0.0,1.0,1.0,1.0,1.0,1.0,1.0
DiffSBDD,11,phys_logreg_full,DiffSBDD,4rn0-B-rec-4rn1-l8g-lig-tt-min-0-pocket10_4rn0-B-rec-4rn1-l8g-lig-tt-min-0,10,10,1.0,1.0,0.0,0.0,1.0,1.0,1.0,1.0,1.0,1.0
DiffSBDD,11,phys_hgb_full,DiffSBDD,4rn0-B-rec-4rn1-l8g-lig-tt-min-0-pocket10_4rn0-B-rec-4rn1-l8g-lig-tt-min-0,10,10,1.0,1.0,0.0,0.0,1.0,1.0,1.0,1.0,1.0,1.0
DiffSBDD,11,phys_rf_direct_excluded,DiffSBDD,4rn0-B-rec-4rn1-l8g-lig-tt-min-0-pocket10_4rn0-B-rec-4rn1-l8g-lig-tt-min-0,10,10,1.0,0.9,99.99999999999997,100.0,0.9,1.0,1.0,1.0,1.0,1.0
DiffSBDD,11,phys_rf_full,DiffSBDD,4rn0-B-rec-4rn1-l8g-lig-tt-min-0-pocket10_4rn0-B-rec-4rn1-l8g-lig-tt-min-0,10,10,1.0,1.0,0.0,0.0,1.0,1.0,1.0,1.0,1.0,1.0
DiffSBDD,11,qed_sa,DiffSBDD,4iiy-A-rec-3tle-gsu-lig-tt-docked-12-pocket10_4iiy-A-rec-3tle-gsu-lig-tt-docked-12,10,10,1.0,0.9,99.99999999999997,100.0,1.0,0.9,1.0,1.0,0.9,1.0
DiffSBDD,11,contact_clash_rule,DiffSBDD,4iiy-A-rec-3tle-gsu-lig-tt-docked-12-pocket10_4iiy-A-rec-3tle-gsu-lig-tt-docked-12,10,10,1.0,0.9,99.99999999999997,100.0,1.0,0.9,1.0,1.0,0.9,1.0
DiffSBDD,11,full_audit_gate_qedsa_fixed_budget,DiffSBDD,4iiy-A-rec-3tle-gsu-lig-tt-docked-12-pocket10_4iiy-A-rec-3tle-gsu-lig-tt-docked-12,10,10,1.0,0.9,99.99999999999997,100.0,1.0,0.9,1.0,1.0,0.9,1.0
DiffSBDD,11,full_audit_gate_qedsa_no_backfill,DiffSBDD,4iiy-A-rec-3tle-gsu-lig-tt-docked-12-pocket10_4iiy-A-rec-3tle-gsu-lig-tt-docked-12,10,10,1.0,0.9,99.99999999999997,100.0,1.0,0.9,1.0,1.0,0.9,1.0
DiffSBDD,11,audit_failure_count_qedsa,DiffSBDD,4iiy-A-rec-3tle-gsu-lig-tt-docked-12-pocket10_4iiy-A-rec-3tle-gsu-lig-tt-docked-12,10,10,1.0,0.9,99.99999999999997,100.0,1.0,0.9,1.0,1.0,0.9,1.0
DiffSBDD,11,phys_logreg_full,DiffSBDD,4iiy-A-rec-3tle-gsu-lig-tt-docked-12-pocket10_4iiy-A-rec-3tle-gsu-lig-tt-docked-12,10,10,1.0,1.0,0.0,0.0,1.0,1.0,1.0,1.0,1.0,1.0
DiffSBDD,11,phys_hgb_full,DiffSBDD,4iiy-A-rec-3tle-gsu-lig-tt-docked-12-pocket10_4iiy-A-rec-3tle-gsu-lig-tt-docked-12,10,10,1.0,1.0,0.0,0.0,1.0,1.0,1.0,1.0,1.0,1.0
DiffSBDD,11,phys_rf_direct_excluded,DiffSBDD,4iiy-A-rec-3tle-gsu-lig-tt-docked-12-pocket10_4iiy-A-rec-3tle-gsu-lig-tt-docked-12,10,10,1.0,0.9,99.99999999999997,100.0,1.0,0.9,0.9,1.0,1.0,1.0
DiffSBDD,11,phys_rf_full,DiffSBDD,4iiy-A-rec-3tle-gsu-lig-tt-docked-12-pocket10_4iiy-A-rec-3tle-gsu-lig-tt-docked-12,10,10,1.0,0.9,99.99999999999997,100.0,1.0,0.9,0.9,1.0,1.0,1.0
DiffSBDD,11,qed_sa,DiffSBDD,4tqr-A-rec-2xca-doc-lig-tt-min-0-pocket10_4tqr-A-rec-2xca-doc-lig-tt-min-0,10,10,1.0,0.7,300.00000000000006,300.0,1.0,0.7,1.0,0.7,0.7,1.0
DiffSBDD,11,contact_clash_rule,DiffSBDD,4tqr-A-rec-2xca-doc-lig-tt-min-0-pocket10_4tqr-A-rec-2xca-doc-lig-tt-min-0,10,10,1.0,0.9,99.99999999999997,100.0,1.0,0.9,1.0,1.0,0.9,1.0
DiffSBDD,11,full_audit_gate_qedsa_fixed_budget,DiffSBDD,4tqr-A-rec-2xca-doc-lig-tt-min-0-pocket10_4tqr-A-rec-2xca-doc-lig-tt-min-0,10,10,1.0,1.0,0.0,0.0,1.0,1.0,1.0,1.0,1.0,1.0
DiffSBDD,11,full_audit_gate_qedsa_no_backfill,DiffSBDD,4tqr-A-rec-2xca-doc-lig-tt-min-0-pocket10_4tqr-A-rec-2xca-doc-lig-tt-min-0,10,10,1.0,1.0,0.0,0.0,1.0,1.0,1.0,1.0,1.0,1.0
DiffSBDD,11,audit_failure_count_qedsa,DiffSBDD,4tqr-A-rec-2xca-doc-lig-tt-min-0-pocket10_4tqr-A-rec-2xca-doc-lig-tt-min-0,10,10,1.0,1.0,0.0,0.0,1.0,1.0,1.0,1.0,1.0,1.0
DiffSBDD,11,phys_logreg_full,DiffSBDD,4tqr-A-rec-2xca-doc-lig-tt-min-0-pocket10_4tqr-A-rec-2xca-doc-lig-tt-min-0,10,10,1.0,1.0,0.0,0.0,1.0,1.0,1.0,1.0,1.0,1.0
DiffSBDD,11,phys_hgb_full,DiffSBDD,4tqr-A-rec-2xca-doc-lig-tt-min-0-pocket10_4tqr-A-rec-2xca-doc-lig-tt-min-0,10,10,1.0,0.9,99.99999999999997,100.0,1.0,0.9,0.9,1.0,1.0,1.0
DiffSBDD,11,phys_rf_direct_excluded,DiffSBDD,4tqr-A-rec-2xca-doc-lig-tt-min-0-pocket10_4tqr-A-rec-2xca-doc-lig-tt-min-0,10,10,1.0,0.9,99.99999999999997,100.0,1.0,0.9,1.0,1.0,0.9,1.0
DiffSBDD,11,phys_rf_full,DiffSBDD,4tqr-A-rec-2xca-doc-lig-tt-min-0-pocket10_4tqr-A-rec-2xca-doc-lig-tt-min-0,10,10,1.0,1.0,0.0,0.0,1.0,1.0,1.0,1.0,1.0,1.0
DiffSBDD,11,qed_sa,DiffSBDD,4rv4-A-rec-4rv4-prp-lig-tt-docked-2-pocket10_4rv4-A-rec-4rv4-prp-lig-tt-docked-2,10,10,1.0,0.8,199.99999999999994,200.0,1.0,0.8,0.9,1.0,0.9,1.0
DiffSBDD,11,contact_clash_rule,DiffSBDD,4rv4-A-rec-4rv4-prp-lig-tt-docked-2-pocket10_4rv4-A-rec-4rv4-prp-lig-tt-docked-2,10,10,1.0,0.9,99.99999999999997,100.0,1.0,0.9,0.9,1.0,1.0,1.0
DiffSBDD,11,full_audit_gate_qedsa_fixed_budget,DiffSBDD,4rv4-A-rec-4rv4-prp-lig-tt-docked-2-pocket10_4rv4-A-rec-4rv4-prp-lig-tt-docked-2,10,10,1.0,0.8,199.99999999999994,200.0,1.0,0.8,0.9,1.0,0.9,1.0
DiffSBDD,11,full_audit_gate_qedsa_no_backfill,DiffSBDD,4rv4-A-rec-4rv4-prp-lig-tt-docked-2-pocket10_4rv4-A-rec-4rv4-prp-lig-tt-docked-2,10,10,1.0,0.8,199.99999999999994,200.0,1.0,0.8,0.9,1.0,0.9,1.0
DiffSBDD,11,audit_failure_count_qedsa,DiffSBDD,4rv4-A-rec-4rv4-prp-lig-tt-docked-2-pocket10_4rv4-A-rec-4rv4-prp-lig-tt-docked-2,10,10,1.0,0.8,199.99999999999994,200.0,1.0,0.8,0.9,1.0,0.9,1.0
DiffSBDD,11,phys_logreg_full,DiffSBDD,4rv4-A-rec-4rv4-prp-lig-tt-docked-2-pocket10_4rv4-A-rec-4rv4-prp-lig-tt-docked-2,10,10,1.0,0.9,99.99999999999997,100.0,1.0,0.9,0.9,1.0,1.0,1.0
DiffSBDD,11,phys_hgb_full,DiffSBDD,4rv4-A-rec-4rv4-prp-lig-tt-docked-2-pocket10_4rv4-A-rec-4rv4-prp-lig-tt-docked-2,10,10,1.0,1.0,0.0,0.0,1.0,1.0,1.0,1.0,1.0,1.0
DiffSBDD,11,phys_rf_direct_excluded,DiffSBDD,4rv4-A-rec-4rv4-prp-lig-tt-docked-2-pocket10_4rv4-A-rec-4rv4-prp-lig-tt-docked-2,10,10,1.0,1.0,0.0,0.0,1.0,1.0,1.0,1.0,1.0,1.0
DiffSBDD,11,phys_rf_full,DiffSBDD,4rv4-A-rec-4rv4-prp-lig-tt-docked-2-pocket10_4rv4-A-rec-4rv4-prp-lig-tt-docked-2,10,10,1.0,1.0,0.0,0.0,1.0,1.0,1.0,1.0,1.0,1.0
DiffSBDD,11,qed_sa,DiffSBDD,4lfu-A-rec-4y13-480-lig-tt-min-0-pocket10_4lfu-A-rec-4y13-480-lig-tt-min-0,10,10,1.0,1.0,0.0,0.0,1.0,1.0,1.0,1.0,1.0,1.0
DiffSBDD,11,contact_clash_rule,DiffSBDD,4lfu-A-rec-4y13-480-lig-tt-min-0-pocket10_4lfu-A-rec-4y13-480-lig-tt-min-0,10,10,1.0,1.0,0.0,0.0,1.0,1.0,1.0,1.0,1.0,1.0
DiffSBDD,11,full_audit_gate_qedsa_fixed_budget,DiffSBDD,4lfu-A-rec-4y13-480-lig-tt-min-0-pocket10_4lfu-A-rec-4y13-480-lig-tt-min-0,10,10,1.0,1.0,0.0,0.0,1.0,1.0,1.0,1.0,1.0,1.0
DiffSBDD,11,full_audit_gate_qedsa_no_backfill,DiffSBDD,4lfu-A-rec-4y13-480-lig-tt-min-0-pocket10_4lfu-A-rec-4y13-480-lig-tt-min-0,10,10,1.0,1.0,0.0,0.0,1.0,1.0,1.0,1.0,1.0,1.0
DiffSBDD,11,audit_failure_count_qedsa,DiffSBDD,4lfu-A-rec-4y13-480-lig-tt-min-0-pocket10_4lfu-A-rec-4y13-480-lig-tt-min-0,10,10,1.0,1.0,0.0,0.0,1.0,1.0,1.0,1.0,1.0,1.0
DiffSBDD,11,phys_logreg_full,DiffSBDD,4lfu-A-rec-4y13-480-lig-tt-min-0-pocket10_4lfu-A-rec-4y13-480-lig-tt-min-0,10,10,1.0,1.0,0.0,0.0,1.0,1.0,1.0,1.0,1.0,1.0
DiffSBDD,11,phys_hgb_full,DiffSBDD,4lfu-A-rec-4y13-480-lig-tt-min-0-pocket10_4lfu-A-rec-4y13-480-lig-tt-min-0,10,10,1.0,0.9,99.99999999999997,100.0,0.9,1.0,1.0,1.0,1.0,1.0
DiffSBDD,11,phys_rf_direct_excluded,DiffSBDD,4lfu-A-rec-4y13-480-lig-tt-min-0-pocket10_4lfu-A-rec-4y13-480-lig-tt-min-0,10,10,1.0,0.9,99.99999999999997,100.0,0.9,1.0,1.0,1.0,1.0,1.0
DiffSBDD,11,phys_rf_full,DiffSBDD,4lfu-A-rec-4y13-480-lig-tt-min-0-pocket10_4lfu-A-rec-4y13-480-lig-tt-min-0,10,10,1.0,0.9,99.99999999999997,100.0,0.9,1.0,1.0,1.0,1.0,1.0
DiffSBDD,11,qed_sa,DiffSBDD,4pxz-A-rec-4pxz-6ad-lig-tt-min-0-pocket10_4pxz-A-rec-4pxz-6ad-lig-tt-min-0,10,10,1.0,1.0,0.0,0.0,1.0,1.0,1.0,1.0,1.0,1.0
DiffSBDD,11,contact_clash_rule,DiffSBDD,4pxz-A-rec-4pxz-6ad-lig-tt-min-0-pocket10_4pxz-A-rec-4pxz-6ad-lig-tt-min-0,10,10,1.0,1.0,0.0,0.0,1.0,1.0,1.0,1.0,1.0,1.0
DiffSBDD,11,full_audit_gate_qedsa_fixed_budget,DiffSBDD,4pxz-A-rec-4pxz-6ad-lig-tt-min-0-pocket10_4pxz-A-rec-4pxz-6ad-lig-tt-min-0,10,10,1.0,1.0,0.0,0.0,1.0,1.0,1.0,1.0,1.0,1.0
DiffSBDD,11,full_audit_gate_qedsa_no_backfill,DiffSBDD,4pxz-A-rec-4pxz-6ad-lig-tt-min-0-pocket10_4pxz-A-rec-4pxz-6ad-lig-tt-min-0,10,10,1.0,1.0,0.0,0.0,1.0,1.0,1.0,1.0,1.0,1.0
DiffSBDD,11,audit_failure_count_qedsa,DiffSBDD,4pxz-A-rec-4pxz-6ad-lig-tt-min-0-pocket10_4pxz-A-rec-4pxz-6ad-lig-tt-min-0,10,10,1.0,1.0,0.0,0.0,1.0,1.0,1.0,1.0,1.0,1.0
DiffSBDD,11,phys_logreg_full,DiffSBDD,4pxz-A-rec-4pxz-6ad-lig-tt-min-0-pocket10_4pxz-A-rec-4pxz-6ad-lig-tt-min-0,10,10,1.0,1.0,0.0,0.0,1.0,1.0,1.0,1.0,1.0,1.0
DiffSBDD,11,phys_hgb_full,DiffSBDD,4pxz-A-rec-4pxz-6ad-lig-tt-min-0-pocket10_4pxz-A-rec-4pxz-6ad-lig-tt-min-0,10,10,1.0,1.0,0.0,0.0,1.0,1.0,1.0,1.0,1.0,1.0
DiffSBDD,11,phys_rf_direct_excluded,DiffSBDD,4pxz-A-rec-4pxz-6ad-lig-tt-min-0-pocket10_4pxz-A-rec-4pxz-6ad-lig-tt-min-0,10,10,1.0,1.0,0.0,0.0,1.0,1.0,1.0,1.0,1.0,1.0
DiffSBDD,11,phys_rf_full,DiffSBDD,4pxz-A-rec-4pxz-6ad-lig-tt-min-0-pocket10_4pxz-A-rec-4pxz-6ad-lig-tt-min-0,10,10,1.0,1.0,0.0,0.0,1.0,1.0,1.0,1.0,1.0,1.0
DiffSBDD,11,qed_sa,DiffSBDD,4iwq-A-rec-4jlc-su6-lig-tt-min-0-pocket10_4iwq-A-rec-4jlc-su6-lig-tt-min-0,10,10,1.0,0.8,199.99999999999994,200.0,1.0,0.8,0.8,1.0,1.0,1.0
DiffSBDD,11,contact_clash_rule,DiffSBDD,4iwq-A-rec-4jlc-su6-lig-tt-min-0-pocket10_4iwq-A-rec-4jlc-su6-lig-tt-min-0,10,10,1.0,0.8,199.99999999999994,200.0,1.0,0.8,0.8,1.0,1.0,1.0
DiffSBDD,11,full_audit_gate_qedsa_fixed_budget,DiffSBDD,4iwq-A-rec-4jlc-su6-lig-tt-min-0-pocket10_4iwq-A-rec-4jlc-su6-lig-tt-min-0,10,10,1.0,0.8,199.99999999999994,200.0,1.0,0.8,0.8,1.0,1.0,1.0
DiffSBDD,11,full_audit_gate_qedsa_no_backfill,DiffSBDD,4iwq-A-rec-4jlc-su6-lig-tt-min-0-pocket10_4iwq-A-rec-4jlc-su6-lig-tt-min-0,10,10,1.0,0.8,199.99999999999994,200.0,1.0,0.8,0.8,1.0,1.0,1.0
DiffSBDD,11,audit_failure_count_qedsa,DiffSBDD,4iwq-A-rec-4jlc-su6-lig-tt-min-0-pocket10_4iwq-A-rec-4jlc-su6-lig-tt-min-0,10,10,1.0,0.8,199.99999999999994,200.0,1.0,0.8,0.8,1.0,1.0,1.0
DiffSBDD,11,phys_logreg_full,DiffSBDD,4iwq-A-rec-4jlc-su6-lig-tt-min-0-pocket10_4iwq-A-rec-4jlc-su6-lig-tt-min-0,10,10,1.0,1.0,0.0,0.0,1.0,1.0,1.0,1.0,1.0,1.0
DiffSBDD,11,phys_hgb_full,DiffSBDD,4iwq-A-rec-4jlc-su6-lig-tt-min-0-pocket10_4iwq-A-rec-4jlc-su6-lig-tt-min-0,10,10,1.0,1.0,0.0,0.0,1.0,1.0,1.0,1.0,1.0,1.0
DiffSBDD,11,phys_rf_direct_excluded,DiffSBDD,4iwq-A-rec-4jlc-su6-lig-tt-min-0-pocket10_4iwq-A-rec-4jlc-su6-lig-tt-min-0,10,10,1.0,1.0,0.0,0.0,1.0,1.0,1.0,1.0,1.0,1.0
DiffSBDD,11,phys_rf_full,DiffSBDD,4iwq-A-rec-4jlc-su6-lig-tt-min-0-pocket10_4iwq-A-rec-4jlc-su6-lig-tt-min-0,10,10,1.0,1.0,0.0,0.0,1.0,1.0,1.0,1.0,1.0,1.0
DiffSBDD,11,qed_sa,DiffSBDD,4p6p-A-rec-4p77-5rp-lig-tt-docked-0-pocket10_4p6p-A-rec-4p77-5rp-lig-tt-docked-0,10,10,1.0,0.9,99.99999999999997,100.0,1.0,0.9,1.0,0.9,0.9,1.0
DiffSBDD,11,contact_clash_rule,DiffSBDD,4p6p-A-rec-4p77-5rp-lig-tt-docked-0-pocket10_4p6p-A-rec-4p77-5rp-lig-tt-docked-0,10,10,1.0,0.9,99.99999999999997,100.0,1.0,0.9,0.9,1.0,1.0,1.0
DiffSBDD,11,full_audit_gate_qedsa_fixed_budget,DiffSBDD,4p6p-A-rec-4p77-5rp-lig-tt-docked-0-pocket10_4p6p-A-rec-4p77-5rp-lig-tt-docked-0,10,10,1.0,0.9,99.99999999999997,100.0,1.0,0.9,1.0,0.9,0.9,1.0
DiffSBDD,11,full_audit_gate_qedsa_no_backfill,DiffSBDD,4p6p-A-rec-4p77-5rp-lig-tt-docked-0-pocket10_4p6p-A-rec-4p77-5rp-lig-tt-docked-0,10,10,1.0,0.9,99.99999999999997,100.0,1.0,0.9,1.0,0.9,0.9,1.0
DiffSBDD,11,audit_failure_count_qedsa,DiffSBDD,4p6p-A-rec-4p77-5rp-lig-tt-docked-0-pocket10_4p6p-A-rec-4p77-5rp-lig-tt-docked-0,10,10,1.0,0.9,99.99999999999997,100.0,1.0,0.9,1.0,0.9,0.9,1.0
DiffSBDD,11,phys_logreg_full,DiffSBDD,4p6p-A-rec-4p77-5rp-lig-tt-docked-0-pocket10_4p6p-A-rec-4p77-5rp-lig-tt-docked-0,10,10,1.0,1.0,0.0,0.0,1.0,1.0,1.0,1.0,1.0,1.0
DiffSBDD,11,phys_hgb_full,DiffSBDD,4p6p-A-rec-4p77-5rp-lig-tt-docked-0-pocket10_4p6p-A-rec-4p77-5rp-lig-tt-docked-0,10,10,1.0,0.9,99.99999999999997,100.0,1.0,0.9,1.0,0.9,0.9,1.0
DiffSBDD,11,phys_rf_direct_excluded,DiffSBDD,4p6p-A-rec-4p77-5rp-lig-tt-docked-0-pocket10_4p6p-A-rec-4p77-5rp-lig-tt-docked-0,10,10,1.0,0.9,99.99999999999997,100.0,0.9,1.0,1.0,1.0,1.0,1.0
DiffSBDD,11,phys_rf_full,DiffSBDD,4p6p-A-rec-4p77-5rp-lig-tt-docked-0-pocket10_4p6p-A-rec-4p77-5rp-lig-tt-docked-0,10,10,1.0,1.0,0.0,0.0,1.0,1.0,1.0,1.0,1.0,1.0
DiffSBDD,11,qed_sa,DiffSBDD,4kcq-A-rec-4cwv-hw8-lig-tt-min-0-pocket10_4kcq-A-rec-4cwv-hw8-lig-tt-min-0,10,10,1.0,0.9,99.99999999999997,100.0,1.0,0.9,1.0,1.0,0.9,1.0
DiffSBDD,11,contact_clash_rule,DiffSBDD,4kcq-A-rec-4cwv-hw8-lig-tt-min-0-pocket10_4kcq-A-rec-4cwv-hw8-lig-tt-min-0,10,10,1.0,0.9,99.99999999999997,100.0,1.0,0.9,1.0,1.0,0.9,1.0
DiffSBDD,11,full_audit_gate_qedsa_fixed_budget,DiffSBDD,4kcq-A-rec-4cwv-hw8-lig-tt-min-0-pocket10_4kcq-A-rec-4cwv-hw8-lig-tt-min-0,10,10,1.0,0.9,99.99999999999997,100.0,1.0,0.9,1.0,1.0,0.9,1.0
DiffSBDD,11,full_audit_gate_qedsa_no_backfill,DiffSBDD,4kcq-A-rec-4cwv-hw8-lig-tt-min-0-pocket10_4kcq-A-rec-4cwv-hw8-lig-tt-min-0,10,10,1.0,0.9,99.99999999999997,100.0,1.0,0.9,1.0,1.0,0.9,1.0
DiffSBDD,11,audit_failure_count_qedsa,DiffSBDD,4kcq-A-rec-4cwv-hw8-lig-tt-min-0-pocket10_4kcq-A-rec-4cwv-hw8-lig-tt-min-0,10,10,1.0,0.9,99.99999999999997,100.0,1.0,0.9,1.0,1.0,0.9,1.0
DiffSBDD,11,phys_logreg_full,DiffSBDD,4kcq-A-rec-4cwv-hw8-lig-tt-min-0-pocket10_4kcq-A-rec-4cwv-hw8-lig-tt-min-0,10,10,1.0,0.9,99.99999999999997,100.0,1.0,0.9,0.9,1.0,1.0,1.0
DiffSBDD,11,phys_hgb_full,DiffSBDD,4kcq-A-rec-4cwv-hw8-lig-tt-min-0-pocket10_4kcq-A-rec-4cwv-hw8-lig-tt-min-0,10,10,1.0,0.8,199.99999999999994,200.0,1.0,0.8,1.0,1.0,0.8,1.0
DiffSBDD,11,phys_rf_direct_excluded,DiffSBDD,4kcq-A-rec-4cwv-hw8-lig-tt-min-0-pocket10_4kcq-A-rec-4cwv-hw8-lig-tt-min-0,10,10,1.0,0.9,99.99999999999997,100.0,1.0,0.9,1.0,1.0,0.9,1.0
DiffSBDD,11,phys_rf_full,DiffSBDD,4kcq-A-rec-4cwv-hw8-lig-tt-min-0-pocket10_4kcq-A-rec-4cwv-hw8-lig-tt-min-0,10,10,1.0,0.8,199.99999999999994,200.0,1.0,0.8,1.0,1.0,0.8,1.0
DiffSBDD,11,qed_sa,DiffSBDD,4m7t-A-rec-4m7t-sam-lig-tt-min-0-pocket10_4m7t-A-rec-4m7t-sam-lig-tt-min-0,10,10,1.0,0.0,1000.0,1000.0,0.0,,,,,
DiffSBDD,11,contact_clash_rule,DiffSBDD,4m7t-A-rec-4m7t-sam-lig-tt-min-0-pocket10_4m7t-A-rec-4m7t-sam-lig-tt-min-0,10,10,1.0,0.0,1000.0,1000.0,0.0,,,,,
DiffSBDD,11,full_audit_gate_qedsa_fixed_budget,DiffSBDD,4m7t-A-rec-4m7t-sam-lig-tt-min-0-pocket10_4m7t-A-rec-4m7t-sam-lig-tt-min-0,10,10,1.0,0.0,1000.0,1000.0,0.0,,,,,
DiffSBDD,11,full_audit_gate_qedsa_no_backfill,DiffSBDD,4m7t-A-rec-4m7t-sam-lig-tt-min-0-pocket10_4m7t-A-rec-4m7t-sam-lig-tt-min-0,10,10,1.0,0.0,1000.0,1000.0,0.0,,,,,
DiffSBDD,11,audit_failure_count_qedsa,DiffSBDD,4m7t-A-rec-4m7t-sam-lig-tt-min-0-pocket10_4m7t-A-rec-4m7t-sam-lig-tt-min-0,10,10,1.0,0.0,1000.0,1000.0,0.0,,,,,
DiffSBDD,11,phys_logreg_full,DiffSBDD,4m7t-A-rec-4m7t-sam-lig-tt-min-0-pocket10_4m7t-A-rec-4m7t-sam-lig-tt-min-0,10,10,1.0,0.0,1000.0,1000.0,0.0,,,,,
DiffSBDD,11,phys_hgb_full,DiffSBDD,4m7t-A-rec-4m7t-sam-lig-tt-min-0-pocket10_4m7t-A-rec-4m7t-sam-lig-tt-min-0,10,10,1.0,0.0,1000.0,1000.0,0.0,,,,,
DiffSBDD,11,phys_rf_direct_excluded,DiffSBDD,4m7t-A-rec-4m7t-sam-lig-tt-min-0-pocket10_4m7t-A-rec-4m7t-sam-lig-tt-min-0,10,10,1.0,0.0,1000.0,1000.0,0.0,,,,,
DiffSBDD,11,phys_rf_full,DiffSBDD,4m7t-A-rec-4m7t-sam-lig-tt-min-0-pocket10_4m7t-A-rec-4m7t-sam-lig-tt-min-0,10,10,1.0,0.0,1000.0,1000.0,0.0,,,,,
DiffSBDD,11,qed_sa,DiffSBDD,4keu-A-rec-4ket-pg4-lig-tt-min-0-pocket10_4keu-A-rec-4ket-pg4-lig-tt-min-0,10,10,1.0,1.0,0.0,0.0,1.0,1.0,1.0,1.0,1.0,1.0
DiffSBDD,11,contact_clash_rule,DiffSBDD,4keu-A-rec-4ket-pg4-lig-tt-min-0-pocket10_4keu-A-rec-4ket-pg4-lig-tt-min-0,10,10,1.0,1.0,0.0,0.0,1.0,1.0,1.0,1.0,1.0,1.0
DiffSBDD,11,full_audit_gate_qedsa_fixed_budget,DiffSBDD,4keu-A-rec-4ket-pg4-lig-tt-min-0-pocket10_4keu-A-rec-4ket-pg4-lig-tt-min-0,10,10,1.0,1.0,0.0,0.0,1.0,1.0,1.0,1.0,1.0,1.0
DiffSBDD,11,full_audit_gate_qedsa_no_backfill,DiffSBDD,4keu-A-rec-4ket-pg4-lig-tt-min-0-pocket10_4keu-A-rec-4ket-pg4-lig-tt-min-0,10,10,1.0,1.0,0.0,0.0,1.0,1.0,1.0,1.0,1.0,1.0
DiffSBDD,11,audit_failure_count_qedsa,DiffSBDD,4keu-A-rec-4ket-pg4-lig-tt-min-0-pocket10_4keu-A-rec-4ket-pg4-lig-tt-min-0,10,10,1.0,1.0,0.0,0.0,1.0,1.0,1.0,1.0,1.0,1.0
DiffSBDD,11,phys_logreg_full,DiffSBDD,4keu-A-rec-4ket-pg4-lig-tt-min-0-pocket10_4keu-A-rec-4ket-pg4-lig-tt-min-0,10,10,1.0,0.9,99.99999999999997,100.0,1.0,0.9,1.0,1.0,0.9,1.0
DiffSBDD,11,phys_hgb_full,DiffSBDD,4keu-A-rec-4ket-pg4-lig-tt-min-0-pocket10_4keu-A-rec-4ket-pg4-lig-tt-min-0,10,10,1.0,0.9,99.99999999999997,100.0,1.0,0.9,1.0,1.0,0.9,1.0
DiffSBDD,11,phys_rf_direct_excluded,DiffSBDD,4keu-A-rec-4ket-pg4-lig-tt-min-0-pocket10_4keu-A-rec-4ket-pg4-lig-tt-min-0,10,10,1.0,1.0,0.0,0.0,1.0,1.0,1.0,1.0,1.0,1.0
DiffSBDD,11,phys_rf_full,DiffSBDD,4keu-A-rec-4ket-pg4-lig-tt-min-0-pocket10_4keu-A-rec-4ket-pg4-lig-tt-min-0,10,10,1.0,1.0,0.0,0.0,1.0,1.0,1.0,1.0,1.0,1.0
DiffSBDD,11,qed_sa,DiffSBDD,4tos-A-rec-4tos-355-lig-tt-min-0-pocket10_4tos-A-rec-4tos-355-lig-tt-min-0,10,10,1.0,1.0,0.0,0.0,1.0,1.0,1.0,1.0,1.0,1.0
DiffSBDD,11,contact_clash_rule,DiffSBDD,4tos-A-rec-4tos-355-lig-tt-min-0-pocket10_4tos-A-rec-4tos-355-lig-tt-min-0,10,10,1.0,1.0,0.0,0.0,1.0,1.0,1.0,1.0,1.0,1.0
DiffSBDD,11,full_audit_gate_qedsa_fixed_budget,DiffSBDD,4tos-A-rec-4tos-355-lig-tt-min-0-pocket10_4tos-A-rec-4tos-355-lig-tt-min-0,10,10,1.0,1.0,0.0,0.0,1.0,1.0,1.0,1.0,1.0,1.0
DiffSBDD,11,full_audit_gate_qedsa_no_backfill,DiffSBDD,4tos-A-rec-4tos-355-lig-tt-min-0-pocket10_4tos-A-rec-4tos-355-lig-tt-min-0,10,10,1.0,1.0,0.0,0.0,1.0,1.0,1.0,1.0,1.0,1.0
DiffSBDD,11,audit_failure_count_qedsa,DiffSBDD,4tos-A-rec-4tos-355-lig-tt-min-0-pocket10_4tos-A-rec-4tos-355-lig-tt-min-0,10,10,1.0,1.0,0.0,0.0,1.0,1.0,1.0,1.0,1.0,1.0
DiffSBDD,11,phys_logreg_full,DiffSBDD,4tos-A-rec-4tos-355-lig-tt-min-0-pocket10_4tos-A-rec-4tos-355-lig-tt-min-0,10,10,1.0,1.0,0.0,0.0,1.0,1.0,1.0,1.0,1.0,1.0
DiffSBDD,11,phys_hgb_full,DiffSBDD,4tos-A-rec-4tos-355-lig-tt-min-0-pocket10_4tos-A-rec-4tos-355-lig-tt-min-0,10,10,1.0,1.0,0.0,0.0,1.0,1.0,1.0,1.0,1.0,1.0
DiffSBDD,11,phys_rf_direct_excluded,DiffSBDD,4tos-A-rec-4tos-355-lig-tt-min-0-pocket10_4tos-A-rec-4tos-355-lig-tt-min-0,10,10,1.0,0.9,99.99999999999997,100.0,1.0,0.9,0.9,1.0,1.0,1.0
DiffSBDD,11,phys_rf_full,DiffSBDD,4tos-A-rec-4tos-355-lig-tt-min-0-pocket10_4tos-A-rec-4tos-355-lig-tt-min-0,10,10,1.0,0.9,99.99999999999997,100.0,1.0,0.9,0.9,1.0,1.0,1.0
DiffSBDD,11,qed_sa,DiffSBDD,4qlk-A-rec-4qlk-ctt-lig-tt-docked-0-pocket10_4qlk-A-rec-4qlk-ctt-lig-tt-docked-0,10,10,1.0,0.9,99.99999999999997,100.0,1.0,0.9,1.0,1.0,0.9,1.0
DiffSBDD,11,contact_clash_rule,DiffSBDD,4qlk-A-rec-4qlk-ctt-lig-tt-docked-0-pocket10_4qlk-A-rec-4qlk-ctt-lig-tt-docked-0,10,10,1.0,0.9,99.99999999999997,100.0,1.0,0.9,1.0,1.0,0.9,1.0
DiffSBDD,11,full_audit_gate_qedsa_fixed_budget,DiffSBDD,4qlk-A-rec-4qlk-ctt-lig-tt-docked-0-pocket10_4qlk-A-rec-4qlk-ctt-lig-tt-docked-0,10,10,1.0,0.9,99.99999999999997,100.0,1.0,0.9,1.0,1.0,0.9,1.0
DiffSBDD,11,full_audit_gate_qedsa_no_backfill,DiffSBDD,4qlk-A-rec-4qlk-ctt-lig-tt-docked-0-pocket10_4qlk-A-rec-4qlk-ctt-lig-tt-docked-0,10,10,1.0,0.9,99.99999999999997,100.0,1.0,0.9,1.0,1.0,0.9,1.0
DiffSBDD,11,audit_failure_count_qedsa,DiffSBDD,4qlk-A-rec-4qlk-ctt-lig-tt-docked-0-pocket10_4qlk-A-rec-4qlk-ctt-lig-tt-docked-0,10,10,1.0,0.9,99.99999999999997,100.0,1.0,0.9,1.0,1.0,0.9,1.0
DiffSBDD,11,phys_logreg_full,DiffSBDD,4qlk-A-rec-4qlk-ctt-lig-tt-docked-0-pocket10_4qlk-A-rec-4qlk-ctt-lig-tt-docked-0,10,10,1.0,1.0,0.0,0.0,1.0,1.0,1.0,1.0,1.0,1.0
DiffSBDD,11,phys_hgb_full,DiffSBDD,4qlk-A-rec-4qlk-ctt-lig-tt-docked-0-pocket10_4qlk-A-rec-4qlk-ctt-lig-tt-docked-0,10,10,1.0,1.0,0.0,0.0,1.0,1.0,1.0,1.0,1.0,1.0
DiffSBDD,11,phys_rf_direct_excluded,DiffSBDD,4qlk-A-rec-4qlk-ctt-lig-tt-docked-0-pocket10_4qlk-A-rec-4qlk-ctt-lig-tt-docked-0,10,10,1.0,1.0,0.0,0.0,1.0,1.0,1.0,1.0,1.0,1.0
DiffSBDD,11,phys_rf_full,DiffSBDD,4qlk-A-rec-4qlk-ctt-lig-tt-docked-0-pocket10_4qlk-A-rec-4qlk-ctt-lig-tt-docked-0,10,10,1.0,1.0,0.0,0.0,1.0,1.0,1.0,1.0,1.0,1.0
DiffSBDD,11,qed_sa,DiffSBDD,4xli-B-rec-4xli-1n1-lig-tt-min-0-pocket10_4xli-B-rec-4xli-1n1-lig-tt-min-0,10,10,1.0,0.8,199.99999999999994,200.0,1.0,0.8,0.9,1.0,0.9,1.0
DiffSBDD,11,contact_clash_rule,DiffSBDD,4xli-B-rec-4xli-1n1-lig-tt-min-0-pocket10_4xli-B-rec-4xli-1n1-lig-tt-min-0,10,10,1.0,0.8,199.99999999999994,200.0,1.0,0.8,0.9,1.0,0.9,1.0
DiffSBDD,11,full_audit_gate_qedsa_fixed_budget,DiffSBDD,4xli-B-rec-4xli-1n1-lig-tt-min-0-pocket10_4xli-B-rec-4xli-1n1-lig-tt-min-0,10,10,1.0,0.8,199.99999999999994,200.0,1.0,0.8,0.9,1.0,0.9,1.0
DiffSBDD,11,full_audit_gate_qedsa_no_backfill,DiffSBDD,4xli-B-rec-4xli-1n1-lig-tt-min-0-pocket10_4xli-B-rec-4xli-1n1-lig-tt-min-0,10,10,1.0,0.8,199.99999999999994,200.0,1.0,0.8,0.9,1.0,0.9,1.0
DiffSBDD,11,audit_failure_count_qedsa,DiffSBDD,4xli-B-rec-4xli-1n1-lig-tt-min-0-pocket10_4xli-B-rec-4xli-1n1-lig-tt-min-0,10,10,1.0,0.8,199.99999999999994,200.0,1.0,0.8,0.9,1.0,0.9,1.0
DiffSBDD,11,phys_logreg_full,DiffSBDD,4xli-B-rec-4xli-1n1-lig-tt-min-0-pocket10_4xli-B-rec-4xli-1n1-lig-tt-min-0,10,10,1.0,1.0,0.0,0.0,1.0,1.0,1.0,1.0,1.0,1.0
DiffSBDD,11,phys_hgb_full,DiffSBDD,4xli-B-rec-4xli-1n1-lig-tt-min-0-pocket10_4xli-B-rec-4xli-1n1-lig-tt-min-0,10,10,1.0,1.0,0.0,0.0,1.0,1.0,1.0,1.0,1.0,1.0
DiffSBDD,11,phys_rf_direct_excluded,DiffSBDD,4xli-B-rec-4xli-1n1-lig-tt-min-0-pocket10_4xli-B-rec-4xli-1n1-lig-tt-min-0,10,10,1.0,1.0,0.0,0.0,1.0,1.0,1.0,1.0,1.0,1.0
DiffSBDD,11,phys_rf_full,DiffSBDD,4xli-B-rec-4xli-1n1-lig-tt-min-0-pocket10_4xli-B-rec-4xli-1n1-lig-tt-min-0,10,10,1.0,1.0,0.0,0.0,1.0,1.0,1.0,1.0,1.0,1.0
DiffSBDD,11,qed_sa,DiffSBDD,4ja8-B-rec-4ja8-1k9-lig-tt-docked-0-pocket10_4ja8-B-rec-4ja8-1k9-lig-tt-docked-0,10,10,1.0,1.0,0.0,0.0,1.0,1.0,1.0,1.0,1.0,1.0
DiffSBDD,11,contact_clash_rule,DiffSBDD,4ja8-B-rec-4ja8-1k9-lig-tt-docked-0-pocket10_4ja8-B-rec-4ja8-1k9-lig-tt-docked-0,10,10,1.0,0.9,99.99999999999997,100.0,1.0,0.9,0.9,1.0,1.0,1.0
DiffSBDD,11,full_audit_gate_qedsa_fixed_budget,DiffSBDD,4ja8-B-rec-4ja8-1k9-lig-tt-docked-0-pocket10_4ja8-B-rec-4ja8-1k9-lig-tt-docked-0,10,10,1.0,1.0,0.0,0.0,1.0,1.0,1.0,1.0,1.0,1.0
DiffSBDD,11,full_audit_gate_qedsa_no_backfill,DiffSBDD,4ja8-B-rec-4ja8-1k9-lig-tt-docked-0-pocket10_4ja8-B-rec-4ja8-1k9-lig-tt-docked-0,10,10,1.0,1.0,0.0,0.0,1.0,1.0,1.0,1.0,1.0,1.0
DiffSBDD,11,audit_failure_count_qedsa,DiffSBDD,4ja8-B-rec-4ja8-1k9-lig-tt-docked-0-pocket10_4ja8-B-rec-4ja8-1k9-lig-tt-docked-0,10,10,1.0,1.0,0.0,0.0,1.0,1.0,1.0,1.0,1.0,1.0
DiffSBDD,11,phys_logreg_full,DiffSBDD,4ja8-B-rec-4ja8-1k9-lig-tt-docked-0-pocket10_4ja8-B-rec-4ja8-1k9-lig-tt-docked-0,10,10,1.0,1.0,0.0,0.0,1.0,1.0,1.0,1.0,1.0,1.0
DiffSBDD,11,phys_hgb_full,DiffSBDD,4ja8-B-rec-4ja8-1k9-lig-tt-docked-0-pocket10_4ja8-B-rec-4ja8-1k9-lig-tt-docked-0,10,10,1.0,1.0,0.0,0.0,1.0,1.0,1.0,1.0,1.0,1.0
DiffSBDD,11,phys_rf_direct_excluded,DiffSBDD,4ja8-B-rec-4ja8-1k9-lig-tt-docked-0-pocket10_4ja8-B-rec-4ja8-1k9-lig-tt-docked-0,10,10,1.0,1.0,0.0,0.0,1.0,1.0,1.0,1.0,1.0,1.0
DiffSBDD,11,phys_rf_full,DiffSBDD,4ja8-B-rec-4ja8-1k9-lig-tt-docked-0-pocket10_4ja8-B-rec-4ja8-1k9-lig-tt-docked-0,10,10,1.0,1.0,0.0,0.0,1.0,1.0,1.0,1.0,1.0,1.0
DiffSBDD,11,qed_sa,DiffSBDD,4rlu-A-rec-4rlu-hcc-lig-tt-min-0-pocket10_4rlu-A-rec-4rlu-hcc-lig-tt-min-0,10,10,1.0,0.0,1000.0,1000.0,0.0,,,,,
DiffSBDD,11,contact_clash_rule,DiffSBDD,4rlu-A-rec-4rlu-hcc-lig-tt-min-0-pocket10_4rlu-A-rec-4rlu-hcc-lig-tt-min-0,10,10,1.0,0.0,1000.0,1000.0,0.0,,,,,
DiffSBDD,11,full_audit_gate_qedsa_fixed_budget,DiffSBDD,4rlu-A-rec-4rlu-hcc-lig-tt-min-0-pocket10_4rlu-A-rec-4rlu-hcc-lig-tt-min-0,10,10,1.0,0.0,1000.0,1000.0,0.0,,,,,
DiffSBDD,11,full_audit_gate_qedsa_no_backfill,DiffSBDD,4rlu-A-rec-4rlu-hcc-lig-tt-min-0-pocket10_4rlu-A-rec-4rlu-hcc-lig-tt-min-0,10,10,1.0,0.0,1000.0,1000.0,0.0,,,,,
DiffSBDD,11,audit_failure_count_qedsa,DiffSBDD,4rlu-A-rec-4rlu-hcc-lig-tt-min-0-pocket10_4rlu-A-rec-4rlu-hcc-lig-tt-min-0,10,10,1.0,0.0,1000.0,1000.0,0.0,,,,,
DiffSBDD,11,phys_logreg_full,DiffSBDD,4rlu-A-rec-4rlu-hcc-lig-tt-min-0-pocket10_4rlu-A-rec-4rlu-hcc-lig-tt-min-0,10,10,1.0,0.0,1000.0,1000.0,0.0,,,,,
DiffSBDD,11,phys_hgb_full,DiffSBDD,4rlu-A-rec-4rlu-hcc-lig-tt-min-0-pocket10_4rlu-A-rec-4rlu-hcc-lig-tt-min-0,10,10,1.0,0.0,1000.0,1000.0,0.0,,,,,
DiffSBDD,11,phys_rf_direct_excluded,DiffSBDD,4rlu-A-rec-4rlu-hcc-lig-tt-min-0-pocket10_4rlu-A-rec-4rlu-hcc-lig-tt-min-0,10,10,1.0,0.0,1000.0,1000.0,0.0,,,,,
DiffSBDD,11,phys_rf_full,DiffSBDD,4rlu-A-rec-4rlu-hcc-lig-tt-min-0-pocket10_4rlu-A-rec-4rlu-hcc-lig-tt-min-0,10,10,1.0,0.0,1000.0,1000.0,0.0,,,,,
DiffSBDD,11,qed_sa,DiffSBDD,5d7n-D-rec-4jt9-1ns-lig-tt-min-0-pocket10_5d7n-D-rec-4jt9-1ns-lig-tt-min-0,10,10,1.0,1.0,0.0,0.0,1.0,1.0,1.0,1.0,1.0,1.0
DiffSBDD,11,contact_clash_rule,DiffSBDD,5d7n-D-rec-4jt9-1ns-lig-tt-min-0-pocket10_5d7n-D-rec-4jt9-1ns-lig-tt-min-0,10,10,1.0,1.0,0.0,0.0,1.0,1.0,1.0,1.0,1.0,1.0
DiffSBDD,11,full_audit_gate_qedsa_fixed_budget,DiffSBDD,5d7n-D-rec-4jt9-1ns-lig-tt-min-0-pocket10_5d7n-D-rec-4jt9-1ns-lig-tt-min-0,10,10,1.0,1.0,0.0,0.0,1.0,1.0,1.0,1.0,1.0,1.0
DiffSBDD,11,full_audit_gate_qedsa_no_backfill,DiffSBDD,5d7n-D-rec-4jt9-1ns-lig-tt-min-0-pocket10_5d7n-D-rec-4jt9-1ns-lig-tt-min-0,10,10,1.0,1.0,0.0,0.0,1.0,1.0,1.0,1.0,1.0,1.0
DiffSBDD,11,audit_failure_count_qedsa,DiffSBDD,5d7n-D-rec-4jt9-1ns-lig-tt-min-0-pocket10_5d7n-D-rec-4jt9-1ns-lig-tt-min-0,10,10,1.0,1.0,0.0,0.0,1.0,1.0,1.0,1.0,1.0,1.0
DiffSBDD,11,phys_logreg_full,DiffSBDD,5d7n-D-rec-4jt9-1ns-lig-tt-min-0-pocket10_5d7n-D-rec-4jt9-1ns-lig-tt-min-0,10,10,1.0,0.9,99.99999999999997,100.0,1.0,0.9,0.9,1.0,1.0,1.0
DiffSBDD,11,phys_hgb_full,DiffSBDD,5d7n-D-rec-4jt9-1ns-lig-tt-min-0-pocket10_5d7n-D-rec-4jt9-1ns-lig-tt-min-0,10,10,1.0,1.0,0.0,0.0,1.0,1.0,1.0,1.0,1.0,1.0
DiffSBDD,11,phys_rf_direct_excluded,DiffSBDD,5d7n-D-rec-4jt9-1ns-lig-tt-min-0-pocket10_5d7n-D-rec-4jt9-1ns-lig-tt-min-0,10,10,1.0,0.9,99.99999999999997,100.0,1.0,0.9,0.9,1.0,1.0,1.0
DiffSBDD,11,phys_rf_full,DiffSBDD,5d7n-D-rec-4jt9-1ns-lig-tt-min-0-pocket10_5d7n-D-rec-4jt9-1ns-lig-tt-min-0,10,10,1.0,0.9,99.99999999999997,100.0,1.0,0.9,0.9,1.0,1.0,1.0
DiffSBDD,11,qed_sa,DiffSBDD,5b08-A-rec-5b09-4mx-lig-tt-min-0-pocket10_5b08-A-rec-5b09-4mx-lig-tt-min-0,10,10,1.0,0.8,199.99999999999994,200.0,1.0,0.8,0.8,1.0,1.0,1.0
DiffSBDD,11,contact_clash_rule,DiffSBDD,5b08-A-rec-5b09-4mx-lig-tt-min-0-pocket10_5b08-A-rec-5b09-4mx-lig-tt-min-0,10,10,1.0,0.9,99.99999999999997,100.0,1.0,0.9,0.9,1.0,1.0,1.0
DiffSBDD,11,full_audit_gate_qedsa_fixed_budget,DiffSBDD,5b08-A-rec-5b09-4mx-lig-tt-min-0-pocket10_5b08-A-rec-5b09-4mx-lig-tt-min-0,10,10,1.0,0.8,199.99999999999994,200.0,1.0,0.8,0.8,1.0,1.0,1.0
DiffSBDD,11,full_audit_gate_qedsa_no_backfill,DiffSBDD,5b08-A-rec-5b09-4mx-lig-tt-min-0-pocket10_5b08-A-rec-5b09-4mx-lig-tt-min-0,10,10,1.0,0.8,199.99999999999994,200.0,1.0,0.8,0.8,1.0,1.0,1.0
DiffSBDD,11,audit_failure_count_qedsa,DiffSBDD,5b08-A-rec-5b09-4mx-lig-tt-min-0-pocket10_5b08-A-rec-5b09-4mx-lig-tt-min-0,10,10,1.0,0.8,199.99999999999994,200.0,1.0,0.8,0.8,1.0,1.0,1.0
DiffSBDD,11,phys_logreg_full,DiffSBDD,5b08-A-rec-5b09-4mx-lig-tt-min-0-pocket10_5b08-A-rec-5b09-4mx-lig-tt-min-0,10,10,1.0,1.0,0.0,0.0,1.0,1.0,1.0,1.0,1.0,1.0
DiffSBDD,11,phys_hgb_full,DiffSBDD,5b08-A-rec-5b09-4mx-lig-tt-min-0-pocket10_5b08-A-rec-5b09-4mx-lig-tt-min-0,10,10,1.0,1.0,0.0,0.0,1.0,1.0,1.0,1.0,1.0,1.0
DiffSBDD,11,phys_rf_direct_excluded,DiffSBDD,5b08-A-rec-5b09-4mx-lig-tt-min-0-pocket10_5b08-A-rec-5b09-4mx-lig-tt-min-0,10,10,1.0,1.0,0.0,0.0,1.0,1.0,1.0,1.0,1.0,1.0
DiffSBDD,11,phys_rf_full,DiffSBDD,5b08-A-rec-5b09-4mx-lig-tt-min-0-pocket10_5b08-A-rec-5b09-4mx-lig-tt-min-0,10,10,1.0,1.0,0.0,0.0,1.0,1.0,1.0,1.0,1.0,1.0
DiffSBDD,11,qed_sa,DiffSBDD,5aeh-A-rec-5aeh-8ir-lig-tt-docked-0-pocket10_5aeh-A-rec-5aeh-8ir-lig-tt-docked-0,10,10,1.0,0.9,99.99999999999997,100.0,1.0,0.9,0.9,1.0,1.0,1.0
DiffSBDD,11,contact_clash_rule,DiffSBDD,5aeh-A-rec-5aeh-8ir-lig-tt-docked-0-pocket10_5aeh-A-rec-5aeh-8ir-lig-tt-docked-0,10,10,1.0,1.0,0.0,0.0,1.0,1.0,1.0,1.0,1.0,1.0
DiffSBDD,11,full_audit_gate_qedsa_fixed_budget,DiffSBDD,5aeh-A-rec-5aeh-8ir-lig-tt-docked-0-pocket10_5aeh-A-rec-5aeh-8ir-lig-tt-docked-0,10,10,1.0,0.9,99.99999999999997,100.0,1.0,0.9,0.9,1.0,1.0,1.0
DiffSBDD,11,full_audit_gate_qedsa_no_backfill,DiffSBDD,5aeh-A-rec-5aeh-8ir-lig-tt-docked-0-pocket10_5aeh-A-rec-5aeh-8ir-lig-tt-docked-0,10,10,1.0,0.9,99.99999999999997,100.0,1.0,0.9,0.9,1.0,1.0,1.0
DiffSBDD,11,audit_failure_count_qedsa,DiffSBDD,5aeh-A-rec-5aeh-8ir-lig-tt-docked-0-pocket10_5aeh-A-rec-5aeh-8ir-lig-tt-docked-0,10,10,1.0,0.9,99.99999999999997,100.0,1.0,0.9,0.9,1.0,1.0,1.0
DiffSBDD,11,phys_logreg_full,DiffSBDD,5aeh-A-rec-5aeh-8ir-lig-tt-docked-0-pocket10_5aeh-A-rec-5aeh-8ir-lig-tt-docked-0,10,10,1.0,1.0,0.0,0.0,1.0,1.0,1.0,1.0,1.0,1.0
DiffSBDD,11,phys_hgb_full,DiffSBDD,5aeh-A-rec-5aeh-8ir-lig-tt-docked-0-pocket10_5aeh-A-rec-5aeh-8ir-lig-tt-docked-0,10,10,1.0,1.0,0.0,0.0,1.0,1.0,1.0,1.0,1.0,1.0
DiffSBDD,11,phys_rf_direct_excluded,DiffSBDD,5aeh-A-rec-5aeh-8ir-lig-tt-docked-0-pocket10_5aeh-A-rec-5aeh-8ir-lig-tt-docked-0,10,10,1.0,1.0,0.0,0.0,1.0,1.0,1.0,1.0,1.0,1.0
DiffSBDD,11,phys_rf_full,DiffSBDD,5aeh-A-rec-5aeh-8ir-lig-tt-docked-0-pocket10_5aeh-A-rec-5aeh-8ir-lig-tt-docked-0,10,10,1.0,1.0,0.0,0.0,1.0,1.0,1.0,1.0,1.0,1.0
DiffSBDD,11,qed_sa,DiffSBDD,4z2g-A-rec-4z2g-m6v-lig-tt-docked-16-pocket10_4z2g-A-rec-4z2g-m6v-lig-tt-docked-16,10,10,1.0,0.8,199.99999999999994,200.0,1.0,0.8,0.9,0.9,0.9,1.0
DiffSBDD,11,contact_clash_rule,DiffSBDD,4z2g-A-rec-4z2g-m6v-lig-tt-docked-16-pocket10_4z2g-A-rec-4z2g-m6v-lig-tt-docked-16,10,10,1.0,0.8,199.99999999999994,200.0,1.0,0.8,0.9,0.9,0.9,1.0
DiffSBDD,11,full_audit_gate_qedsa_fixed_budget,DiffSBDD,4z2g-A-rec-4z2g-m6v-lig-tt-docked-16-pocket10_4z2g-A-rec-4z2g-m6v-lig-tt-docked-16,10,10,1.0,0.8,199.99999999999994,200.0,1.0,0.8,0.9,0.9,0.9,1.0
DiffSBDD,11,full_audit_gate_qedsa_no_backfill,DiffSBDD,4z2g-A-rec-4z2g-m6v-lig-tt-docked-16-pocket10_4z2g-A-rec-4z2g-m6v-lig-tt-docked-16,10,10,1.0,0.8,199.99999999999994,200.0,1.0,0.8,0.9,0.9,0.9,1.0
DiffSBDD,11,audit_failure_count_qedsa,DiffSBDD,4z2g-A-rec-4z2g-m6v-lig-tt-docked-16-pocket10_4z2g-A-rec-4z2g-m6v-lig-tt-docked-16,10,10,1.0,0.8,199.99999999999994,200.0,1.0,0.8,0.9,0.9,0.9,1.0
DiffSBDD,11,phys_logreg_full,DiffSBDD,4z2g-A-rec-4z2g-m6v-lig-tt-docked-16-pocket10_4z2g-A-rec-4z2g-m6v-lig-tt-docked-16,10,10,1.0,0.9,99.99999999999997,100.0,1.0,0.9,1.0,1.0,0.9,1.0
DiffSBDD,11,phys_hgb_full,DiffSBDD,4z2g-A-rec-4z2g-m6v-lig-tt-docked-16-pocket10_4z2g-A-rec-4z2g-m6v-lig-tt-docked-16,10,10,1.0,1.0,0.0,0.0,1.0,1.0,1.0,1.0,1.0,1.0
DiffSBDD,11,phys_rf_direct_excluded,DiffSBDD,4z2g-A-rec-4z2g-m6v-lig-tt-docked-16-pocket10_4z2g-A-rec-4z2g-m6v-lig-tt-docked-16,10,10,1.0,1.0,0.0,0.0,1.0,1.0,1.0,1.0,1.0,1.0
DiffSBDD,11,phys_rf_full,DiffSBDD,4z2g-A-rec-4z2g-m6v-lig-tt-docked-16-pocket10_4z2g-A-rec-4z2g-m6v-lig-tt-docked-16,10,10,1.0,1.0,0.0,0.0,1.0,1.0,1.0,1.0,1.0,1.0
DiffSBDD,11,qed_sa,DiffSBDD,5l1v-A-rec-5l1v-7pf-lig-tt-docked-0-pocket10_5l1v-A-rec-5l1v-7pf-lig-tt-docked-0,10,10,1.0,0.0,1000.0,1000.0,0.0,,,,,
DiffSBDD,11,contact_clash_rule,DiffSBDD,5l1v-A-rec-5l1v-7pf-lig-tt-docked-0-pocket10_5l1v-A-rec-5l1v-7pf-lig-tt-docked-0,10,10,1.0,0.0,1000.0,1000.0,0.0,,,,,
DiffSBDD,11,full_audit_gate_qedsa_fixed_budget,DiffSBDD,5l1v-A-rec-5l1v-7pf-lig-tt-docked-0-pocket10_5l1v-A-rec-5l1v-7pf-lig-tt-docked-0,10,10,1.0,0.0,1000.0,1000.0,0.0,,,,,
DiffSBDD,11,full_audit_gate_qedsa_no_backfill,DiffSBDD,5l1v-A-rec-5l1v-7pf-lig-tt-docked-0-pocket10_5l1v-A-rec-5l1v-7pf-lig-tt-docked-0,10,10,1.0,0.0,1000.0,1000.0,0.0,,,,,
DiffSBDD,11,audit_failure_count_qedsa,DiffSBDD,5l1v-A-rec-5l1v-7pf-lig-tt-docked-0-pocket10_5l1v-A-rec-5l1v-7pf-lig-tt-docked-0,10,10,1.0,0.0,1000.0,1000.0,0.0,,,,,
DiffSBDD,11,phys_logreg_full,DiffSBDD,5l1v-A-rec-5l1v-7pf-lig-tt-docked-0-pocket10_5l1v-A-rec-5l1v-7pf-lig-tt-docked-0,10,10,1.0,0.0,1000.0,1000.0,0.0,,,,,
DiffSBDD,11,phys_hgb_full,DiffSBDD,5l1v-A-rec-5l1v-7pf-lig-tt-docked-0-pocket10_5l1v-A-rec-5l1v-7pf-lig-tt-docked-0,10,10,1.0,0.0,1000.0,1000.0,0.0,,,,,
DiffSBDD,11,phys_rf_direct_excluded,DiffSBDD,5l1v-A-rec-5l1v-7pf-lig-tt-docked-0-pocket10_5l1v-A-rec-5l1v-7pf-lig-tt-docked-0,10,10,1.0,0.0,1000.0,1000.0,0.0,,,,,
DiffSBDD,11,phys_rf_full,DiffSBDD,5l1v-A-rec-5l1v-7pf-lig-tt-docked-0-pocket10_5l1v-A-rec-5l1v-7pf-lig-tt-docked-0,10,10,1.0,0.0,1000.0,1000.0,0.0,,,,,
DiffSBDD,11,qed_sa,DiffSBDD,5i0b-A-rec-5vef-m77-lig-tt-min-0-pocket10_5i0b-A-rec-5vef-m77-lig-tt-min-0,10,10,1.0,0.9,99.99999999999997,100.0,0.9,1.0,1.0,1.0,1.0,1.0
DiffSBDD,11,contact_clash_rule,DiffSBDD,5i0b-A-rec-5vef-m77-lig-tt-min-0-pocket10_5i0b-A-rec-5vef-m77-lig-tt-min-0,10,10,1.0,1.0,0.0,0.0,1.0,1.0,1.0,1.0,1.0,1.0
DiffSBDD,11,full_audit_gate_qedsa_fixed_budget,DiffSBDD,5i0b-A-rec-5vef-m77-lig-tt-min-0-pocket10_5i0b-A-rec-5vef-m77-lig-tt-min-0,10,10,1.0,0.9,99.99999999999997,100.0,0.9,1.0,1.0,1.0,1.0,1.0
DiffSBDD,11,full_audit_gate_qedsa_no_backfill,DiffSBDD,5i0b-A-rec-5vef-m77-lig-tt-min-0-pocket10_5i0b-A-rec-5vef-m77-lig-tt-min-0,10,10,1.0,0.9,99.99999999999997,100.0,0.9,1.0,1.0,1.0,1.0,1.0
DiffSBDD,11,audit_failure_count_qedsa,DiffSBDD,5i0b-A-rec-5vef-m77-lig-tt-min-0-pocket10_5i0b-A-rec-5vef-m77-lig-tt-min-0,10,10,1.0,0.9,99.99999999999997,100.0,0.9,1.0,1.0,1.0,1.0,1.0
DiffSBDD,11,phys_logreg_full,DiffSBDD,5i0b-A-rec-5vef-m77-lig-tt-min-0-pocket10_5i0b-A-rec-5vef-m77-lig-tt-min-0,10,10,1.0,1.0,0.0,0.0,1.0,1.0,1.0,1.0,1.0,1.0
DiffSBDD,11,phys_hgb_full,DiffSBDD,5i0b-A-rec-5vef-m77-lig-tt-min-0-pocket10_5i0b-A-rec-5vef-m77-lig-tt-min-0,10,10,1.0,0.9,99.99999999999997,100.0,0.9,1.0,1.0,1.0,1.0,1.0
DiffSBDD,11,phys_rf_direct_excluded,DiffSBDD,5i0b-A-rec-5vef-m77-lig-tt-min-0-pocket10_5i0b-A-rec-5vef-m77-lig-tt-min-0,10,10,1.0,1.0,0.0,0.0,1.0,1.0,1.0,1.0,1.0,1.0
DiffSBDD,11,phys_rf_full,DiffSBDD,5i0b-A-rec-5vef-m77-lig-tt-min-0-pocket10_5i0b-A-rec-5vef-m77-lig-tt-min-0,10,10,1.0,1.0,0.0,0.0,1.0,1.0,1.0,1.0,1.0,1.0
DiffSBDD,11,qed_sa,DiffSBDD,4zfa-A-rec-1smj-pam-lig-tt-min-0-pocket10_4zfa-A-rec-1smj-pam-lig-tt-min-0,10,10,1.0,0.9,99.99999999999997,100.0,1.0,0.9,0.9,1.0,1.0,1.0
DiffSBDD,11,contact_clash_rule,DiffSBDD,4zfa-A-rec-1smj-pam-lig-tt-min-0-pocket10_4zfa-A-rec-1smj-pam-lig-tt-min-0,10,10,1.0,0.9,99.99999999999997,100.0,1.0,0.9,0.9,1.0,1.0,1.0
DiffSBDD,11,full_audit_gate_qedsa_fixed_budget,DiffSBDD,4zfa-A-rec-1smj-pam-lig-tt-min-0-pocket10_4zfa-A-rec-1smj-pam-lig-tt-min-0,10,10,1.0,0.9,99.99999999999997,100.0,1.0,0.9,0.9,1.0,1.0,1.0
DiffSBDD,11,full_audit_gate_qedsa_no_backfill,DiffSBDD,4zfa-A-rec-1smj-pam-lig-tt-min-0-pocket10_4zfa-A-rec-1smj-pam-lig-tt-min-0,10,10,1.0,0.9,99.99999999999997,100.0,1.0,0.9,0.9,1.0,1.0,1.0
DiffSBDD,11,audit_failure_count_qedsa,DiffSBDD,4zfa-A-rec-1smj-pam-lig-tt-min-0-pocket10_4zfa-A-rec-1smj-pam-lig-tt-min-0,10,10,1.0,0.9,99.99999999999997,100.0,1.0,0.9,0.9,1.0,1.0,1.0
DiffSBDD,11,phys_logreg_full,DiffSBDD,4zfa-A-rec-1smj-pam-lig-tt-min-0-pocket10_4zfa-A-rec-1smj-pam-lig-tt-min-0,10,10,1.0,1.0,0.0,0.0,1.0,1.0,1.0,1.0,1.0,1.0
DiffSBDD,11,phys_hgb_full,DiffSBDD,4zfa-A-rec-1smj-pam-lig-tt-min-0-pocket10_4zfa-A-rec-1smj-pam-lig-tt-min-0,10,10,1.0,1.0,0.0,0.0,1.0,1.0,1.0,1.0,1.0,1.0
DiffSBDD,11,phys_rf_direct_excluded,DiffSBDD,4zfa-A-rec-1smj-pam-lig-tt-min-0-pocket10_4zfa-A-rec-1smj-pam-lig-tt-min-0,10,10,1.0,1.0,0.0,0.0,1.0,1.0,1.0,1.0,1.0,1.0
DiffSBDD,11,phys_rf_full,DiffSBDD,4zfa-A-rec-1smj-pam-lig-tt-min-0-pocket10_4zfa-A-rec-1smj-pam-lig-tt-min-0,10,10,1.0,1.0,0.0,0.0,1.0,1.0,1.0,1.0,1.0,1.0
DiffSBDD,11,qed_sa,DiffSBDD,5bur-A-rec-5x8f-amp-lig-tt-docked-7-pocket10_5bur-A-rec-5x8f-amp-lig-tt-docked-7,10,10,1.0,0.9,99.99999999999997,100.0,1.0,0.9,0.9,1.0,1.0,1.0
DiffSBDD,11,contact_clash_rule,DiffSBDD,5bur-A-rec-5x8f-amp-lig-tt-docked-7-pocket10_5bur-A-rec-5x8f-amp-lig-tt-docked-7,10,10,1.0,0.9,99.99999999999997,100.0,1.0,0.9,0.9,1.0,1.0,1.0
DiffSBDD,11,full_audit_gate_qedsa_fixed_budget,DiffSBDD,5bur-A-rec-5x8f-amp-lig-tt-docked-7-pocket10_5bur-A-rec-5x8f-amp-lig-tt-docked-7,10,10,1.0,0.9,99.99999999999997,100.0,1.0,0.9,0.9,1.0,1.0,1.0
DiffSBDD,11,full_audit_gate_qedsa_no_backfill,DiffSBDD,5bur-A-rec-5x8f-amp-lig-tt-docked-7-pocket10_5bur-A-rec-5x8f-amp-lig-tt-docked-7,10,10,1.0,0.9,99.99999999999997,100.0,1.0,0.9,0.9,1.0,1.0,1.0
DiffSBDD,11,audit_failure_count_qedsa,DiffSBDD,5bur-A-rec-5x8f-amp-lig-tt-docked-7-pocket10_5bur-A-rec-5x8f-amp-lig-tt-docked-7,10,10,1.0,0.9,99.99999999999997,100.0,1.0,0.9,0.9,1.0,1.0,1.0
DiffSBDD,11,phys_logreg_full,DiffSBDD,5bur-A-rec-5x8f-amp-lig-tt-docked-7-pocket10_5bur-A-rec-5x8f-amp-lig-tt-docked-7,10,10,1.0,0.9,99.99999999999997,100.0,1.0,0.9,0.9,1.0,1.0,1.0
DiffSBDD,11,phys_hgb_full,DiffSBDD,5bur-A-rec-5x8f-amp-lig-tt-docked-7-pocket10_5bur-A-rec-5x8f-amp-lig-tt-docked-7,10,10,1.0,1.0,0.0,0.0,1.0,1.0,1.0,1.0,1.0,1.0
DiffSBDD,11,phys_rf_direct_excluded,DiffSBDD,5bur-A-rec-5x8f-amp-lig-tt-docked-7-pocket10_5bur-A-rec-5x8f-amp-lig-tt-docked-7,10,10,1.0,1.0,0.0,0.0,1.0,1.0,1.0,1.0,1.0,1.0
DiffSBDD,11,phys_rf_full,DiffSBDD,5bur-A-rec-5x8f-amp-lig-tt-docked-7-pocket10_5bur-A-rec-5x8f-amp-lig-tt-docked-7,10,10,1.0,1.0,0.0,0.0,1.0,1.0,1.0,1.0,1.0,1.0
DiffSBDD,11,qed_sa,DiffSBDD,5liu-X-rec-4gq0-qap-lig-tt-min-0-pocket10_5liu-X-rec-4gq0-qap-lig-tt-min-0,10,10,1.0,1.0,0.0,0.0,1.0,1.0,1.0,1.0,1.0,1.0
DiffSBDD,11,contact_clash_rule,DiffSBDD,5liu-X-rec-4gq0-qap-lig-tt-min-0-pocket10_5liu-X-rec-4gq0-qap-lig-tt-min-0,10,10,1.0,1.0,0.0,0.0,1.0,1.0,1.0,1.0,1.0,1.0
DiffSBDD,11,full_audit_gate_qedsa_fixed_budget,DiffSBDD,5liu-X-rec-4gq0-qap-lig-tt-min-0-pocket10_5liu-X-rec-4gq0-qap-lig-tt-min-0,10,10,1.0,1.0,0.0,0.0,1.0,1.0,1.0,1.0,1.0,1.0
DiffSBDD,11,full_audit_gate_qedsa_no_backfill,DiffSBDD,5liu-X-rec-4gq0-qap-lig-tt-min-0-pocket10_5liu-X-rec-4gq0-qap-lig-tt-min-0,10,10,1.0,1.0,0.0,0.0,1.0,1.0,1.0,1.0,1.0,1.0
DiffSBDD,11,audit_failure_count_qedsa,DiffSBDD,5liu-X-rec-4gq0-qap-lig-tt-min-0-pocket10_5liu-X-rec-4gq0-qap-lig-tt-min-0,10,10,1.0,1.0,0.0,0.0,1.0,1.0,1.0,1.0,1.0,1.0
DiffSBDD,11,phys_logreg_full,DiffSBDD,5liu-X-rec-4gq0-qap-lig-tt-min-0-pocket10_5liu-X-rec-4gq0-qap-lig-tt-min-0,10,10,1.0,1.0,0.0,0.0,1.0,1.0,1.0,1.0,1.0,1.0
DiffSBDD,11,phys_hgb_full,DiffSBDD,5liu-X-rec-4gq0-qap-lig-tt-min-0-pocket10_5liu-X-rec-4gq0-qap-lig-tt-min-0,10,10,1.0,1.0,0.0,0.0,1.0,1.0,1.0,1.0,1.0,1.0
DiffSBDD,11,phys_rf_direct_excluded,DiffSBDD,5liu-X-rec-4gq0-qap-lig-tt-min-0-pocket10_5liu-X-rec-4gq0-qap-lig-tt-min-0,10,10,1.0,1.0,0.0,0.0,1.0,1.0,1.0,1.0,1.0,1.0
DiffSBDD,11,phys_rf_full,DiffSBDD,5liu-X-rec-4gq0-qap-lig-tt-min-0-pocket10_5liu-X-rec-4gq0-qap-lig-tt-min-0,10,10,1.0,1.0,0.0,0.0,1.0,1.0,1.0,1.0,1.0,1.0
DiffSBDD,11,qed_sa,DiffSBDD,4yhj-A-rec-4yhj-an2-lig-tt-min-0-pocket10_4yhj-A-rec-4yhj-an2-lig-tt-min-0,10,10,1.0,0.9,99.99999999999997,100.0,1.0,0.9,0.9,1.0,1.0,1.0
DiffSBDD,11,contact_clash_rule,DiffSBDD,4yhj-A-rec-4yhj-an2-lig-tt-min-0-pocket10_4yhj-A-rec-4yhj-an2-lig-tt-min-0,10,10,1.0,0.8,199.99999999999994,200.0,0.9,0.8888888888888888,0.8888888888888888,1.0,1.0,1.0
DiffSBDD,11,full_audit_gate_qedsa_fixed_budget,DiffSBDD,4yhj-A-rec-4yhj-an2-lig-tt-min-0-pocket10_4yhj-A-rec-4yhj-an2-lig-tt-min-0,10,10,1.0,0.9,99.99999999999997,100.0,1.0,0.9,0.9,1.0,1.0,1.0
DiffSBDD,11,full_audit_gate_qedsa_no_backfill,DiffSBDD,4yhj-A-rec-4yhj-an2-lig-tt-min-0-pocket10_4yhj-A-rec-4yhj-an2-lig-tt-min-0,10,10,1.0,0.9,99.99999999999997,100.0,1.0,0.9,0.9,1.0,1.0,1.0
DiffSBDD,11,audit_failure_count_qedsa,DiffSBDD,4yhj-A-rec-4yhj-an2-lig-tt-min-0-pocket10_4yhj-A-rec-4yhj-an2-lig-tt-min-0,10,10,1.0,0.9,99.99999999999997,100.0,1.0,0.9,0.9,1.0,1.0,1.0
DiffSBDD,11,phys_logreg_full,DiffSBDD,4yhj-A-rec-4yhj-an2-lig-tt-min-0-pocket10_4yhj-A-rec-4yhj-an2-lig-tt-min-0,10,10,1.0,0.9,99.99999999999997,100.0,1.0,0.9,0.9,1.0,1.0,1.0
DiffSBDD,11,phys_hgb_full,DiffSBDD,4yhj-A-rec-4yhj-an2-lig-tt-min-0-pocket10_4yhj-A-rec-4yhj-an2-lig-tt-min-0,10,10,1.0,0.8,199.99999999999994,200.0,1.0,0.8,0.8,1.0,1.0,1.0
DiffSBDD,11,phys_rf_direct_excluded,DiffSBDD,4yhj-A-rec-4yhj-an2-lig-tt-min-0-pocket10_4yhj-A-rec-4yhj-an2-lig-tt-min-0,10,10,1.0,0.7,300.00000000000006,300.0,1.0,0.7,0.7,1.0,1.0,1.0
DiffSBDD,11,phys_rf_full,DiffSBDD,4yhj-A-rec-4yhj-an2-lig-tt-min-0-pocket10_4yhj-A-rec-4yhj-an2-lig-tt-min-0,10,10,1.0,0.8,199.99999999999994,200.0,1.0,0.8,0.8,1.0,1.0,1.0
DiffSBDD,11,qed_sa,DiffSBDD,5mgl-A-rec-5mgl-7mu-lig-tt-min-0-pocket10_5mgl-A-rec-5mgl-7mu-lig-tt-min-0,10,10,1.0,1.0,0.0,0.0,1.0,1.0,1.0,1.0,1.0,1.0
DiffSBDD,11,contact_clash_rule,DiffSBDD,5mgl-A-rec-5mgl-7mu-lig-tt-min-0-pocket10_5mgl-A-rec-5mgl-7mu-lig-tt-min-0,10,10,1.0,1.0,0.0,0.0,1.0,1.0,1.0,1.0,1.0,1.0
DiffSBDD,11,full_audit_gate_qedsa_fixed_budget,DiffSBDD,5mgl-A-rec-5mgl-7mu-lig-tt-min-0-pocket10_5mgl-A-rec-5mgl-7mu-lig-tt-min-0,10,10,1.0,1.0,0.0,0.0,1.0,1.0,1.0,1.0,1.0,1.0
DiffSBDD,11,full_audit_gate_qedsa_no_backfill,DiffSBDD,5mgl-A-rec-5mgl-7mu-lig-tt-min-0-pocket10_5mgl-A-rec-5mgl-7mu-lig-tt-min-0,10,10,1.0,1.0,0.0,0.0,1.0,1.0,1.0,1.0,1.0,1.0
DiffSBDD,11,audit_failure_count_qedsa,DiffSBDD,5mgl-A-rec-5mgl-7mu-lig-tt-min-0-pocket10_5mgl-A-rec-5mgl-7mu-lig-tt-min-0,10,10,1.0,1.0,0.0,0.0,1.0,1.0,1.0,1.0,1.0,1.0
DiffSBDD,11,phys_logreg_full,DiffSBDD,5mgl-A-rec-5mgl-7mu-lig-tt-min-0-pocket10_5mgl-A-rec-5mgl-7mu-lig-tt-min-0,10,10,1.0,1.0,0.0,0.0,1.0,1.0,1.0,1.0,1.0,1.0
DiffSBDD,11,phys_hgb_full,DiffSBDD,5mgl-A-rec-5mgl-7mu-lig-tt-min-0-pocket10_5mgl-A-rec-5mgl-7mu-lig-tt-min-0,10,10,1.0,0.9,99.99999999999997,100.0,1.0,0.9,1.0,0.9,1.0,1.0
DiffSBDD,11,phys_rf_direct_excluded,DiffSBDD,5mgl-A-rec-5mgl-7mu-lig-tt-min-0-pocket10_5mgl-A-rec-5mgl-7mu-lig-tt-min-0,10,10,1.0,1.0,0.0,0.0,1.0,1.0,1.0,1.0,1.0,1.0
DiffSBDD,11,phys_rf_full,DiffSBDD,5mgl-A-rec-5mgl-7mu-lig-tt-min-0-pocket10_5mgl-A-rec-5mgl-7mu-lig-tt-min-0,10,10,1.0,1.0,0.0,0.0,1.0,1.0,1.0,1.0,1.0,1.0
DiffSBDD,11,qed_sa,DiffSBDD,5mma-A-rec-4ztf-x2p-lig-tt-min-0-pocket10_5mma-A-rec-4ztf-x2p-lig-tt-min-0,10,10,1.0,0.7,300.00000000000006,300.0,1.0,0.7,1.0,0.7,0.7,1.0
DiffSBDD,11,contact_clash_rule,DiffSBDD,5mma-A-rec-4ztf-x2p-lig-tt-min-0-pocket10_5mma-A-rec-4ztf-x2p-lig-tt-min-0,10,10,1.0,0.8,199.99999999999994,200.0,1.0,0.8,0.9,0.8,0.8,1.0
DiffSBDD,11,full_audit_gate_qedsa_fixed_budget,DiffSBDD,5mma-A-rec-4ztf-x2p-lig-tt-min-0-pocket10_5mma-A-rec-4ztf-x2p-lig-tt-min-0,10,10,1.0,0.8,199.99999999999994,200.0,1.0,0.8,1.0,0.8,0.8,1.0
DiffSBDD,11,full_audit_gate_qedsa_no_backfill,DiffSBDD,5mma-A-rec-4ztf-x2p-lig-tt-min-0-pocket10_5mma-A-rec-4ztf-x2p-lig-tt-min-0,10,10,1.0,0.8,199.99999999999994,200.0,1.0,0.8,1.0,0.8,0.8,1.0
DiffSBDD,11,audit_failure_count_qedsa,DiffSBDD,5mma-A-rec-4ztf-x2p-lig-tt-min-0-pocket10_5mma-A-rec-4ztf-x2p-lig-tt-min-0,10,10,1.0,0.8,199.99999999999994,200.0,1.0,0.8,1.0,0.8,0.8,1.0
DiffSBDD,11,phys_logreg_full,DiffSBDD,5mma-A-rec-4ztf-x2p-lig-tt-min-0-pocket10_5mma-A-rec-4ztf-x2p-lig-tt-min-0,10,10,1.0,1.0,0.0,0.0,1.0,1.0,1.0,1.0,1.0,1.0
DiffSBDD,11,phys_hgb_full,DiffSBDD,5mma-A-rec-4ztf-x2p-lig-tt-min-0-pocket10_5mma-A-rec-4ztf-x2p-lig-tt-min-0,10,10,1.0,0.9,99.99999999999997,100.0,1.0,0.9,1.0,0.9,0.9,1.0
DiffSBDD,11,phys_rf_direct_excluded,DiffSBDD,5mma-A-rec-4ztf-x2p-lig-tt-min-0-pocket10_5mma-A-rec-4ztf-x2p-lig-tt-min-0,10,10,1.0,1.0,0.0,0.0,1.0,1.0,1.0,1.0,1.0,1.0
DiffSBDD,11,phys_rf_full,DiffSBDD,5mma-A-rec-4ztf-x2p-lig-tt-min-0-pocket10_5mma-A-rec-4ztf-x2p-lig-tt-min-0,10,10,1.0,1.0,0.0,0.0,1.0,1.0,1.0,1.0,1.0,1.0
DiffSBDD,11,qed_sa,DiffSBDD,5ngz-A-rec-5ngz-2bg-lig-tt-min-0-pocket10_5ngz-A-rec-5ngz-2bg-lig-tt-min-0,10,10,1.0,0.9,99.99999999999997,100.0,1.0,0.9,1.0,0.9,0.9,1.0
DiffSBDD,11,contact_clash_rule,DiffSBDD,5ngz-A-rec-5ngz-2bg-lig-tt-min-0-pocket10_5ngz-A-rec-5ngz-2bg-lig-tt-min-0,10,10,1.0,0.9,99.99999999999997,100.0,0.9,1.0,1.0,1.0,1.0,1.0
DiffSBDD,11,full_audit_gate_qedsa_fixed_budget,DiffSBDD,5ngz-A-rec-5ngz-2bg-lig-tt-min-0-pocket10_5ngz-A-rec-5ngz-2bg-lig-tt-min-0,10,10,1.0,1.0,0.0,0.0,1.0,1.0,1.0,1.0,1.0,1.0
DiffSBDD,11,full_audit_gate_qedsa_no_backfill,DiffSBDD,5ngz-A-rec-5ngz-2bg-lig-tt-min-0-pocket10_5ngz-A-rec-5ngz-2bg-lig-tt-min-0,10,10,1.0,1.0,0.0,0.0,1.0,1.0,1.0,1.0,1.0,1.0
DiffSBDD,11,audit_failure_count_qedsa,DiffSBDD,5ngz-A-rec-5ngz-2bg-lig-tt-min-0-pocket10_5ngz-A-rec-5ngz-2bg-lig-tt-min-0,10,10,1.0,1.0,0.0,0.0,1.0,1.0,1.0,1.0,1.0,1.0
DiffSBDD,11,phys_logreg_full,DiffSBDD,5ngz-A-rec-5ngz-2bg-lig-tt-min-0-pocket10_5ngz-A-rec-5ngz-2bg-lig-tt-min-0,10,10,1.0,1.0,0.0,0.0,1.0,1.0,1.0,1.0,1.0,1.0
DiffSBDD,11,phys_hgb_full,DiffSBDD,5ngz-A-rec-5ngz-2bg-lig-tt-min-0-pocket10_5ngz-A-rec-5ngz-2bg-lig-tt-min-0,10,10,1.0,1.0,0.0,0.0,1.0,1.0,1.0,1.0,1.0,1.0
DiffSBDD,11,phys_rf_direct_excluded,DiffSBDD,5ngz-A-rec-5ngz-2bg-lig-tt-min-0-pocket10_5ngz-A-rec-5ngz-2bg-lig-tt-min-0,10,10,1.0,1.0,0.0,0.0,1.0,1.0,1.0,1.0,1.0,1.0
DiffSBDD,11,phys_rf_full,DiffSBDD,5ngz-A-rec-5ngz-2bg-lig-tt-min-0-pocket10_5ngz-A-rec-5ngz-2bg-lig-tt-min-0,10,10,1.0,1.0,0.0,0.0,1.0,1.0,1.0,1.0,1.0,1.0
DiffSBDD,11,qed_sa,DiffSBDD,5tjn-A-rec-1zj1-nlc-lig-tt-docked-4-pocket10_5tjn-A-rec-1zj1-nlc-lig-tt-docked-4,10,10,1.0,0.9,99.99999999999997,100.0,1.0,0.9,0.9,1.0,1.0,1.0
DiffSBDD,11,contact_clash_rule,DiffSBDD,5tjn-A-rec-1zj1-nlc-lig-tt-docked-4-pocket10_5tjn-A-rec-1zj1-nlc-lig-tt-docked-4,10,10,1.0,0.9,99.99999999999997,100.0,1.0,0.9,1.0,0.9,0.9,1.0
DiffSBDD,11,full_audit_gate_qedsa_fixed_budget,DiffSBDD,5tjn-A-rec-1zj1-nlc-lig-tt-docked-4-pocket10_5tjn-A-rec-1zj1-nlc-lig-tt-docked-4,10,10,1.0,0.9,99.99999999999997,100.0,1.0,0.9,0.9,1.0,1.0,1.0
DiffSBDD,11,full_audit_gate_qedsa_no_backfill,DiffSBDD,5tjn-A-rec-1zj1-nlc-lig-tt-docked-4-pocket10_5tjn-A-rec-1zj1-nlc-lig-tt-docked-4,10,10,1.0,0.9,99.99999999999997,100.0,1.0,0.9,0.9,1.0,1.0,1.0
DiffSBDD,11,audit_failure_count_qedsa,DiffSBDD,5tjn-A-rec-1zj1-nlc-lig-tt-docked-4-pocket10_5tjn-A-rec-1zj1-nlc-lig-tt-docked-4,10,10,1.0,0.9,99.99999999999997,100.0,1.0,0.9,0.9,1.0,1.0,1.0
DiffSBDD,11,phys_logreg_full,DiffSBDD,5tjn-A-rec-1zj1-nlc-lig-tt-docked-4-pocket10_5tjn-A-rec-1zj1-nlc-lig-tt-docked-4,10,10,1.0,0.7,300.00000000000006,300.0,1.0,0.7,0.7,1.0,1.0,1.0
DiffSBDD,11,phys_hgb_full,DiffSBDD,5tjn-A-rec-1zj1-nlc-lig-tt-docked-4-pocket10_5tjn-A-rec-1zj1-nlc-lig-tt-docked-4,10,10,1.0,0.7,300.00000000000006,300.0,1.0,0.7,0.7,1.0,1.0,1.0
DiffSBDD,11,phys_rf_direct_excluded,DiffSBDD,5tjn-A-rec-1zj1-nlc-lig-tt-docked-4-pocket10_5tjn-A-rec-1zj1-nlc-lig-tt-docked-4,10,10,1.0,0.8,199.99999999999994,200.0,1.0,0.8,0.8,1.0,1.0,1.0
DiffSBDD,11,phys_rf_full,DiffSBDD,5tjn-A-rec-1zj1-nlc-lig-tt-docked-4-pocket10_5tjn-A-rec-1zj1-nlc-lig-tt-docked-4,10,10,1.0,0.8,199.99999999999994,200.0,1.0,0.8,0.8,1.0,1.0,1.0
DiffSBDD,11,qed_sa,DiffSBDD,5w2g-A-rec-5w2i-adp-lig-tt-min-0-pocket10_5w2g-A-rec-5w2i-adp-lig-tt-min-0,10,10,1.0,0.9,99.99999999999997,100.0,1.0,0.9,0.9,1.0,1.0,1.0
DiffSBDD,11,contact_clash_rule,DiffSBDD,5w2g-A-rec-5w2i-adp-lig-tt-min-0-pocket10_5w2g-A-rec-5w2i-adp-lig-tt-min-0,10,10,1.0,0.9,99.99999999999997,100.0,1.0,0.9,0.9,1.0,1.0,1.0
DiffSBDD,11,full_audit_gate_qedsa_fixed_budget,DiffSBDD,5w2g-A-rec-5w2i-adp-lig-tt-min-0-pocket10_5w2g-A-rec-5w2i-adp-lig-tt-min-0,10,10,1.0,0.9,99.99999999999997,100.0,1.0,0.9,0.9,1.0,1.0,1.0
DiffSBDD,11,full_audit_gate_qedsa_no_backfill,DiffSBDD,5w2g-A-rec-5w2i-adp-lig-tt-min-0-pocket10_5w2g-A-rec-5w2i-adp-lig-tt-min-0,10,10,1.0,0.9,99.99999999999997,100.0,1.0,0.9,0.9,1.0,1.0,1.0
DiffSBDD,11,audit_failure_count_qedsa,DiffSBDD,5w2g-A-rec-5w2i-adp-lig-tt-min-0-pocket10_5w2g-A-rec-5w2i-adp-lig-tt-min-0,10,10,1.0,0.9,99.99999999999997,100.0,1.0,0.9,0.9,1.0,1.0,1.0
DiffSBDD,11,phys_logreg_full,DiffSBDD,5w2g-A-rec-5w2i-adp-lig-tt-min-0-pocket10_5w2g-A-rec-5w2i-adp-lig-tt-min-0,10,10,1.0,0.9,99.99999999999997,100.0,1.0,0.9,0.9,1.0,1.0,1.0
DiffSBDD,11,phys_hgb_full,DiffSBDD,5w2g-A-rec-5w2i-adp-lig-tt-min-0-pocket10_5w2g-A-rec-5w2i-adp-lig-tt-min-0,10,10,1.0,1.0,0.0,0.0,1.0,1.0,1.0,1.0,1.0,1.0
DiffSBDD,11,phys_rf_direct_excluded,DiffSBDD,5w2g-A-rec-5w2i-adp-lig-tt-min-0-pocket10_5w2g-A-rec-5w2i-adp-lig-tt-min-0,10,10,1.0,1.0,0.0,0.0,1.0,1.0,1.0,1.0,1.0,1.0
DiffSBDD,11,phys_rf_full,DiffSBDD,5w2g-A-rec-5w2i-adp-lig-tt-min-0-pocket10_5w2g-A-rec-5w2i-adp-lig-tt-min-0,10,10,1.0,1.0,0.0,0.0,1.0,1.0,1.0,1.0,1.0,1.0
DiffSBDD,11,qed_sa,DiffSBDD,5q0k-A-rec-5q0q-9ld-lig-tt-docked-0-pocket10_5q0k-A-rec-5q0q-9ld-lig-tt-docked-0,10,10,1.0,0.9,99.99999999999997,100.0,1.0,0.9,0.9,1.0,1.0,1.0
DiffSBDD,11,contact_clash_rule,DiffSBDD,5q0k-A-rec-5q0q-9ld-lig-tt-docked-0-pocket10_5q0k-A-rec-5q0q-9ld-lig-tt-docked-0,10,10,1.0,0.9,99.99999999999997,100.0,1.0,0.9,0.9,1.0,1.0,1.0
DiffSBDD,11,full_audit_gate_qedsa_fixed_budget,DiffSBDD,5q0k-A-rec-5q0q-9ld-lig-tt-docked-0-pocket10_5q0k-A-rec-5q0q-9ld-lig-tt-docked-0,10,10,1.0,0.9,99.99999999999997,100.0,1.0,0.9,0.9,1.0,1.0,1.0
DiffSBDD,11,full_audit_gate_qedsa_no_backfill,DiffSBDD,5q0k-A-rec-5q0q-9ld-lig-tt-docked-0-pocket10_5q0k-A-rec-5q0q-9ld-lig-tt-docked-0,10,10,1.0,0.9,99.99999999999997,100.0,1.0,0.9,0.9,1.0,1.0,1.0
DiffSBDD,11,audit_failure_count_qedsa,DiffSBDD,5q0k-A-rec-5q0q-9ld-lig-tt-docked-0-pocket10_5q0k-A-rec-5q0q-9ld-lig-tt-docked-0,10,10,1.0,0.9,99.99999999999997,100.0,1.0,0.9,0.9,1.0,1.0,1.0
DiffSBDD,11,phys_logreg_full,DiffSBDD,5q0k-A-rec-5q0q-9ld-lig-tt-docked-0-pocket10_5q0k-A-rec-5q0q-9ld-lig-tt-docked-0,10,10,1.0,1.0,0.0,0.0,1.0,1.0,1.0,1.0,1.0,1.0
DiffSBDD,11,phys_hgb_full,DiffSBDD,5q0k-A-rec-5q0q-9ld-lig-tt-docked-0-pocket10_5q0k-A-rec-5q0q-9ld-lig-tt-docked-0,10,10,1.0,0.9,99.99999999999997,100.0,1.0,0.9,0.9,1.0,1.0,1.0
DiffSBDD,11,phys_rf_direct_excluded,DiffSBDD,5q0k-A-rec-5q0q-9ld-lig-tt-docked-0-pocket10_5q0k-A-rec-5q0q-9ld-lig-tt-docked-0,10,10,1.0,0.9,99.99999999999997,100.0,1.0,0.9,0.9,1.0,1.0,1.0
DiffSBDD,11,phys_rf_full,DiffSBDD,5q0k-A-rec-5q0q-9ld-lig-tt-docked-0-pocket10_5q0k-A-rec-5q0q-9ld-lig-tt-docked-0,10,10,1.0,0.9,99.99999999999997,100.0,1.0,0.9,0.9,1.0,1.0,1.0
DiffSBDD,22,qed_sa,DiffSBDD,2gns-A-rec-4qer-stl-lig-tt-min-0-pocket10_2gns-A-rec-4qer-stl-lig-tt-min-0,10,10,1.0,0.7,300.00000000000006,300.0,1.0,0.7,0.7,0.9,0.9,1.0
DiffSBDD,22,contact_clash_rule,DiffSBDD,2gns-A-rec-4qer-stl-lig-tt-min-0-pocket10_2gns-A-rec-4qer-stl-lig-tt-min-0,10,10,1.0,0.7,300.00000000000006,300.0,0.9,0.7777777777777778,0.7777777777777778,1.0,1.0,1.0
DiffSBDD,22,full_audit_gate_qedsa_fixed_budget,DiffSBDD,2gns-A-rec-4qer-stl-lig-tt-min-0-pocket10_2gns-A-rec-4qer-stl-lig-tt-min-0,10,10,1.0,0.9,99.99999999999997,100.0,1.0,0.9,0.9,1.0,1.0,1.0
DiffSBDD,22,full_audit_gate_qedsa_no_backfill,DiffSBDD,2gns-A-rec-4qer-stl-lig-tt-min-0-pocket10_2gns-A-rec-4qer-stl-lig-tt-min-0,10,10,1.0,0.9,99.99999999999997,100.0,1.0,0.9,0.9,1.0,1.0,1.0
DiffSBDD,22,audit_failure_count_qedsa,DiffSBDD,2gns-A-rec-4qer-stl-lig-tt-min-0-pocket10_2gns-A-rec-4qer-stl-lig-tt-min-0,10,10,1.0,0.9,99.99999999999997,100.0,1.0,0.9,0.9,1.0,1.0,1.0
DiffSBDD,22,phys_logreg_full,DiffSBDD,2gns-A-rec-4qer-stl-lig-tt-min-0-pocket10_2gns-A-rec-4qer-stl-lig-tt-min-0,10,10,1.0,0.9,99.99999999999997,100.0,1.0,0.9,1.0,1.0,0.9,1.0
DiffSBDD,22,phys_hgb_full,DiffSBDD,2gns-A-rec-4qer-stl-lig-tt-min-0-pocket10_2gns-A-rec-4qer-stl-lig-tt-min-0,10,10,1.0,1.0,0.0,0.0,1.0,1.0,1.0,1.0,1.0,1.0
DiffSBDD,22,phys_rf_direct_excluded,DiffSBDD,2gns-A-rec-4qer-stl-lig-tt-min-0-pocket10_2gns-A-rec-4qer-stl-lig-tt-min-0,10,10,1.0,0.9,99.99999999999997,100.0,1.0,0.9,1.0,1.0,0.9,1.0
DiffSBDD,22,phys_rf_full,DiffSBDD,2gns-A-rec-4qer-stl-lig-tt-min-0-pocket10_2gns-A-rec-4qer-stl-lig-tt-min-0,10,10,1.0,1.0,0.0,0.0,1.0,1.0,1.0,1.0,1.0,1.0
DiffSBDD,22,qed_sa,DiffSBDD,1jn2-P-rec-1val-png-lig-tt-docked-11-pocket10_1jn2-P-rec-1val-png-lig-tt-docked-11,10,10,1.0,0.9,99.99999999999997,100.0,1.0,0.9,0.9,0.9,1.0,1.0
DiffSBDD,22,contact_clash_rule,DiffSBDD,1jn2-P-rec-1val-png-lig-tt-docked-11-pocket10_1jn2-P-rec-1val-png-lig-tt-docked-11,10,10,1.0,0.7,300.00000000000006,300.0,1.0,0.7,0.9,0.7,0.9,1.0
DiffSBDD,22,full_audit_gate_qedsa_fixed_budget,DiffSBDD,1jn2-P-rec-1val-png-lig-tt-docked-11-pocket10_1jn2-P-rec-1val-png-lig-tt-docked-11,10,10,1.0,0.9,99.99999999999997,100.0,1.0,0.9,0.9,0.9,1.0,1.0
DiffSBDD,22,full_audit_gate_qedsa_no_backfill,DiffSBDD,1jn2-P-rec-1val-png-lig-tt-docked-11-pocket10_1jn2-P-rec-1val-png-lig-tt-docked-11,10,10,1.0,0.9,99.99999999999997,100.0,1.0,0.9,0.9,0.9,1.0,1.0
DiffSBDD,22,audit_failure_count_qedsa,DiffSBDD,1jn2-P-rec-1val-png-lig-tt-docked-11-pocket10_1jn2-P-rec-1val-png-lig-tt-docked-11,10,10,1.0,0.9,99.99999999999997,100.0,1.0,0.9,0.9,0.9,1.0,1.0
DiffSBDD,22,phys_logreg_full,DiffSBDD,1jn2-P-rec-1val-png-lig-tt-docked-11-pocket10_1jn2-P-rec-1val-png-lig-tt-docked-11,10,10,1.0,1.0,0.0,0.0,1.0,1.0,1.0,1.0,1.0,1.0
DiffSBDD,22,phys_hgb_full,DiffSBDD,1jn2-P-rec-1val-png-lig-tt-docked-11-pocket10_1jn2-P-rec-1val-png-lig-tt-docked-11,10,10,1.0,1.0,0.0,0.0,1.0,1.0,1.0,1.0,1.0,1.0
DiffSBDD,22,phys_rf_direct_excluded,DiffSBDD,1jn2-P-rec-1val-png-lig-tt-docked-11-pocket10_1jn2-P-rec-1val-png-lig-tt-docked-11,10,10,1.0,1.0,0.0,0.0,1.0,1.0,1.0,1.0,1.0,1.0
DiffSBDD,22,phys_rf_full,DiffSBDD,1jn2-P-rec-1val-png-lig-tt-docked-11-pocket10_1jn2-P-rec-1val-png-lig-tt-docked-11,10,10,1.0,1.0,0.0,0.0,1.0,1.0,1.0,1.0,1.0,1.0
DiffSBDD,22,qed_sa,DiffSBDD,1dxo-C-rec-1gg5-e09-lig-tt-min-0-pocket10_1dxo-C-rec-1gg5-e09-lig-tt-min-0,10,10,1.0,0.9,99.99999999999997,100.0,1.0,0.9,0.9,1.0,0.9,1.0
DiffSBDD,22,contact_clash_rule,DiffSBDD,1dxo-C-rec-1gg5-e09-lig-tt-min-0-pocket10_1dxo-C-rec-1gg5-e09-lig-tt-min-0,10,10,1.0,0.9,99.99999999999997,100.0,1.0,0.9,0.9,1.0,0.9,1.0
DiffSBDD,22,full_audit_gate_qedsa_fixed_budget,DiffSBDD,1dxo-C-rec-1gg5-e09-lig-tt-min-0-pocket10_1dxo-C-rec-1gg5-e09-lig-tt-min-0,10,10,1.0,0.9,99.99999999999997,100.0,1.0,0.9,0.9,1.0,0.9,1.0
DiffSBDD,22,full_audit_gate_qedsa_no_backfill,DiffSBDD,1dxo-C-rec-1gg5-e09-lig-tt-min-0-pocket10_1dxo-C-rec-1gg5-e09-lig-tt-min-0,10,10,1.0,0.9,99.99999999999997,100.0,1.0,0.9,0.9,1.0,0.9,1.0
DiffSBDD,22,audit_failure_count_qedsa,DiffSBDD,1dxo-C-rec-1gg5-e09-lig-tt-min-0-pocket10_1dxo-C-rec-1gg5-e09-lig-tt-min-0,10,10,1.0,0.9,99.99999999999997,100.0,1.0,0.9,0.9,1.0,0.9,1.0
DiffSBDD,22,phys_logreg_full,DiffSBDD,1dxo-C-rec-1gg5-e09-lig-tt-min-0-pocket10_1dxo-C-rec-1gg5-e09-lig-tt-min-0,10,10,1.0,1.0,0.0,0.0,1.0,1.0,1.0,1.0,1.0,1.0
DiffSBDD,22,phys_hgb_full,DiffSBDD,1dxo-C-rec-1gg5-e09-lig-tt-min-0-pocket10_1dxo-C-rec-1gg5-e09-lig-tt-min-0,10,10,1.0,0.9,99.99999999999997,100.0,1.0,0.9,1.0,1.0,0.9,1.0
DiffSBDD,22,phys_rf_direct_excluded,DiffSBDD,1dxo-C-rec-1gg5-e09-lig-tt-min-0-pocket10_1dxo-C-rec-1gg5-e09-lig-tt-min-0,10,10,1.0,0.9,99.99999999999997,100.0,1.0,0.9,1.0,1.0,0.9,1.0
DiffSBDD,22,phys_rf_full,DiffSBDD,1dxo-C-rec-1gg5-e09-lig-tt-min-0-pocket10_1dxo-C-rec-1gg5-e09-lig-tt-min-0,10,10,1.0,0.9,99.99999999999997,100.0,1.0,0.9,1.0,1.0,0.9,1.0
DiffSBDD,22,qed_sa,DiffSBDD,14gs-A-rec-20gs-cbd-lig-tt-min-0-pocket10_14gs-A-rec-20gs-cbd-lig-tt-min-0,10,10,1.0,1.0,0.0,0.0,1.0,1.0,1.0,1.0,1.0,1.0
DiffSBDD,22,contact_clash_rule,DiffSBDD,14gs-A-rec-20gs-cbd-lig-tt-min-0-pocket10_14gs-A-rec-20gs-cbd-lig-tt-min-0,10,10,1.0,1.0,0.0,0.0,1.0,1.0,1.0,1.0,1.0,1.0
DiffSBDD,22,full_audit_gate_qedsa_fixed_budget,DiffSBDD,14gs-A-rec-20gs-cbd-lig-tt-min-0-pocket10_14gs-A-rec-20gs-cbd-lig-tt-min-0,10,10,1.0,1.0,0.0,0.0,1.0,1.0,1.0,1.0,1.0,1.0
DiffSBDD,22,full_audit_gate_qedsa_no_backfill,DiffSBDD,14gs-A-rec-20gs-cbd-lig-tt-min-0-pocket10_14gs-A-rec-20gs-cbd-lig-tt-min-0,10,10,1.0,1.0,0.0,0.0,1.0,1.0,1.0,1.0,1.0,1.0
DiffSBDD,22,audit_failure_count_qedsa,DiffSBDD,14gs-A-rec-20gs-cbd-lig-tt-min-0-pocket10_14gs-A-rec-20gs-cbd-lig-tt-min-0,10,10,1.0,1.0,0.0,0.0,1.0,1.0,1.0,1.0,1.0,1.0
DiffSBDD,22,phys_logreg_full,DiffSBDD,14gs-A-rec-20gs-cbd-lig-tt-min-0-pocket10_14gs-A-rec-20gs-cbd-lig-tt-min-0,10,10,1.0,1.0,0.0,0.0,1.0,1.0,1.0,1.0,1.0,1.0
DiffSBDD,22,phys_hgb_full,DiffSBDD,14gs-A-rec-20gs-cbd-lig-tt-min-0-pocket10_14gs-A-rec-20gs-cbd-lig-tt-min-0,10,10,1.0,1.0,0.0,0.0,1.0,1.0,1.0,1.0,1.0,1.0
DiffSBDD,22,phys_rf_direct_excluded,DiffSBDD,14gs-A-rec-20gs-cbd-lig-tt-min-0-pocket10_14gs-A-rec-20gs-cbd-lig-tt-min-0,10,10,1.0,1.0,0.0,0.0,1.0,1.0,1.0,1.0,1.0,1.0
DiffSBDD,22,phys_rf_full,DiffSBDD,14gs-A-rec-20gs-cbd-lig-tt-min-0-pocket10_14gs-A-rec-20gs-cbd-lig-tt-min-0,10,10,1.0,1.0,0.0,0.0,1.0,1.0,1.0,1.0,1.0,1.0
DiffSBDD,22,qed_sa,DiffSBDD,2pqw-A-rec-2rhy-mlz-lig-tt-min-0-pocket10_2pqw-A-rec-2rhy-mlz-lig-tt-min-0,10,10,1.0,0.8,199.99999999999994,200.0,1.0,0.8,0.9,0.9,1.0,1.0
DiffSBDD,22,contact_clash_rule,DiffSBDD,2pqw-A-rec-2rhy-mlz-lig-tt-min-0-pocket10_2pqw-A-rec-2rhy-mlz-lig-tt-min-0,10,10,1.0,0.8,199.99999999999994,200.0,1.0,0.8,1.0,0.9,0.9,1.0
DiffSBDD,22,full_audit_gate_qedsa_fixed_budget,DiffSBDD,2pqw-A-rec-2rhy-mlz-lig-tt-min-0-pocket10_2pqw-A-rec-2rhy-mlz-lig-tt-min-0,10,10,1.0,0.8,199.99999999999994,200.0,1.0,0.8,0.9,0.9,1.0,1.0
DiffSBDD,22,full_audit_gate_qedsa_no_backfill,DiffSBDD,2pqw-A-rec-2rhy-mlz-lig-tt-min-0-pocket10_2pqw-A-rec-2rhy-mlz-lig-tt-min-0,10,10,1.0,0.8,199.99999999999994,200.0,1.0,0.8,0.9,0.9,1.0,1.0
DiffSBDD,22,audit_failure_count_qedsa,DiffSBDD,2pqw-A-rec-2rhy-mlz-lig-tt-min-0-pocket10_2pqw-A-rec-2rhy-mlz-lig-tt-min-0,10,10,1.0,0.8,199.99999999999994,200.0,1.0,0.8,0.9,0.9,1.0,1.0
DiffSBDD,22,phys_logreg_full,DiffSBDD,2pqw-A-rec-2rhy-mlz-lig-tt-min-0-pocket10_2pqw-A-rec-2rhy-mlz-lig-tt-min-0,10,10,1.0,1.0,0.0,0.0,1.0,1.0,1.0,1.0,1.0,1.0
DiffSBDD,22,phys_hgb_full,DiffSBDD,2pqw-A-rec-2rhy-mlz-lig-tt-min-0-pocket10_2pqw-A-rec-2rhy-mlz-lig-tt-min-0,10,10,1.0,1.0,0.0,0.0,1.0,1.0,1.0,1.0,1.0,1.0
DiffSBDD,22,phys_rf_direct_excluded,DiffSBDD,2pqw-A-rec-2rhy-mlz-lig-tt-min-0-pocket10_2pqw-A-rec-2rhy-mlz-lig-tt-min-0,10,10,1.0,1.0,0.0,0.0,1.0,1.0,1.0,1.0,1.0,1.0
DiffSBDD,22,phys_rf_full,DiffSBDD,2pqw-A-rec-2rhy-mlz-lig-tt-min-0-pocket10_2pqw-A-rec-2rhy-mlz-lig-tt-min-0,10,10,1.0,1.0,0.0,0.0,1.0,1.0,1.0,1.0,1.0,1.0
DiffSBDD,22,qed_sa,DiffSBDD,1a2g-A-rec-4jmv-1ly-lig-tt-min-0-pocket10_1a2g-A-rec-4jmv-1ly-lig-tt-min-0,10,10,1.0,1.0,0.0,0.0,1.0,1.0,1.0,1.0,1.0,1.0
DiffSBDD,22,contact_clash_rule,DiffSBDD,1a2g-A-rec-4jmv-1ly-lig-tt-min-0-pocket10_1a2g-A-rec-4jmv-1ly-lig-tt-min-0,10,10,1.0,1.0,0.0,0.0,1.0,1.0,1.0,1.0,1.0,1.0
DiffSBDD,22,full_audit_gate_qedsa_fixed_budget,DiffSBDD,1a2g-A-rec-4jmv-1ly-lig-tt-min-0-pocket10_1a2g-A-rec-4jmv-1ly-lig-tt-min-0,10,10,1.0,1.0,0.0,0.0,1.0,1.0,1.0,1.0,1.0,1.0
DiffSBDD,22,full_audit_gate_qedsa_no_backfill,DiffSBDD,1a2g-A-rec-4jmv-1ly-lig-tt-min-0-pocket10_1a2g-A-rec-4jmv-1ly-lig-tt-min-0,10,10,1.0,1.0,0.0,0.0,1.0,1.0,1.0,1.0,1.0,1.0
DiffSBDD,22,audit_failure_count_qedsa,DiffSBDD,1a2g-A-rec-4jmv-1ly-lig-tt-min-0-pocket10_1a2g-A-rec-4jmv-1ly-lig-tt-min-0,10,10,1.0,1.0,0.0,0.0,1.0,1.0,1.0,1.0,1.0,1.0
DiffSBDD,22,phys_logreg_full,DiffSBDD,1a2g-A-rec-4jmv-1ly-lig-tt-min-0-pocket10_1a2g-A-rec-4jmv-1ly-lig-tt-min-0,10,10,1.0,1.0,0.0,0.0,1.0,1.0,1.0,1.0,1.0,1.0
DiffSBDD,22,phys_hgb_full,DiffSBDD,1a2g-A-rec-4jmv-1ly-lig-tt-min-0-pocket10_1a2g-A-rec-4jmv-1ly-lig-tt-min-0,10,10,1.0,1.0,0.0,0.0,1.0,1.0,1.0,1.0,1.0,1.0
DiffSBDD,22,phys_rf_direct_excluded,DiffSBDD,1a2g-A-rec-4jmv-1ly-lig-tt-min-0-pocket10_1a2g-A-rec-4jmv-1ly-lig-tt-min-0,10,10,1.0,1.0,0.0,0.0,1.0,1.0,1.0,1.0,1.0,1.0
DiffSBDD,22,phys_rf_full,DiffSBDD,1a2g-A-rec-4jmv-1ly-lig-tt-min-0-pocket10_1a2g-A-rec-4jmv-1ly-lig-tt-min-0,10,10,1.0,1.0,0.0,0.0,1.0,1.0,1.0,1.0,1.0,1.0
DiffSBDD,22,qed_sa,DiffSBDD,2rhy-A-rec-2rhy-mlz-lig-tt-min-0-pocket10_2rhy-A-rec-2rhy-mlz-lig-tt-min-0,10,10,1.0,0.5,500.0,500.0,1.0,0.5,1.0,0.5,0.6,1.0
DiffSBDD,22,contact_clash_rule,DiffSBDD,2rhy-A-rec-2rhy-mlz-lig-tt-min-0-pocket10_2rhy-A-rec-2rhy-mlz-lig-tt-min-0,10,10,1.0,0.5,500.0,500.0,1.0,0.5,1.0,0.5,0.7,1.0
DiffSBDD,22,full_audit_gate_qedsa_fixed_budget,DiffSBDD,2rhy-A-rec-2rhy-mlz-lig-tt-min-0-pocket10_2rhy-A-rec-2rhy-mlz-lig-tt-min-0,10,10,1.0,0.7,300.00000000000006,300.0,1.0,0.7,1.0,0.7,0.8,1.0
DiffSBDD,22,full_audit_gate_qedsa_no_backfill,DiffSBDD,2rhy-A-rec-2rhy-mlz-lig-tt-min-0-pocket10_2rhy-A-rec-2rhy-mlz-lig-tt-min-0,10,10,1.0,0.7,300.00000000000006,300.0,1.0,0.7,1.0,0.7,0.8,1.0
DiffSBDD,22,audit_failure_count_qedsa,DiffSBDD,2rhy-A-rec-2rhy-mlz-lig-tt-min-0-pocket10_2rhy-A-rec-2rhy-mlz-lig-tt-min-0,10,10,1.0,0.7,300.00000000000006,300.0,1.0,0.7,1.0,0.7,0.8,1.0
DiffSBDD,22,phys_logreg_full,DiffSBDD,2rhy-A-rec-2rhy-mlz-lig-tt-min-0-pocket10_2rhy-A-rec-2rhy-mlz-lig-tt-min-0,10,10,1.0,1.0,0.0,0.0,1.0,1.0,1.0,1.0,1.0,1.0
DiffSBDD,22,phys_hgb_full,DiffSBDD,2rhy-A-rec-2rhy-mlz-lig-tt-min-0-pocket10_2rhy-A-rec-2rhy-mlz-lig-tt-min-0,10,10,1.0,0.9,99.99999999999997,100.0,1.0,0.9,1.0,0.9,1.0,1.0
DiffSBDD,22,phys_rf_direct_excluded,DiffSBDD,2rhy-A-rec-2rhy-mlz-lig-tt-min-0-pocket10_2rhy-A-rec-2rhy-mlz-lig-tt-min-0,10,10,1.0,0.9,99.99999999999997,100.0,1.0,0.9,1.0,0.9,1.0,1.0
DiffSBDD,22,phys_rf_full,DiffSBDD,2rhy-A-rec-2rhy-mlz-lig-tt-min-0-pocket10_2rhy-A-rec-2rhy-mlz-lig-tt-min-0,10,10,1.0,1.0,0.0,0.0,1.0,1.0,1.0,1.0,1.0,1.0
DiffSBDD,22,qed_sa,DiffSBDD,1d7j-A-rec-1tco-fk5-lig-tt-docked-0-pocket10_1d7j-A-rec-1tco-fk5-lig-tt-docked-0,10,10,1.0,0.8,199.99999999999994,200.0,1.0,0.8,1.0,0.9,0.8,1.0
DiffSBDD,22,contact_clash_rule,DiffSBDD,1d7j-A-rec-1tco-fk5-lig-tt-docked-0-pocket10_1d7j-A-rec-1tco-fk5-lig-tt-docked-0,10,10,1.0,0.8,199.99999999999994,200.0,1.0,0.8,1.0,0.8,0.8,1.0
DiffSBDD,22,full_audit_gate_qedsa_fixed_budget,DiffSBDD,1d7j-A-rec-1tco-fk5-lig-tt-docked-0-pocket10_1d7j-A-rec-1tco-fk5-lig-tt-docked-0,10,10,1.0,0.8,199.99999999999994,200.0,1.0,0.8,1.0,0.9,0.8,1.0
DiffSBDD,22,full_audit_gate_qedsa_no_backfill,DiffSBDD,1d7j-A-rec-1tco-fk5-lig-tt-docked-0-pocket10_1d7j-A-rec-1tco-fk5-lig-tt-docked-0,10,10,1.0,0.8,199.99999999999994,200.0,1.0,0.8,1.0,0.9,0.8,1.0
DiffSBDD,22,audit_failure_count_qedsa,DiffSBDD,1d7j-A-rec-1tco-fk5-lig-tt-docked-0-pocket10_1d7j-A-rec-1tco-fk5-lig-tt-docked-0,10,10,1.0,0.8,199.99999999999994,200.0,1.0,0.8,1.0,0.9,0.8,1.0
DiffSBDD,22,phys_logreg_full,DiffSBDD,1d7j-A-rec-1tco-fk5-lig-tt-docked-0-pocket10_1d7j-A-rec-1tco-fk5-lig-tt-docked-0,10,10,1.0,1.0,0.0,0.0,1.0,1.0,1.0,1.0,1.0,1.0
DiffSBDD,22,phys_hgb_full,DiffSBDD,1d7j-A-rec-1tco-fk5-lig-tt-docked-0-pocket10_1d7j-A-rec-1tco-fk5-lig-tt-docked-0,10,10,1.0,0.9,99.99999999999997,100.0,1.0,0.9,1.0,1.0,0.9,1.0
DiffSBDD,22,phys_rf_direct_excluded,DiffSBDD,1d7j-A-rec-1tco-fk5-lig-tt-docked-0-pocket10_1d7j-A-rec-1tco-fk5-lig-tt-docked-0,10,10,1.0,1.0,0.0,0.0,1.0,1.0,1.0,1.0,1.0,1.0
DiffSBDD,22,phys_rf_full,DiffSBDD,1d7j-A-rec-1tco-fk5-lig-tt-docked-0-pocket10_1d7j-A-rec-1tco-fk5-lig-tt-docked-0,10,10,1.0,1.0,0.0,0.0,1.0,1.0,1.0,1.0,1.0,1.0
DiffSBDD,22,qed_sa,DiffSBDD,2e6d-A-rec-2e6d-fum-lig-tt-min-0-pocket10_2e6d-A-rec-2e6d-fum-lig-tt-min-0,10,10,1.0,1.0,0.0,0.0,1.0,1.0,1.0,1.0,1.0,1.0
DiffSBDD,22,contact_clash_rule,DiffSBDD,2e6d-A-rec-2e6d-fum-lig-tt-min-0-pocket10_2e6d-A-rec-2e6d-fum-lig-tt-min-0,10,10,1.0,0.8,199.99999999999994,200.0,1.0,0.8,0.8,1.0,1.0,1.0
DiffSBDD,22,full_audit_gate_qedsa_fixed_budget,DiffSBDD,2e6d-A-rec-2e6d-fum-lig-tt-min-0-pocket10_2e6d-A-rec-2e6d-fum-lig-tt-min-0,10,10,1.0,0.9,99.99999999999997,100.0,0.9,1.0,1.0,1.0,1.0,1.0
DiffSBDD,22,full_audit_gate_qedsa_no_backfill,DiffSBDD,2e6d-A-rec-2e6d-fum-lig-tt-min-0-pocket10_2e6d-A-rec-2e6d-fum-lig-tt-min-0,10,10,1.0,0.9,99.99999999999997,100.0,0.9,1.0,1.0,1.0,1.0,1.0
DiffSBDD,22,audit_failure_count_qedsa,DiffSBDD,2e6d-A-rec-2e6d-fum-lig-tt-min-0-pocket10_2e6d-A-rec-2e6d-fum-lig-tt-min-0,10,10,1.0,0.9,99.99999999999997,100.0,0.9,1.0,1.0,1.0,1.0,1.0
DiffSBDD,22,phys_logreg_full,DiffSBDD,2e6d-A-rec-2e6d-fum-lig-tt-min-0-pocket10_2e6d-A-rec-2e6d-fum-lig-tt-min-0,10,10,1.0,1.0,0.0,0.0,1.0,1.0,1.0,1.0,1.0,1.0
DiffSBDD,22,phys_hgb_full,DiffSBDD,2e6d-A-rec-2e6d-fum-lig-tt-min-0-pocket10_2e6d-A-rec-2e6d-fum-lig-tt-min-0,10,10,1.0,1.0,0.0,0.0,1.0,1.0,1.0,1.0,1.0,1.0
DiffSBDD,22,phys_rf_direct_excluded,DiffSBDD,2e6d-A-rec-2e6d-fum-lig-tt-min-0-pocket10_2e6d-A-rec-2e6d-fum-lig-tt-min-0,10,10,1.0,1.0,0.0,0.0,1.0,1.0,1.0,1.0,1.0,1.0
DiffSBDD,22,phys_rf_full,DiffSBDD,2e6d-A-rec-2e6d-fum-lig-tt-min-0-pocket10_2e6d-A-rec-2e6d-fum-lig-tt-min-0,10,10,1.0,0.9,99.99999999999997,100.0,0.9,1.0,1.0,1.0,1.0,1.0
DiffSBDD,22,qed_sa,DiffSBDD,2azy-A-rec-2azy-chd-lig-tt-docked-0-pocket10_2azy-A-rec-2azy-chd-lig-tt-docked-0,10,10,1.0,0.9,99.99999999999997,100.0,0.9,1.0,1.0,1.0,1.0,1.0
DiffSBDD,22,contact_clash_rule,DiffSBDD,2azy-A-rec-2azy-chd-lig-tt-docked-0-pocket10_2azy-A-rec-2azy-chd-lig-tt-docked-0,10,10,1.0,0.9,99.99999999999997,100.0,0.9,1.0,1.0,1.0,1.0,1.0
DiffSBDD,22,full_audit_gate_qedsa_fixed_budget,DiffSBDD,2azy-A-rec-2azy-chd-lig-tt-docked-0-pocket10_2azy-A-rec-2azy-chd-lig-tt-docked-0,10,10,1.0,0.9,99.99999999999997,100.0,0.9,1.0,1.0,1.0,1.0,1.0
DiffSBDD,22,full_audit_gate_qedsa_no_backfill,DiffSBDD,2azy-A-rec-2azy-chd-lig-tt-docked-0-pocket10_2azy-A-rec-2azy-chd-lig-tt-docked-0,10,10,1.0,0.9,99.99999999999997,100.0,0.9,1.0,1.0,1.0,1.0,1.0
DiffSBDD,22,audit_failure_count_qedsa,DiffSBDD,2azy-A-rec-2azy-chd-lig-tt-docked-0-pocket10_2azy-A-rec-2azy-chd-lig-tt-docked-0,10,10,1.0,0.9,99.99999999999997,100.0,0.9,1.0,1.0,1.0,1.0,1.0
DiffSBDD,22,phys_logreg_full,DiffSBDD,2azy-A-rec-2azy-chd-lig-tt-docked-0-pocket10_2azy-A-rec-2azy-chd-lig-tt-docked-0,10,10,1.0,1.0,0.0,0.0,1.0,1.0,1.0,1.0,1.0,1.0
DiffSBDD,22,phys_hgb_full,DiffSBDD,2azy-A-rec-2azy-chd-lig-tt-docked-0-pocket10_2azy-A-rec-2azy-chd-lig-tt-docked-0,10,10,1.0,0.9,99.99999999999997,100.0,1.0,0.9,0.9,1.0,0.9,1.0
DiffSBDD,22,phys_rf_direct_excluded,DiffSBDD,2azy-A-rec-2azy-chd-lig-tt-docked-0-pocket10_2azy-A-rec-2azy-chd-lig-tt-docked-0,10,10,1.0,1.0,0.0,0.0,1.0,1.0,1.0,1.0,1.0,1.0
DiffSBDD,22,phys_rf_full,DiffSBDD,2azy-A-rec-2azy-chd-lig-tt-docked-0-pocket10_2azy-A-rec-2azy-chd-lig-tt-docked-0,10,10,1.0,0.8,199.99999999999994,200.0,0.9,0.8888888888888888,0.8888888888888888,1.0,0.8888888888888888,1.0
DiffSBDD,22,qed_sa,DiffSBDD,2hcj-B-rec-2hcj-gdp-lig-tt-docked-0-pocket10_2hcj-B-rec-2hcj-gdp-lig-tt-docked-0,10,10,1.0,0.9,99.99999999999997,100.0,1.0,0.9,0.9,1.0,1.0,1.0
DiffSBDD,22,contact_clash_rule,DiffSBDD,2hcj-B-rec-2hcj-gdp-lig-tt-docked-0-pocket10_2hcj-B-rec-2hcj-gdp-lig-tt-docked-0,10,10,1.0,0.7,300.00000000000006,300.0,1.0,0.7,0.8,0.9,0.9,1.0
DiffSBDD,22,full_audit_gate_qedsa_fixed_budget,DiffSBDD,2hcj-B-rec-2hcj-gdp-lig-tt-docked-0-pocket10_2hcj-B-rec-2hcj-gdp-lig-tt-docked-0,10,10,1.0,0.9,99.99999999999997,100.0,1.0,0.9,0.9,1.0,1.0,1.0
DiffSBDD,22,full_audit_gate_qedsa_no_backfill,DiffSBDD,2hcj-B-rec-2hcj-gdp-lig-tt-docked-0-pocket10_2hcj-B-rec-2hcj-gdp-lig-tt-docked-0,10,10,1.0,0.9,99.99999999999997,100.0,1.0,0.9,0.9,1.0,1.0,1.0
DiffSBDD,22,audit_failure_count_qedsa,DiffSBDD,2hcj-B-rec-2hcj-gdp-lig-tt-docked-0-pocket10_2hcj-B-rec-2hcj-gdp-lig-tt-docked-0,10,10,1.0,0.9,99.99999999999997,100.0,1.0,0.9,0.9,1.0,1.0,1.0
DiffSBDD,22,phys_logreg_full,DiffSBDD,2hcj-B-rec-2hcj-gdp-lig-tt-docked-0-pocket10_2hcj-B-rec-2hcj-gdp-lig-tt-docked-0,10,10,1.0,0.8,199.99999999999994,200.0,1.0,0.8,0.8,1.0,1.0,1.0
DiffSBDD,22,phys_hgb_full,DiffSBDD,2hcj-B-rec-2hcj-gdp-lig-tt-docked-0-pocket10_2hcj-B-rec-2hcj-gdp-lig-tt-docked-0,10,10,1.0,1.0,0.0,0.0,1.0,1.0,1.0,1.0,1.0,1.0
DiffSBDD,22,phys_rf_direct_excluded,DiffSBDD,2hcj-B-rec-2hcj-gdp-lig-tt-docked-0-pocket10_2hcj-B-rec-2hcj-gdp-lig-tt-docked-0,10,10,1.0,0.9,99.99999999999997,100.0,1.0,0.9,0.9,1.0,1.0,1.0
DiffSBDD,22,phys_rf_full,DiffSBDD,2hcj-B-rec-2hcj-gdp-lig-tt-docked-0-pocket10_2hcj-B-rec-2hcj-gdp-lig-tt-docked-0,10,10,1.0,0.9,99.99999999999997,100.0,1.0,0.9,0.9,1.0,1.0,1.0
DiffSBDD,22,qed_sa,DiffSBDD,2e24-A-rec-1j0n-ceg-lig-tt-docked-14-pocket10_2e24-A-rec-1j0n-ceg-lig-tt-docked-14,10,10,1.0,1.0,0.0,0.0,1.0,1.0,1.0,1.0,1.0,1.0
DiffSBDD,22,contact_clash_rule,DiffSBDD,2e24-A-rec-1j0n-ceg-lig-tt-docked-14-pocket10_2e24-A-rec-1j0n-ceg-lig-tt-docked-14,10,10,1.0,1.0,0.0,0.0,1.0,1.0,1.0,1.0,1.0,1.0
DiffSBDD,22,full_audit_gate_qedsa_fixed_budget,DiffSBDD,2e24-A-rec-1j0n-ceg-lig-tt-docked-14-pocket10_2e24-A-rec-1j0n-ceg-lig-tt-docked-14,10,10,1.0,1.0,0.0,0.0,1.0,1.0,1.0,1.0,1.0,1.0
DiffSBDD,22,full_audit_gate_qedsa_no_backfill,DiffSBDD,2e24-A-rec-1j0n-ceg-lig-tt-docked-14-pocket10_2e24-A-rec-1j0n-ceg-lig-tt-docked-14,10,10,1.0,1.0,0.0,0.0,1.0,1.0,1.0,1.0,1.0,1.0
DiffSBDD,22,audit_failure_count_qedsa,DiffSBDD,2e24-A-rec-1j0n-ceg-lig-tt-docked-14-pocket10_2e24-A-rec-1j0n-ceg-lig-tt-docked-14,10,10,1.0,1.0,0.0,0.0,1.0,1.0,1.0,1.0,1.0,1.0
DiffSBDD,22,phys_logreg_full,DiffSBDD,2e24-A-rec-1j0n-ceg-lig-tt-docked-14-pocket10_2e24-A-rec-1j0n-ceg-lig-tt-docked-14,10,10,1.0,0.9,99.99999999999997,100.0,0.9,1.0,1.0,1.0,1.0,1.0
DiffSBDD,22,phys_hgb_full,DiffSBDD,2e24-A-rec-1j0n-ceg-lig-tt-docked-14-pocket10_2e24-A-rec-1j0n-ceg-lig-tt-docked-14,10,10,1.0,0.9,99.99999999999997,100.0,0.9,1.0,1.0,1.0,1.0,1.0
DiffSBDD,22,phys_rf_direct_excluded,DiffSBDD,2e24-A-rec-1j0n-ceg-lig-tt-docked-14-pocket10_2e24-A-rec-1j0n-ceg-lig-tt-docked-14,10,10,1.0,1.0,0.0,0.0,1.0,1.0,1.0,1.0,1.0,1.0
DiffSBDD,22,phys_rf_full,DiffSBDD,2e24-A-rec-1j0n-ceg-lig-tt-docked-14-pocket10_2e24-A-rec-1j0n-ceg-lig-tt-docked-14,10,10,1.0,1.0,0.0,0.0,1.0,1.0,1.0,1.0,1.0,1.0
DiffSBDD,22,qed_sa,DiffSBDD,2f2c-B-rec-1xo2-fse-lig-tt-min-0-pocket10_2f2c-B-rec-1xo2-fse-lig-tt-min-0,10,10,1.0,0.9,99.99999999999997,100.0,1.0,0.9,0.9,1.0,1.0,1.0
DiffSBDD,22,contact_clash_rule,DiffSBDD,2f2c-B-rec-1xo2-fse-lig-tt-min-0-pocket10_2f2c-B-rec-1xo2-fse-lig-tt-min-0,10,10,1.0,0.9,99.99999999999997,100.0,1.0,0.9,0.9,1.0,1.0,1.0
DiffSBDD,22,full_audit_gate_qedsa_fixed_budget,DiffSBDD,2f2c-B-rec-1xo2-fse-lig-tt-min-0-pocket10_2f2c-B-rec-1xo2-fse-lig-tt-min-0,10,10,1.0,0.9,99.99999999999997,100.0,1.0,0.9,0.9,1.0,1.0,1.0
DiffSBDD,22,full_audit_gate_qedsa_no_backfill,DiffSBDD,2f2c-B-rec-1xo2-fse-lig-tt-min-0-pocket10_2f2c-B-rec-1xo2-fse-lig-tt-min-0,10,10,1.0,0.9,99.99999999999997,100.0,1.0,0.9,0.9,1.0,1.0,1.0
DiffSBDD,22,audit_failure_count_qedsa,DiffSBDD,2f2c-B-rec-1xo2-fse-lig-tt-min-0-pocket10_2f2c-B-rec-1xo2-fse-lig-tt-min-0,10,10,1.0,0.9,99.99999999999997,100.0,1.0,0.9,0.9,1.0,1.0,1.0
DiffSBDD,22,phys_logreg_full,DiffSBDD,2f2c-B-rec-1xo2-fse-lig-tt-min-0-pocket10_2f2c-B-rec-1xo2-fse-lig-tt-min-0,10,10,1.0,0.9,99.99999999999997,100.0,1.0,0.9,0.9,1.0,1.0,1.0
DiffSBDD,22,phys_hgb_full,DiffSBDD,2f2c-B-rec-1xo2-fse-lig-tt-min-0-pocket10_2f2c-B-rec-1xo2-fse-lig-tt-min-0,10,10,1.0,0.9,99.99999999999997,100.0,1.0,0.9,0.9,1.0,1.0,1.0
DiffSBDD,22,phys_rf_direct_excluded,DiffSBDD,2f2c-B-rec-1xo2-fse-lig-tt-min-0-pocket10_2f2c-B-rec-1xo2-fse-lig-tt-min-0,10,10,1.0,1.0,0.0,0.0,1.0,1.0,1.0,1.0,1.0,1.0
DiffSBDD,22,phys_rf_full,DiffSBDD,2f2c-B-rec-1xo2-fse-lig-tt-min-0-pocket10_2f2c-B-rec-1xo2-fse-lig-tt-min-0,10,10,1.0,1.0,0.0,0.0,1.0,1.0,1.0,1.0,1.0,1.0
DiffSBDD,22,qed_sa,DiffSBDD,2cy0-A-rec-2d5c-skm-lig-tt-min-0-pocket10_2cy0-A-rec-2d5c-skm-lig-tt-min-0,10,10,1.0,0.8,199.99999999999994,200.0,1.0,0.8,1.0,0.8,0.8,1.0
DiffSBDD,22,contact_clash_rule,DiffSBDD,2cy0-A-rec-2d5c-skm-lig-tt-min-0-pocket10_2cy0-A-rec-2d5c-skm-lig-tt-min-0,10,10,1.0,0.8,199.99999999999994,200.0,1.0,0.8,1.0,0.8,0.8,1.0
DiffSBDD,22,full_audit_gate_qedsa_fixed_budget,DiffSBDD,2cy0-A-rec-2d5c-skm-lig-tt-min-0-pocket10_2cy0-A-rec-2d5c-skm-lig-tt-min-0,10,10,1.0,0.8,199.99999999999994,200.0,1.0,0.8,0.9,0.9,0.9,1.0
DiffSBDD,22,full_audit_gate_qedsa_no_backfill,DiffSBDD,2cy0-A-rec-2d5c-skm-lig-tt-min-0-pocket10_2cy0-A-rec-2d5c-skm-lig-tt-min-0,10,10,1.0,0.8,199.99999999999994,200.0,1.0,0.8,0.9,0.9,0.9,1.0
DiffSBDD,22,audit_failure_count_qedsa,DiffSBDD,2cy0-A-rec-2d5c-skm-lig-tt-min-0-pocket10_2cy0-A-rec-2d5c-skm-lig-tt-min-0,10,10,1.0,0.8,199.99999999999994,200.0,1.0,0.8,0.9,0.9,0.9,1.0
DiffSBDD,22,phys_logreg_full,DiffSBDD,2cy0-A-rec-2d5c-skm-lig-tt-min-0-pocket10_2cy0-A-rec-2d5c-skm-lig-tt-min-0,10,10,1.0,0.8,199.99999999999994,200.0,1.0,0.8,0.8,1.0,1.0,1.0
DiffSBDD,22,phys_hgb_full,DiffSBDD,2cy0-A-rec-2d5c-skm-lig-tt-min-0-pocket10_2cy0-A-rec-2d5c-skm-lig-tt-min-0,10,10,1.0,1.0,0.0,0.0,1.0,1.0,1.0,1.0,1.0,1.0
DiffSBDD,22,phys_rf_direct_excluded,DiffSBDD,2cy0-A-rec-2d5c-skm-lig-tt-min-0-pocket10_2cy0-A-rec-2d5c-skm-lig-tt-min-0,10,10,1.0,1.0,0.0,0.0,1.0,1.0,1.0,1.0,1.0,1.0
DiffSBDD,22,phys_rf_full,DiffSBDD,2cy0-A-rec-2d5c-skm-lig-tt-min-0-pocket10_2cy0-A-rec-2d5c-skm-lig-tt-min-0,10,10,1.0,0.9,99.99999999999997,100.0,1.0,0.9,0.9,1.0,1.0,1.0
DiffSBDD,22,qed_sa,DiffSBDD,1afs-A-rec-1afs-tes-lig-tt-min-0-pocket10_1afs-A-rec-1afs-tes-lig-tt-min-0,10,10,1.0,1.0,0.0,0.0,1.0,1.0,1.0,1.0,1.0,1.0
DiffSBDD,22,contact_clash_rule,DiffSBDD,1afs-A-rec-1afs-tes-lig-tt-min-0-pocket10_1afs-A-rec-1afs-tes-lig-tt-min-0,10,10,1.0,0.9,99.99999999999997,100.0,1.0,0.9,0.9,1.0,1.0,1.0
DiffSBDD,22,full_audit_gate_qedsa_fixed_budget,DiffSBDD,1afs-A-rec-1afs-tes-lig-tt-min-0-pocket10_1afs-A-rec-1afs-tes-lig-tt-min-0,10,10,1.0,1.0,0.0,0.0,1.0,1.0,1.0,1.0,1.0,1.0
DiffSBDD,22,full_audit_gate_qedsa_no_backfill,DiffSBDD,1afs-A-rec-1afs-tes-lig-tt-min-0-pocket10_1afs-A-rec-1afs-tes-lig-tt-min-0,10,10,1.0,1.0,0.0,0.0,1.0,1.0,1.0,1.0,1.0,1.0
DiffSBDD,22,audit_failure_count_qedsa,DiffSBDD,1afs-A-rec-1afs-tes-lig-tt-min-0-pocket10_1afs-A-rec-1afs-tes-lig-tt-min-0,10,10,1.0,1.0,0.0,0.0,1.0,1.0,1.0,1.0,1.0,1.0
DiffSBDD,22,phys_logreg_full,DiffSBDD,1afs-A-rec-1afs-tes-lig-tt-min-0-pocket10_1afs-A-rec-1afs-tes-lig-tt-min-0,10,10,1.0,1.0,0.0,0.0,1.0,1.0,1.0,1.0,1.0,1.0
DiffSBDD,22,phys_hgb_full,DiffSBDD,1afs-A-rec-1afs-tes-lig-tt-min-0-pocket10_1afs-A-rec-1afs-tes-lig-tt-min-0,10,10,1.0,1.0,0.0,0.0,1.0,1.0,1.0,1.0,1.0,1.0
DiffSBDD,22,phys_rf_direct_excluded,DiffSBDD,1afs-A-rec-1afs-tes-lig-tt-min-0-pocket10_1afs-A-rec-1afs-tes-lig-tt-min-0,10,10,1.0,1.0,0.0,0.0,1.0,1.0,1.0,1.0,1.0,1.0
DiffSBDD,22,phys_rf_full,DiffSBDD,1afs-A-rec-1afs-tes-lig-tt-min-0-pocket10_1afs-A-rec-1afs-tes-lig-tt-min-0,10,10,1.0,1.0,0.0,0.0,1.0,1.0,1.0,1.0,1.0,1.0
DiffSBDD,22,qed_sa,DiffSBDD,1rs9-A-rec-1dmk-itu-lig-tt-min-0-pocket10_1rs9-A-rec-1dmk-itu-lig-tt-min-0,10,10,1.0,0.9,99.99999999999997,100.0,0.9,1.0,1.0,1.0,1.0,1.0
DiffSBDD,22,contact_clash_rule,DiffSBDD,1rs9-A-rec-1dmk-itu-lig-tt-min-0-pocket10_1rs9-A-rec-1dmk-itu-lig-tt-min-0,10,10,1.0,0.9,99.99999999999997,100.0,0.9,1.0,1.0,1.0,1.0,1.0
DiffSBDD,22,full_audit_gate_qedsa_fixed_budget,DiffSBDD,1rs9-A-rec-1dmk-itu-lig-tt-min-0-pocket10_1rs9-A-rec-1dmk-itu-lig-tt-min-0,10,10,1.0,0.9,99.99999999999997,100.0,0.9,1.0,1.0,1.0,1.0,1.0
DiffSBDD,22,full_audit_gate_qedsa_no_backfill,DiffSBDD,1rs9-A-rec-1dmk-itu-lig-tt-min-0-pocket10_1rs9-A-rec-1dmk-itu-lig-tt-min-0,10,10,1.0,0.9,99.99999999999997,100.0,0.9,1.0,1.0,1.0,1.0,1.0
DiffSBDD,22,audit_failure_count_qedsa,DiffSBDD,1rs9-A-rec-1dmk-itu-lig-tt-min-0-pocket10_1rs9-A-rec-1dmk-itu-lig-tt-min-0,10,10,1.0,0.9,99.99999999999997,100.0,0.9,1.0,1.0,1.0,1.0,1.0
DiffSBDD,22,phys_logreg_full,DiffSBDD,1rs9-A-rec-1dmk-itu-lig-tt-min-0-pocket10_1rs9-A-rec-1dmk-itu-lig-tt-min-0,10,10,1.0,1.0,0.0,0.0,1.0,1.0,1.0,1.0,1.0,1.0
DiffSBDD,22,phys_hgb_full,DiffSBDD,1rs9-A-rec-1dmk-itu-lig-tt-min-0-pocket10_1rs9-A-rec-1dmk-itu-lig-tt-min-0,10,10,1.0,1.0,0.0,0.0,1.0,1.0,1.0,1.0,1.0,1.0
DiffSBDD,22,phys_rf_direct_excluded,DiffSBDD,1rs9-A-rec-1dmk-itu-lig-tt-min-0-pocket10_1rs9-A-rec-1dmk-itu-lig-tt-min-0,10,10,1.0,1.0,0.0,0.0,1.0,1.0,1.0,1.0,1.0,1.0
DiffSBDD,22,phys_rf_full,DiffSBDD,1rs9-A-rec-1dmk-itu-lig-tt-min-0-pocket10_1rs9-A-rec-1dmk-itu-lig-tt-min-0,10,10,1.0,1.0,0.0,0.0,1.0,1.0,1.0,1.0,1.0,1.0
DiffSBDD,22,qed_sa,DiffSBDD,2pc8-A-rec-1eqc-cts-lig-tt-docked-6-pocket10_2pc8-A-rec-1eqc-cts-lig-tt-docked-6,10,10,1.0,0.8,199.99999999999994,200.0,0.9,0.8888888888888888,1.0,0.8888888888888888,0.8888888888888888,1.0
DiffSBDD,22,contact_clash_rule,DiffSBDD,2pc8-A-rec-1eqc-cts-lig-tt-docked-6-pocket10_2pc8-A-rec-1eqc-cts-lig-tt-docked-6,10,10,1.0,0.8,199.99999999999994,200.0,1.0,0.8,1.0,0.8,0.9,1.0
DiffSBDD,22,full_audit_gate_qedsa_fixed_budget,DiffSBDD,2pc8-A-rec-1eqc-cts-lig-tt-docked-6-pocket10_2pc8-A-rec-1eqc-cts-lig-tt-docked-6,10,10,1.0,0.9,99.99999999999997,100.0,1.0,0.9,1.0,0.9,0.9,1.0
DiffSBDD,22,full_audit_gate_qedsa_no_backfill,DiffSBDD,2pc8-A-rec-1eqc-cts-lig-tt-docked-6-pocket10_2pc8-A-rec-1eqc-cts-lig-tt-docked-6,10,10,1.0,0.9,99.99999999999997,100.0,1.0,0.9,1.0,0.9,0.9,1.0
DiffSBDD,22,audit_failure_count_qedsa,DiffSBDD,2pc8-A-rec-1eqc-cts-lig-tt-docked-6-pocket10_2pc8-A-rec-1eqc-cts-lig-tt-docked-6,10,10,1.0,0.9,99.99999999999997,100.0,1.0,0.9,1.0,0.9,0.9,1.0
DiffSBDD,22,phys_logreg_full,DiffSBDD,2pc8-A-rec-1eqc-cts-lig-tt-docked-6-pocket10_2pc8-A-rec-1eqc-cts-lig-tt-docked-6,10,10,1.0,0.9,99.99999999999997,100.0,1.0,0.9,1.0,0.9,1.0,1.0
DiffSBDD,22,phys_hgb_full,DiffSBDD,2pc8-A-rec-1eqc-cts-lig-tt-docked-6-pocket10_2pc8-A-rec-1eqc-cts-lig-tt-docked-6,10,10,1.0,1.0,0.0,0.0,1.0,1.0,1.0,1.0,1.0,1.0
DiffSBDD,22,phys_rf_direct_excluded,DiffSBDD,2pc8-A-rec-1eqc-cts-lig-tt-docked-6-pocket10_2pc8-A-rec-1eqc-cts-lig-tt-docked-6,10,10,1.0,1.0,0.0,0.0,1.0,1.0,1.0,1.0,1.0,1.0
DiffSBDD,22,phys_rf_full,DiffSBDD,2pc8-A-rec-1eqc-cts-lig-tt-docked-6-pocket10_2pc8-A-rec-1eqc-cts-lig-tt-docked-6,10,10,1.0,1.0,0.0,0.0,1.0,1.0,1.0,1.0,1.0,1.0
DiffSBDD,22,qed_sa,DiffSBDD,1k9t-A-rec-2wlz-dio-lig-tt-min-0-pocket10_1k9t-A-rec-2wlz-dio-lig-tt-min-0,10,10,1.0,0.7,300.00000000000006,300.0,1.0,0.7,1.0,0.7,0.7,1.0
DiffSBDD,22,contact_clash_rule,DiffSBDD,1k9t-A-rec-2wlz-dio-lig-tt-min-0-pocket10_1k9t-A-rec-2wlz-dio-lig-tt-min-0,10,10,1.0,0.8,199.99999999999994,200.0,0.9,0.8888888888888888,1.0,0.8888888888888888,0.8888888888888888,1.0
DiffSBDD,22,full_audit_gate_qedsa_fixed_budget,DiffSBDD,1k9t-A-rec-2wlz-dio-lig-tt-min-0-pocket10_1k9t-A-rec-2wlz-dio-lig-tt-min-0,10,10,1.0,0.9,99.99999999999997,100.0,1.0,0.9,1.0,0.9,0.9,1.0
DiffSBDD,22,full_audit_gate_qedsa_no_backfill,DiffSBDD,1k9t-A-rec-2wlz-dio-lig-tt-min-0-pocket10_1k9t-A-rec-2wlz-dio-lig-tt-min-0,10,10,1.0,0.9,99.99999999999997,100.0,1.0,0.9,1.0,0.9,0.9,1.0
DiffSBDD,22,audit_failure_count_qedsa,DiffSBDD,1k9t-A-rec-2wlz-dio-lig-tt-min-0-pocket10_1k9t-A-rec-2wlz-dio-lig-tt-min-0,10,10,1.0,0.9,99.99999999999997,100.0,1.0,0.9,1.0,0.9,0.9,1.0
DiffSBDD,22,phys_logreg_full,DiffSBDD,1k9t-A-rec-2wlz-dio-lig-tt-min-0-pocket10_1k9t-A-rec-2wlz-dio-lig-tt-min-0,10,10,1.0,1.0,0.0,0.0,1.0,1.0,1.0,1.0,1.0,1.0
DiffSBDD,22,phys_hgb_full,DiffSBDD,1k9t-A-rec-2wlz-dio-lig-tt-min-0-pocket10_1k9t-A-rec-2wlz-dio-lig-tt-min-0,10,10,1.0,1.0,0.0,0.0,1.0,1.0,1.0,1.0,1.0,1.0
DiffSBDD,22,phys_rf_direct_excluded,DiffSBDD,1k9t-A-rec-2wlz-dio-lig-tt-min-0-pocket10_1k9t-A-rec-2wlz-dio-lig-tt-min-0,10,10,1.0,1.0,0.0,0.0,1.0,1.0,1.0,1.0,1.0,1.0
DiffSBDD,22,phys_rf_full,DiffSBDD,1k9t-A-rec-2wlz-dio-lig-tt-min-0-pocket10_1k9t-A-rec-2wlz-dio-lig-tt-min-0,10,10,1.0,1.0,0.0,0.0,1.0,1.0,1.0,1.0,1.0,1.0
DiffSBDD,22,qed_sa,DiffSBDD,1gg5-A-rec-1kbo-340-lig-tt-min-0-pocket10_1gg5-A-rec-1kbo-340-lig-tt-min-0,10,10,1.0,1.0,0.0,0.0,1.0,1.0,1.0,1.0,1.0,1.0
DiffSBDD,22,contact_clash_rule,DiffSBDD,1gg5-A-rec-1kbo-340-lig-tt-min-0-pocket10_1gg5-A-rec-1kbo-340-lig-tt-min-0,10,10,1.0,0.9,99.99999999999997,100.0,0.9,1.0,1.0,1.0,1.0,1.0
DiffSBDD,22,full_audit_gate_qedsa_fixed_budget,DiffSBDD,1gg5-A-rec-1kbo-340-lig-tt-min-0-pocket10_1gg5-A-rec-1kbo-340-lig-tt-min-0,10,10,1.0,1.0,0.0,0.0,1.0,1.0,1.0,1.0,1.0,1.0
DiffSBDD,22,full_audit_gate_qedsa_no_backfill,DiffSBDD,1gg5-A-rec-1kbo-340-lig-tt-min-0-pocket10_1gg5-A-rec-1kbo-340-lig-tt-min-0,10,10,1.0,1.0,0.0,0.0,1.0,1.0,1.0,1.0,1.0,1.0
DiffSBDD,22,audit_failure_count_qedsa,DiffSBDD,1gg5-A-rec-1kbo-340-lig-tt-min-0-pocket10_1gg5-A-rec-1kbo-340-lig-tt-min-0,10,10,1.0,1.0,0.0,0.0,1.0,1.0,1.0,1.0,1.0,1.0
DiffSBDD,22,phys_logreg_full,DiffSBDD,1gg5-A-rec-1kbo-340-lig-tt-min-0-pocket10_1gg5-A-rec-1kbo-340-lig-tt-min-0,10,10,1.0,0.8,199.99999999999994,200.0,1.0,0.8,0.8,1.0,1.0,1.0
DiffSBDD,22,phys_hgb_full,DiffSBDD,1gg5-A-rec-1kbo-340-lig-tt-min-0-pocket10_1gg5-A-rec-1kbo-340-lig-tt-min-0,10,10,1.0,1.0,0.0,0.0,1.0,1.0,1.0,1.0,1.0,1.0
DiffSBDD,22,phys_rf_direct_excluded,DiffSBDD,1gg5-A-rec-1kbo-340-lig-tt-min-0-pocket10_1gg5-A-rec-1kbo-340-lig-tt-min-0,10,10,1.0,0.9,99.99999999999997,100.0,1.0,0.9,0.9,1.0,1.0,1.0
DiffSBDD,22,phys_rf_full,DiffSBDD,1gg5-A-rec-1kbo-340-lig-tt-min-0-pocket10_1gg5-A-rec-1kbo-340-lig-tt-min-0,10,10,1.0,1.0,0.0,0.0,1.0,1.0,1.0,1.0,1.0,1.0
DiffSBDD,22,qed_sa,DiffSBDD,1h0i-A-rec-1e6z-ngo-lig-it2-tt-docked-15-pocket10_1h0i-A-rec-1e6z-ngo-lig-it2-tt-docked-15,10,10,1.0,0.7,300.00000000000006,300.0,0.9,0.7777777777777778,1.0,0.7777777777777778,0.7777777777777778,1.0
DiffSBDD,22,contact_clash_rule,DiffSBDD,1h0i-A-rec-1e6z-ngo-lig-it2-tt-docked-15-pocket10_1h0i-A-rec-1e6z-ngo-lig-it2-tt-docked-15,10,10,1.0,0.7,300.00000000000006,300.0,0.9,0.7777777777777778,1.0,0.7777777777777778,0.7777777777777778,1.0
DiffSBDD,22,full_audit_gate_qedsa_fixed_budget,DiffSBDD,1h0i-A-rec-1e6z-ngo-lig-it2-tt-docked-15-pocket10_1h0i-A-rec-1e6z-ngo-lig-it2-tt-docked-15,10,10,1.0,0.7,300.00000000000006,300.0,0.9,0.7777777777777778,1.0,0.7777777777777778,0.7777777777777778,1.0
DiffSBDD,22,full_audit_gate_qedsa_no_backfill,DiffSBDD,1h0i-A-rec-1e6z-ngo-lig-it2-tt-docked-15-pocket10_1h0i-A-rec-1e6z-ngo-lig-it2-tt-docked-15,10,10,1.0,0.7,300.00000000000006,300.0,0.9,0.7777777777777778,1.0,0.7777777777777778,0.7777777777777778,1.0
DiffSBDD,22,audit_failure_count_qedsa,DiffSBDD,1h0i-A-rec-1e6z-ngo-lig-it2-tt-docked-15-pocket10_1h0i-A-rec-1e6z-ngo-lig-it2-tt-docked-15,10,10,1.0,0.7,300.00000000000006,300.0,0.9,0.7777777777777778,1.0,0.7777777777777778,0.7777777777777778,1.0
DiffSBDD,22,phys_logreg_full,DiffSBDD,1h0i-A-rec-1e6z-ngo-lig-it2-tt-docked-15-pocket10_1h0i-A-rec-1e6z-ngo-lig-it2-tt-docked-15,10,10,1.0,1.0,0.0,0.0,1.0,1.0,1.0,1.0,1.0,1.0
DiffSBDD,22,phys_hgb_full,DiffSBDD,1h0i-A-rec-1e6z-ngo-lig-it2-tt-docked-15-pocket10_1h0i-A-rec-1e6z-ngo-lig-it2-tt-docked-15,10,10,1.0,1.0,0.0,0.0,1.0,1.0,1.0,1.0,1.0,1.0
DiffSBDD,22,phys_rf_direct_excluded,DiffSBDD,1h0i-A-rec-1e6z-ngo-lig-it2-tt-docked-15-pocket10_1h0i-A-rec-1e6z-ngo-lig-it2-tt-docked-15,10,10,1.0,1.0,0.0,0.0,1.0,1.0,1.0,1.0,1.0,1.0
DiffSBDD,22,phys_rf_full,DiffSBDD,1h0i-A-rec-1e6z-ngo-lig-it2-tt-docked-15-pocket10_1h0i-A-rec-1e6z-ngo-lig-it2-tt-docked-15,10,10,1.0,1.0,0.0,0.0,1.0,1.0,1.0,1.0,1.0,1.0
DiffSBDD,22,qed_sa,DiffSBDD,1ai4-A-rec-1ai5-mnp-lig-tt-docked-0-pocket10_1ai4-A-rec-1ai5-mnp-lig-tt-docked-0,10,10,1.0,1.0,0.0,0.0,1.0,1.0,1.0,1.0,1.0,1.0
DiffSBDD,22,contact_clash_rule,DiffSBDD,1ai4-A-rec-1ai5-mnp-lig-tt-docked-0-pocket10_1ai4-A-rec-1ai5-mnp-lig-tt-docked-0,10,10,1.0,1.0,0.0,0.0,1.0,1.0,1.0,1.0,1.0,1.0
DiffSBDD,22,full_audit_gate_qedsa_fixed_budget,DiffSBDD,1ai4-A-rec-1ai5-mnp-lig-tt-docked-0-pocket10_1ai4-A-rec-1ai5-mnp-lig-tt-docked-0,10,10,1.0,1.0,0.0,0.0,1.0,1.0,1.0,1.0,1.0,1.0
DiffSBDD,22,full_audit_gate_qedsa_no_backfill,DiffSBDD,1ai4-A-rec-1ai5-mnp-lig-tt-docked-0-pocket10_1ai4-A-rec-1ai5-mnp-lig-tt-docked-0,10,10,1.0,1.0,0.0,0.0,1.0,1.0,1.0,1.0,1.0,1.0
DiffSBDD,22,audit_failure_count_qedsa,DiffSBDD,1ai4-A-rec-1ai5-mnp-lig-tt-docked-0-pocket10_1ai4-A-rec-1ai5-mnp-lig-tt-docked-0,10,10,1.0,1.0,0.0,0.0,1.0,1.0,1.0,1.0,1.0,1.0
DiffSBDD,22,phys_logreg_full,DiffSBDD,1ai4-A-rec-1ai5-mnp-lig-tt-docked-0-pocket10_1ai4-A-rec-1ai5-mnp-lig-tt-docked-0,10,10,1.0,1.0,0.0,0.0,1.0,1.0,1.0,1.0,1.0,1.0
DiffSBDD,22,phys_hgb_full,DiffSBDD,1ai4-A-rec-1ai5-mnp-lig-tt-docked-0-pocket10_1ai4-A-rec-1ai5-mnp-lig-tt-docked-0,10,10,1.0,1.0,0.0,0.0,1.0,1.0,1.0,1.0,1.0,1.0
DiffSBDD,22,phys_rf_direct_excluded,DiffSBDD,1ai4-A-rec-1ai5-mnp-lig-tt-docked-0-pocket10_1ai4-A-rec-1ai5-mnp-lig-tt-docked-0,10,10,1.0,1.0,0.0,0.0,1.0,1.0,1.0,1.0,1.0,1.0
DiffSBDD,22,phys_rf_full,DiffSBDD,1ai4-A-rec-1ai5-mnp-lig-tt-docked-0-pocket10_1ai4-A-rec-1ai5-mnp-lig-tt-docked-0,10,10,1.0,1.0,0.0,0.0,1.0,1.0,1.0,1.0,1.0,1.0
DiffSBDD,22,qed_sa,DiffSBDD,1djy-A-rec-1djz-ip2-lig-tt-min-0-pocket10_1djy-A-rec-1djz-ip2-lig-tt-min-0,10,10,1.0,0.7,300.00000000000006,300.0,0.9,0.7777777777777778,0.8888888888888888,0.8888888888888888,0.8888888888888888,1.0
DiffSBDD,22,contact_clash_rule,DiffSBDD,1djy-A-rec-1djz-ip2-lig-tt-min-0-pocket10_1djy-A-rec-1djz-ip2-lig-tt-min-0,10,10,1.0,0.8,199.99999999999994,200.0,0.9,0.8888888888888888,1.0,0.8888888888888888,0.8888888888888888,1.0
DiffSBDD,22,full_audit_gate_qedsa_fixed_budget,DiffSBDD,1djy-A-rec-1djz-ip2-lig-tt-min-0-pocket10_1djy-A-rec-1djz-ip2-lig-tt-min-0,10,10,1.0,0.7,300.00000000000006,300.0,0.9,0.7777777777777778,0.8888888888888888,0.8888888888888888,0.8888888888888888,1.0
DiffSBDD,22,full_audit_gate_qedsa_no_backfill,DiffSBDD,1djy-A-rec-1djz-ip2-lig-tt-min-0-pocket10_1djy-A-rec-1djz-ip2-lig-tt-min-0,10,10,1.0,0.7,300.00000000000006,300.0,0.9,0.7777777777777778,0.8888888888888888,0.8888888888888888,0.8888888888888888,1.0
DiffSBDD,22,audit_failure_count_qedsa,DiffSBDD,1djy-A-rec-1djz-ip2-lig-tt-min-0-pocket10_1djy-A-rec-1djz-ip2-lig-tt-min-0,10,10,1.0,0.7,300.00000000000006,300.0,0.9,0.7777777777777778,0.8888888888888888,0.8888888888888888,0.8888888888888888,1.0
DiffSBDD,22,phys_logreg_full,DiffSBDD,1djy-A-rec-1djz-ip2-lig-tt-min-0-pocket10_1djy-A-rec-1djz-ip2-lig-tt-min-0,10,10,1.0,0.9,99.99999999999997,100.0,1.0,0.9,1.0,1.0,0.9,1.0
DiffSBDD,22,phys_hgb_full,DiffSBDD,1djy-A-rec-1djz-ip2-lig-tt-min-0-pocket10_1djy-A-rec-1djz-ip2-lig-tt-min-0,10,10,1.0,0.9,99.99999999999997,100.0,1.0,0.9,0.9,1.0,1.0,1.0
DiffSBDD,22,phys_rf_direct_excluded,DiffSBDD,1djy-A-rec-1djz-ip2-lig-tt-min-0-pocket10_1djy-A-rec-1djz-ip2-lig-tt-min-0,10,10,1.0,1.0,0.0,0.0,1.0,1.0,1.0,1.0,1.0,1.0
DiffSBDD,22,phys_rf_full,DiffSBDD,1djy-A-rec-1djz-ip2-lig-tt-min-0-pocket10_1djy-A-rec-1djz-ip2-lig-tt-min-0,10,10,1.0,1.0,0.0,0.0,1.0,1.0,1.0,1.0,1.0,1.0
DiffSBDD,22,qed_sa,DiffSBDD,1coy-A-rec-1coy-and-lig-tt-docked-0-pocket10_1coy-A-rec-1coy-and-lig-tt-docked-0,10,10,1.0,0.8,199.99999999999994,200.0,0.8,1.0,1.0,1.0,1.0,1.0
DiffSBDD,22,contact_clash_rule,DiffSBDD,1coy-A-rec-1coy-and-lig-tt-docked-0-pocket10_1coy-A-rec-1coy-and-lig-tt-docked-0,10,10,1.0,0.8,199.99999999999994,200.0,0.8,1.0,1.0,1.0,1.0,1.0
DiffSBDD,22,full_audit_gate_qedsa_fixed_budget,DiffSBDD,1coy-A-rec-1coy-and-lig-tt-docked-0-pocket10_1coy-A-rec-1coy-and-lig-tt-docked-0,10,10,1.0,0.8,199.99999999999994,200.0,0.8,1.0,1.0,1.0,1.0,1.0
DiffSBDD,22,full_audit_gate_qedsa_no_backfill,DiffSBDD,1coy-A-rec-1coy-and-lig-tt-docked-0-pocket10_1coy-A-rec-1coy-and-lig-tt-docked-0,10,10,1.0,0.8,199.99999999999994,200.0,0.8,1.0,1.0,1.0,1.0,1.0
DiffSBDD,22,audit_failure_count_qedsa,DiffSBDD,1coy-A-rec-1coy-and-lig-tt-docked-0-pocket10_1coy-A-rec-1coy-and-lig-tt-docked-0,10,10,1.0,0.8,199.99999999999994,200.0,0.8,1.0,1.0,1.0,1.0,1.0
DiffSBDD,22,phys_logreg_full,DiffSBDD,1coy-A-rec-1coy-and-lig-tt-docked-0-pocket10_1coy-A-rec-1coy-and-lig-tt-docked-0,10,10,1.0,1.0,0.0,0.0,1.0,1.0,1.0,1.0,1.0,1.0
DiffSBDD,22,phys_hgb_full,DiffSBDD,1coy-A-rec-1coy-and-lig-tt-docked-0-pocket10_1coy-A-rec-1coy-and-lig-tt-docked-0,10,10,1.0,0.9,99.99999999999997,100.0,1.0,0.9,1.0,0.9,1.0,1.0
DiffSBDD,22,phys_rf_direct_excluded,DiffSBDD,1coy-A-rec-1coy-and-lig-tt-docked-0-pocket10_1coy-A-rec-1coy-and-lig-tt-docked-0,10,10,1.0,1.0,0.0,0.0,1.0,1.0,1.0,1.0,1.0,1.0
DiffSBDD,22,phys_rf_full,DiffSBDD,1coy-A-rec-1coy-and-lig-tt-docked-0-pocket10_1coy-A-rec-1coy-and-lig-tt-docked-0,10,10,1.0,1.0,0.0,0.0,1.0,1.0,1.0,1.0,1.0,1.0
DiffSBDD,22,qed_sa,DiffSBDD,2jjg-A-rec-2jjg-plp-lig-tt-min-0-pocket10_2jjg-A-rec-2jjg-plp-lig-tt-min-0,10,10,1.0,0.9,99.99999999999997,100.0,1.0,0.9,0.9,1.0,1.0,1.0
DiffSBDD,22,contact_clash_rule,DiffSBDD,2jjg-A-rec-2jjg-plp-lig-tt-min-0-pocket10_2jjg-A-rec-2jjg-plp-lig-tt-min-0,10,10,1.0,0.9,99.99999999999997,100.0,1.0,0.9,0.9,1.0,1.0,1.0
DiffSBDD,22,full_audit_gate_qedsa_fixed_budget,DiffSBDD,2jjg-A-rec-2jjg-plp-lig-tt-min-0-pocket10_2jjg-A-rec-2jjg-plp-lig-tt-min-0,10,10,1.0,0.9,99.99999999999997,100.0,1.0,0.9,0.9,1.0,1.0,1.0
DiffSBDD,22,full_audit_gate_qedsa_no_backfill,DiffSBDD,2jjg-A-rec-2jjg-plp-lig-tt-min-0-pocket10_2jjg-A-rec-2jjg-plp-lig-tt-min-0,10,10,1.0,0.9,99.99999999999997,100.0,1.0,0.9,0.9,1.0,1.0,1.0
DiffSBDD,22,audit_failure_count_qedsa,DiffSBDD,2jjg-A-rec-2jjg-plp-lig-tt-min-0-pocket10_2jjg-A-rec-2jjg-plp-lig-tt-min-0,10,10,1.0,0.9,99.99999999999997,100.0,1.0,0.9,0.9,1.0,1.0,1.0
DiffSBDD,22,phys_logreg_full,DiffSBDD,2jjg-A-rec-2jjg-plp-lig-tt-min-0-pocket10_2jjg-A-rec-2jjg-plp-lig-tt-min-0,10,10,1.0,0.9,99.99999999999997,100.0,1.0,0.9,0.9,1.0,1.0,1.0
DiffSBDD,22,phys_hgb_full,DiffSBDD,2jjg-A-rec-2jjg-plp-lig-tt-min-0-pocket10_2jjg-A-rec-2jjg-plp-lig-tt-min-0,10,10,1.0,1.0,0.0,0.0,1.0,1.0,1.0,1.0,1.0,1.0
DiffSBDD,22,phys_rf_direct_excluded,DiffSBDD,2jjg-A-rec-2jjg-plp-lig-tt-min-0-pocket10_2jjg-A-rec-2jjg-plp-lig-tt-min-0,10,10,1.0,1.0,0.0,0.0,1.0,1.0,1.0,1.0,1.0,1.0
DiffSBDD,22,phys_rf_full,DiffSBDD,2jjg-A-rec-2jjg-plp-lig-tt-min-0-pocket10_2jjg-A-rec-2jjg-plp-lig-tt-min-0,10,10,1.0,1.0,0.0,0.0,1.0,1.0,1.0,1.0,1.0,1.0
DiffSBDD,22,qed_sa,DiffSBDD,1r1h-A-rec-1r1h-bir-lig-tt-docked-1-pocket10_1r1h-A-rec-1r1h-bir-lig-tt-docked-1,10,10,1.0,0.8,199.99999999999994,200.0,0.9,0.8888888888888888,0.8888888888888888,1.0,1.0,1.0
DiffSBDD,22,contact_clash_rule,DiffSBDD,1r1h-A-rec-1r1h-bir-lig-tt-docked-1-pocket10_1r1h-A-rec-1r1h-bir-lig-tt-docked-1,10,10,1.0,0.8,199.99999999999994,200.0,0.9,0.8888888888888888,0.8888888888888888,1.0,1.0,1.0
DiffSBDD,22,full_audit_gate_qedsa_fixed_budget,DiffSBDD,1r1h-A-rec-1r1h-bir-lig-tt-docked-1-pocket10_1r1h-A-rec-1r1h-bir-lig-tt-docked-1,10,10,1.0,0.8,199.99999999999994,200.0,0.9,0.8888888888888888,0.8888888888888888,1.0,1.0,1.0
DiffSBDD,22,full_audit_gate_qedsa_no_backfill,DiffSBDD,1r1h-A-rec-1r1h-bir-lig-tt-docked-1-pocket10_1r1h-A-rec-1r1h-bir-lig-tt-docked-1,10,10,1.0,0.8,199.99999999999994,200.0,0.9,0.8888888888888888,0.8888888888888888,1.0,1.0,1.0
DiffSBDD,22,audit_failure_count_qedsa,DiffSBDD,1r1h-A-rec-1r1h-bir-lig-tt-docked-1-pocket10_1r1h-A-rec-1r1h-bir-lig-tt-docked-1,10,10,1.0,0.8,199.99999999999994,200.0,0.9,0.8888888888888888,0.8888888888888888,1.0,1.0,1.0
DiffSBDD,22,phys_logreg_full,DiffSBDD,1r1h-A-rec-1r1h-bir-lig-tt-docked-1-pocket10_1r1h-A-rec-1r1h-bir-lig-tt-docked-1,10,10,1.0,0.9,99.99999999999997,100.0,1.0,0.9,0.9,1.0,1.0,1.0
DiffSBDD,22,phys_hgb_full,DiffSBDD,1r1h-A-rec-1r1h-bir-lig-tt-docked-1-pocket10_1r1h-A-rec-1r1h-bir-lig-tt-docked-1,10,10,1.0,0.9,99.99999999999997,100.0,1.0,0.9,0.9,1.0,1.0,1.0
DiffSBDD,22,phys_rf_direct_excluded,DiffSBDD,1r1h-A-rec-1r1h-bir-lig-tt-docked-1-pocket10_1r1h-A-rec-1r1h-bir-lig-tt-docked-1,10,10,1.0,1.0,0.0,0.0,1.0,1.0,1.0,1.0,1.0,1.0
DiffSBDD,22,phys_rf_full,DiffSBDD,1r1h-A-rec-1r1h-bir-lig-tt-docked-1-pocket10_1r1h-A-rec-1r1h-bir-lig-tt-docked-1,10,10,1.0,1.0,0.0,0.0,1.0,1.0,1.0,1.0,1.0,1.0
DiffSBDD,22,qed_sa,DiffSBDD,1l3l-A-rec-1l3l-lae-lig-tt-min-0-pocket10_1l3l-A-rec-1l3l-lae-lig-tt-min-0,10,10,1.0,0.7,300.00000000000006,300.0,1.0,0.7,0.9,0.8,0.8,1.0
DiffSBDD,22,contact_clash_rule,DiffSBDD,1l3l-A-rec-1l3l-lae-lig-tt-min-0-pocket10_1l3l-A-rec-1l3l-lae-lig-tt-min-0,10,10,1.0,0.8,199.99999999999994,200.0,1.0,0.8,0.9,0.9,0.9,1.0
DiffSBDD,22,full_audit_gate_qedsa_fixed_budget,DiffSBDD,1l3l-A-rec-1l3l-lae-lig-tt-min-0-pocket10_1l3l-A-rec-1l3l-lae-lig-tt-min-0,10,10,1.0,0.8,199.99999999999994,200.0,1.0,0.8,0.9,0.9,0.9,1.0
DiffSBDD,22,full_audit_gate_qedsa_no_backfill,DiffSBDD,1l3l-A-rec-1l3l-lae-lig-tt-min-0-pocket10_1l3l-A-rec-1l3l-lae-lig-tt-min-0,10,10,1.0,0.8,199.99999999999994,200.0,1.0,0.8,0.9,0.9,0.9,1.0
DiffSBDD,22,audit_failure_count_qedsa,DiffSBDD,1l3l-A-rec-1l3l-lae-lig-tt-min-0-pocket10_1l3l-A-rec-1l3l-lae-lig-tt-min-0,10,10,1.0,0.8,199.99999999999994,200.0,1.0,0.8,0.9,0.9,0.9,1.0
DiffSBDD,22,phys_logreg_full,DiffSBDD,1l3l-A-rec-1l3l-lae-lig-tt-min-0-pocket10_1l3l-A-rec-1l3l-lae-lig-tt-min-0,10,10,1.0,1.0,0.0,0.0,1.0,1.0,1.0,1.0,1.0,1.0
DiffSBDD,22,phys_hgb_full,DiffSBDD,1l3l-A-rec-1l3l-lae-lig-tt-min-0-pocket10_1l3l-A-rec-1l3l-lae-lig-tt-min-0,10,10,1.0,0.9,99.99999999999997,100.0,1.0,0.9,1.0,0.9,0.9,1.0
DiffSBDD,22,phys_rf_direct_excluded,DiffSBDD,1l3l-A-rec-1l3l-lae-lig-tt-min-0-pocket10_1l3l-A-rec-1l3l-lae-lig-tt-min-0,10,10,1.0,0.9,99.99999999999997,100.0,1.0,0.9,1.0,0.9,0.9,1.0
DiffSBDD,22,phys_rf_full,DiffSBDD,1l3l-A-rec-1l3l-lae-lig-tt-min-0-pocket10_1l3l-A-rec-1l3l-lae-lig-tt-min-0,10,10,1.0,0.9,99.99999999999997,100.0,1.0,0.9,1.0,0.9,0.9,1.0
DiffSBDD,22,qed_sa,DiffSBDD,1phk-A-rec-1phk-atp-lig-tt-min-0-pocket10_1phk-A-rec-1phk-atp-lig-tt-min-0,10,10,1.0,1.0,0.0,0.0,1.0,1.0,1.0,1.0,1.0,1.0
DiffSBDD,22,contact_clash_rule,DiffSBDD,1phk-A-rec-1phk-atp-lig-tt-min-0-pocket10_1phk-A-rec-1phk-atp-lig-tt-min-0,10,10,1.0,1.0,0.0,0.0,1.0,1.0,1.0,1.0,1.0,1.0
DiffSBDD,22,full_audit_gate_qedsa_fixed_budget,DiffSBDD,1phk-A-rec-1phk-atp-lig-tt-min-0-pocket10_1phk-A-rec-1phk-atp-lig-tt-min-0,10,10,1.0,1.0,0.0,0.0,1.0,1.0,1.0,1.0,1.0,1.0
DiffSBDD,22,full_audit_gate_qedsa_no_backfill,DiffSBDD,1phk-A-rec-1phk-atp-lig-tt-min-0-pocket10_1phk-A-rec-1phk-atp-lig-tt-min-0,10,10,1.0,1.0,0.0,0.0,1.0,1.0,1.0,1.0,1.0,1.0
DiffSBDD,22,audit_failure_count_qedsa,DiffSBDD,1phk-A-rec-1phk-atp-lig-tt-min-0-pocket10_1phk-A-rec-1phk-atp-lig-tt-min-0,10,10,1.0,1.0,0.0,0.0,1.0,1.0,1.0,1.0,1.0,1.0
DiffSBDD,22,phys_logreg_full,DiffSBDD,1phk-A-rec-1phk-atp-lig-tt-min-0-pocket10_1phk-A-rec-1phk-atp-lig-tt-min-0,10,10,1.0,0.9,99.99999999999997,100.0,1.0,0.9,0.9,1.0,1.0,1.0
DiffSBDD,22,phys_hgb_full,DiffSBDD,1phk-A-rec-1phk-atp-lig-tt-min-0-pocket10_1phk-A-rec-1phk-atp-lig-tt-min-0,10,10,1.0,1.0,0.0,0.0,1.0,1.0,1.0,1.0,1.0,1.0
DiffSBDD,22,phys_rf_direct_excluded,DiffSBDD,1phk-A-rec-1phk-atp-lig-tt-min-0-pocket10_1phk-A-rec-1phk-atp-lig-tt-min-0,10,10,1.0,1.0,0.0,0.0,1.0,1.0,1.0,1.0,1.0,1.0
DiffSBDD,22,phys_rf_full,DiffSBDD,1phk-A-rec-1phk-atp-lig-tt-min-0-pocket10_1phk-A-rec-1phk-atp-lig-tt-min-0,10,10,1.0,1.0,0.0,0.0,1.0,1.0,1.0,1.0,1.0,1.0
DiffSBDD,22,qed_sa,DiffSBDD,1umd-B-rec-1umb-tdp-lig-tt-docked-1-pocket10_1umd-B-rec-1umb-tdp-lig-tt-docked-1,10,10,1.0,0.8,199.99999999999994,200.0,0.9,0.8888888888888888,0.8888888888888888,1.0,1.0,1.0
DiffSBDD,22,contact_clash_rule,DiffSBDD,1umd-B-rec-1umb-tdp-lig-tt-docked-1-pocket10_1umd-B-rec-1umb-tdp-lig-tt-docked-1,10,10,1.0,0.8,199.99999999999994,200.0,0.9,0.8888888888888888,0.8888888888888888,1.0,1.0,1.0
DiffSBDD,22,full_audit_gate_qedsa_fixed_budget,DiffSBDD,1umd-B-rec-1umb-tdp-lig-tt-docked-1-pocket10_1umd-B-rec-1umb-tdp-lig-tt-docked-1,10,10,1.0,0.8,199.99999999999994,200.0,0.9,0.8888888888888888,0.8888888888888888,1.0,1.0,1.0
DiffSBDD,22,full_audit_gate_qedsa_no_backfill,DiffSBDD,1umd-B-rec-1umb-tdp-lig-tt-docked-1-pocket10_1umd-B-rec-1umb-tdp-lig-tt-docked-1,10,10,1.0,0.8,199.99999999999994,200.0,0.9,0.8888888888888888,0.8888888888888888,1.0,1.0,1.0
DiffSBDD,22,audit_failure_count_qedsa,DiffSBDD,1umd-B-rec-1umb-tdp-lig-tt-docked-1-pocket10_1umd-B-rec-1umb-tdp-lig-tt-docked-1,10,10,1.0,0.8,199.99999999999994,200.0,0.9,0.8888888888888888,0.8888888888888888,1.0,1.0,1.0
DiffSBDD,22,phys_logreg_full,DiffSBDD,1umd-B-rec-1umb-tdp-lig-tt-docked-1-pocket10_1umd-B-rec-1umb-tdp-lig-tt-docked-1,10,10,1.0,1.0,0.0,0.0,1.0,1.0,1.0,1.0,1.0,1.0
DiffSBDD,22,phys_hgb_full,DiffSBDD,1umd-B-rec-1umb-tdp-lig-tt-docked-1-pocket10_1umd-B-rec-1umb-tdp-lig-tt-docked-1,10,10,1.0,1.0,0.0,0.0,1.0,1.0,1.0,1.0,1.0,1.0
DiffSBDD,22,phys_rf_direct_excluded,DiffSBDD,1umd-B-rec-1umb-tdp-lig-tt-docked-1-pocket10_1umd-B-rec-1umb-tdp-lig-tt-docked-1,10,10,1.0,1.0,0.0,0.0,1.0,1.0,1.0,1.0,1.0,1.0
DiffSBDD,22,phys_rf_full,DiffSBDD,1umd-B-rec-1umb-tdp-lig-tt-docked-1-pocket10_1umd-B-rec-1umb-tdp-lig-tt-docked-1,10,10,1.0,1.0,0.0,0.0,1.0,1.0,1.0,1.0,1.0,1.0
DiffSBDD,22,qed_sa,DiffSBDD,1fmc-B-rec-1fmc-cho-lig-tt-docked-1-pocket10_1fmc-B-rec-1fmc-cho-lig-tt-docked-1,10,10,1.0,0.9,99.99999999999997,100.0,1.0,0.9,1.0,1.0,0.9,1.0
DiffSBDD,22,contact_clash_rule,DiffSBDD,1fmc-B-rec-1fmc-cho-lig-tt-docked-1-pocket10_1fmc-B-rec-1fmc-cho-lig-tt-docked-1,10,10,1.0,1.0,0.0,0.0,1.0,1.0,1.0,1.0,1.0,1.0
DiffSBDD,22,full_audit_gate_qedsa_fixed_budget,DiffSBDD,1fmc-B-rec-1fmc-cho-lig-tt-docked-1-pocket10_1fmc-B-rec-1fmc-cho-lig-tt-docked-1,10,10,1.0,0.9,99.99999999999997,100.0,1.0,0.9,1.0,1.0,0.9,1.0
DiffSBDD,22,full_audit_gate_qedsa_no_backfill,DiffSBDD,1fmc-B-rec-1fmc-cho-lig-tt-docked-1-pocket10_1fmc-B-rec-1fmc-cho-lig-tt-docked-1,10,10,1.0,0.9,99.99999999999997,100.0,1.0,0.9,1.0,1.0,0.9,1.0
DiffSBDD,22,audit_failure_count_qedsa,DiffSBDD,1fmc-B-rec-1fmc-cho-lig-tt-docked-1-pocket10_1fmc-B-rec-1fmc-cho-lig-tt-docked-1,10,10,1.0,0.9,99.99999999999997,100.0,1.0,0.9,1.0,1.0,0.9,1.0
DiffSBDD,22,phys_logreg_full,DiffSBDD,1fmc-B-rec-1fmc-cho-lig-tt-docked-1-pocket10_1fmc-B-rec-1fmc-cho-lig-tt-docked-1,10,10,1.0,1.0,0.0,0.0,1.0,1.0,1.0,1.0,1.0,1.0
DiffSBDD,22,phys_hgb_full,DiffSBDD,1fmc-B-rec-1fmc-cho-lig-tt-docked-1-pocket10_1fmc-B-rec-1fmc-cho-lig-tt-docked-1,10,10,1.0,1.0,0.0,0.0,1.0,1.0,1.0,1.0,1.0,1.0
DiffSBDD,22,phys_rf_direct_excluded,DiffSBDD,1fmc-B-rec-1fmc-cho-lig-tt-docked-1-pocket10_1fmc-B-rec-1fmc-cho-lig-tt-docked-1,10,10,1.0,1.0,0.0,0.0,1.0,1.0,1.0,1.0,1.0,1.0
DiffSBDD,22,phys_rf_full,DiffSBDD,1fmc-B-rec-1fmc-cho-lig-tt-docked-1-pocket10_1fmc-B-rec-1fmc-cho-lig-tt-docked-1,10,10,1.0,1.0,0.0,0.0,1.0,1.0,1.0,1.0,1.0,1.0
DiffSBDD,22,qed_sa,DiffSBDD,1h36-A-rec-1o79-r23-lig-tt-docked-5-pocket10_1h36-A-rec-1o79-r23-lig-tt-docked-5,10,10,1.0,0.9,99.99999999999997,100.0,0.9,1.0,1.0,1.0,1.0,1.0
DiffSBDD,22,contact_clash_rule,DiffSBDD,1h36-A-rec-1o79-r23-lig-tt-docked-5-pocket10_1h36-A-rec-1o79-r23-lig-tt-docked-5,10,10,1.0,0.9,99.99999999999997,100.0,0.9,1.0,1.0,1.0,1.0,1.0
DiffSBDD,22,full_audit_gate_qedsa_fixed_budget,DiffSBDD,1h36-A-rec-1o79-r23-lig-tt-docked-5-pocket10_1h36-A-rec-1o79-r23-lig-tt-docked-5,10,10,1.0,0.9,99.99999999999997,100.0,0.9,1.0,1.0,1.0,1.0,1.0
DiffSBDD,22,full_audit_gate_qedsa_no_backfill,DiffSBDD,1h36-A-rec-1o79-r23-lig-tt-docked-5-pocket10_1h36-A-rec-1o79-r23-lig-tt-docked-5,10,10,1.0,0.9,99.99999999999997,100.0,0.9,1.0,1.0,1.0,1.0,1.0
DiffSBDD,22,audit_failure_count_qedsa,DiffSBDD,1h36-A-rec-1o79-r23-lig-tt-docked-5-pocket10_1h36-A-rec-1o79-r23-lig-tt-docked-5,10,10,1.0,0.9,99.99999999999997,100.0,0.9,1.0,1.0,1.0,1.0,1.0
DiffSBDD,22,phys_logreg_full,DiffSBDD,1h36-A-rec-1o79-r23-lig-tt-docked-5-pocket10_1h36-A-rec-1o79-r23-lig-tt-docked-5,10,10,1.0,1.0,0.0,0.0,1.0,1.0,1.0,1.0,1.0,1.0
DiffSBDD,22,phys_hgb_full,DiffSBDD,1h36-A-rec-1o79-r23-lig-tt-docked-5-pocket10_1h36-A-rec-1o79-r23-lig-tt-docked-5,10,10,1.0,1.0,0.0,0.0,1.0,1.0,1.0,1.0,1.0,1.0
DiffSBDD,22,phys_rf_direct_excluded,DiffSBDD,1h36-A-rec-1o79-r23-lig-tt-docked-5-pocket10_1h36-A-rec-1o79-r23-lig-tt-docked-5,10,10,1.0,1.0,0.0,0.0,1.0,1.0,1.0,1.0,1.0,1.0
DiffSBDD,22,phys_rf_full,DiffSBDD,1h36-A-rec-1o79-r23-lig-tt-docked-5-pocket10_1h36-A-rec-1o79-r23-lig-tt-docked-5,10,10,1.0,1.0,0.0,0.0,1.0,1.0,1.0,1.0,1.0,1.0
DiffSBDD,22,qed_sa,DiffSBDD,2rma-A-rec-3rdd-ea4-lig-tt-docked-0-pocket10_2rma-A-rec-3rdd-ea4-lig-tt-docked-0,10,10,1.0,0.8,199.99999999999994,200.0,1.0,0.8,0.9,0.9,0.9,1.0
DiffSBDD,22,contact_clash_rule,DiffSBDD,2rma-A-rec-3rdd-ea4-lig-tt-docked-0-pocket10_2rma-A-rec-3rdd-ea4-lig-tt-docked-0,10,10,1.0,0.8,199.99999999999994,200.0,1.0,0.8,0.8,1.0,1.0,1.0
DiffSBDD,22,full_audit_gate_qedsa_fixed_budget,DiffSBDD,2rma-A-rec-3rdd-ea4-lig-tt-docked-0-pocket10_2rma-A-rec-3rdd-ea4-lig-tt-docked-0,10,10,1.0,0.9,99.99999999999997,100.0,1.0,0.9,0.9,1.0,1.0,1.0
DiffSBDD,22,full_audit_gate_qedsa_no_backfill,DiffSBDD,2rma-A-rec-3rdd-ea4-lig-tt-docked-0-pocket10_2rma-A-rec-3rdd-ea4-lig-tt-docked-0,10,10,1.0,0.9,99.99999999999997,100.0,1.0,0.9,0.9,1.0,1.0,1.0
DiffSBDD,22,audit_failure_count_qedsa,DiffSBDD,2rma-A-rec-3rdd-ea4-lig-tt-docked-0-pocket10_2rma-A-rec-3rdd-ea4-lig-tt-docked-0,10,10,1.0,0.9,99.99999999999997,100.0,1.0,0.9,0.9,1.0,1.0,1.0
DiffSBDD,22,phys_logreg_full,DiffSBDD,2rma-A-rec-3rdd-ea4-lig-tt-docked-0-pocket10_2rma-A-rec-3rdd-ea4-lig-tt-docked-0,10,10,1.0,1.0,0.0,0.0,1.0,1.0,1.0,1.0,1.0,1.0
DiffSBDD,22,phys_hgb_full,DiffSBDD,2rma-A-rec-3rdd-ea4-lig-tt-docked-0-pocket10_2rma-A-rec-3rdd-ea4-lig-tt-docked-0,10,10,1.0,0.9,99.99999999999997,100.0,1.0,0.9,0.9,1.0,1.0,1.0
DiffSBDD,22,phys_rf_direct_excluded,DiffSBDD,2rma-A-rec-3rdd-ea4-lig-tt-docked-0-pocket10_2rma-A-rec-3rdd-ea4-lig-tt-docked-0,10,10,1.0,1.0,0.0,0.0,1.0,1.0,1.0,1.0,1.0,1.0
DiffSBDD,22,phys_rf_full,DiffSBDD,2rma-A-rec-3rdd-ea4-lig-tt-docked-0-pocket10_2rma-A-rec-3rdd-ea4-lig-tt-docked-0,10,10,1.0,0.9,99.99999999999997,100.0,1.0,0.9,0.9,1.0,1.0,1.0
DiffSBDD,22,qed_sa,DiffSBDD,1e8h-A-rec-1e8h-adp-lig-tt-min-0-pocket10_1e8h-A-rec-1e8h-adp-lig-tt-min-0,10,10,1.0,1.0,0.0,0.0,1.0,1.0,1.0,1.0,1.0,1.0
DiffSBDD,22,contact_clash_rule,DiffSBDD,1e8h-A-rec-1e8h-adp-lig-tt-min-0-pocket10_1e8h-A-rec-1e8h-adp-lig-tt-min-0,10,10,1.0,1.0,0.0,0.0,1.0,1.0,1.0,1.0,1.0,1.0
DiffSBDD,22,full_audit_gate_qedsa_fixed_budget,DiffSBDD,1e8h-A-rec-1e8h-adp-lig-tt-min-0-pocket10_1e8h-A-rec-1e8h-adp-lig-tt-min-0,10,10,1.0,1.0,0.0,0.0,1.0,1.0,1.0,1.0,1.0,1.0
DiffSBDD,22,full_audit_gate_qedsa_no_backfill,DiffSBDD,1e8h-A-rec-1e8h-adp-lig-tt-min-0-pocket10_1e8h-A-rec-1e8h-adp-lig-tt-min-0,10,10,1.0,1.0,0.0,0.0,1.0,1.0,1.0,1.0,1.0,1.0
DiffSBDD,22,audit_failure_count_qedsa,DiffSBDD,1e8h-A-rec-1e8h-adp-lig-tt-min-0-pocket10_1e8h-A-rec-1e8h-adp-lig-tt-min-0,10,10,1.0,1.0,0.0,0.0,1.0,1.0,1.0,1.0,1.0,1.0
DiffSBDD,22,phys_logreg_full,DiffSBDD,1e8h-A-rec-1e8h-adp-lig-tt-min-0-pocket10_1e8h-A-rec-1e8h-adp-lig-tt-min-0,10,10,1.0,0.8,199.99999999999994,200.0,1.0,0.8,0.8,1.0,1.0,1.0
DiffSBDD,22,phys_hgb_full,DiffSBDD,1e8h-A-rec-1e8h-adp-lig-tt-min-0-pocket10_1e8h-A-rec-1e8h-adp-lig-tt-min-0,10,10,1.0,0.8,199.99999999999994,200.0,1.0,0.8,1.0,1.0,0.8,1.0
DiffSBDD,22,phys_rf_direct_excluded,DiffSBDD,1e8h-A-rec-1e8h-adp-lig-tt-min-0-pocket10_1e8h-A-rec-1e8h-adp-lig-tt-min-0,10,10,1.0,0.9,99.99999999999997,100.0,1.0,0.9,0.9,1.0,1.0,1.0
DiffSBDD,22,phys_rf_full,DiffSBDD,1e8h-A-rec-1e8h-adp-lig-tt-min-0-pocket10_1e8h-A-rec-1e8h-adp-lig-tt-min-0,10,10,1.0,0.9,99.99999999999997,100.0,1.0,0.9,0.9,1.0,1.0,1.0
DiffSBDD,22,qed_sa,DiffSBDD,2v3r-A-rec-1dy4-snp-lig-tt-docked-1-pocket10_2v3r-A-rec-1dy4-snp-lig-tt-docked-1,10,10,1.0,0.9,99.99999999999997,100.0,0.9,1.0,1.0,1.0,1.0,1.0
DiffSBDD,22,contact_clash_rule,DiffSBDD,2v3r-A-rec-1dy4-snp-lig-tt-docked-1-pocket10_2v3r-A-rec-1dy4-snp-lig-tt-docked-1,10,10,1.0,0.8,199.99999999999994,200.0,0.9,0.8888888888888888,0.8888888888888888,1.0,1.0,1.0
DiffSBDD,22,full_audit_gate_qedsa_fixed_budget,DiffSBDD,2v3r-A-rec-1dy4-snp-lig-tt-docked-1-pocket10_2v3r-A-rec-1dy4-snp-lig-tt-docked-1,10,10,1.0,0.9,99.99999999999997,100.0,0.9,1.0,1.0,1.0,1.0,1.0
DiffSBDD,22,full_audit_gate_qedsa_no_backfill,DiffSBDD,2v3r-A-rec-1dy4-snp-lig-tt-docked-1-pocket10_2v3r-A-rec-1dy4-snp-lig-tt-docked-1,10,10,1.0,0.9,99.99999999999997,100.0,0.9,1.0,1.0,1.0,1.0,1.0
DiffSBDD,22,audit_failure_count_qedsa,DiffSBDD,2v3r-A-rec-1dy4-snp-lig-tt-docked-1-pocket10_2v3r-A-rec-1dy4-snp-lig-tt-docked-1,10,10,1.0,0.9,99.99999999999997,100.0,0.9,1.0,1.0,1.0,1.0,1.0
DiffSBDD,22,phys_logreg_full,DiffSBDD,2v3r-A-rec-1dy4-snp-lig-tt-docked-1-pocket10_2v3r-A-rec-1dy4-snp-lig-tt-docked-1,10,10,1.0,1.0,0.0,0.0,1.0,1.0,1.0,1.0,1.0,1.0
DiffSBDD,22,phys_hgb_full,DiffSBDD,2v3r-A-rec-1dy4-snp-lig-tt-docked-1-pocket10_2v3r-A-rec-1dy4-snp-lig-tt-docked-1,10,10,1.0,1.0,0.0,0.0,1.0,1.0,1.0,1.0,1.0,1.0
DiffSBDD,22,phys_rf_direct_excluded,DiffSBDD,2v3r-A-rec-1dy4-snp-lig-tt-docked-1-pocket10_2v3r-A-rec-1dy4-snp-lig-tt-docked-1,10,10,1.0,1.0,0.0,0.0,1.0,1.0,1.0,1.0,1.0,1.0
DiffSBDD,22,phys_rf_full,DiffSBDD,2v3r-A-rec-1dy4-snp-lig-tt-docked-1-pocket10_2v3r-A-rec-1dy4-snp-lig-tt-docked-1,10,10,1.0,1.0,0.0,0.0,1.0,1.0,1.0,1.0,1.0,1.0
DiffSBDD,22,qed_sa,DiffSBDD,3chc-B-rec-3ch9-xrg-lig-tt-min-0-pocket10_3chc-B-rec-3ch9-xrg-lig-tt-min-0,10,10,1.0,1.0,0.0,0.0,1.0,1.0,1.0,1.0,1.0,1.0
DiffSBDD,22,contact_clash_rule,DiffSBDD,3chc-B-rec-3ch9-xrg-lig-tt-min-0-pocket10_3chc-B-rec-3ch9-xrg-lig-tt-min-0,10,10,1.0,0.9,99.99999999999997,100.0,1.0,0.9,0.9,1.0,0.9,1.0
DiffSBDD,22,full_audit_gate_qedsa_fixed_budget,DiffSBDD,3chc-B-rec-3ch9-xrg-lig-tt-min-0-pocket10_3chc-B-rec-3ch9-xrg-lig-tt-min-0,10,10,1.0,1.0,0.0,0.0,1.0,1.0,1.0,1.0,1.0,1.0
DiffSBDD,22,full_audit_gate_qedsa_no_backfill,DiffSBDD,3chc-B-rec-3ch9-xrg-lig-tt-min-0-pocket10_3chc-B-rec-3ch9-xrg-lig-tt-min-0,10,10,1.0,1.0,0.0,0.0,1.0,1.0,1.0,1.0,1.0,1.0
DiffSBDD,22,audit_failure_count_qedsa,DiffSBDD,3chc-B-rec-3ch9-xrg-lig-tt-min-0-pocket10_3chc-B-rec-3ch9-xrg-lig-tt-min-0,10,10,1.0,1.0,0.0,0.0,1.0,1.0,1.0,1.0,1.0,1.0
DiffSBDD,22,phys_logreg_full,DiffSBDD,3chc-B-rec-3ch9-xrg-lig-tt-min-0-pocket10_3chc-B-rec-3ch9-xrg-lig-tt-min-0,10,10,1.0,1.0,0.0,0.0,1.0,1.0,1.0,1.0,1.0,1.0
DiffSBDD,22,phys_hgb_full,DiffSBDD,3chc-B-rec-3ch9-xrg-lig-tt-min-0-pocket10_3chc-B-rec-3ch9-xrg-lig-tt-min-0,10,10,1.0,1.0,0.0,0.0,1.0,1.0,1.0,1.0,1.0,1.0
DiffSBDD,22,phys_rf_direct_excluded,DiffSBDD,3chc-B-rec-3ch9-xrg-lig-tt-min-0-pocket10_3chc-B-rec-3ch9-xrg-lig-tt-min-0,10,10,1.0,1.0,0.0,0.0,1.0,1.0,1.0,1.0,1.0,1.0
DiffSBDD,22,phys_rf_full,DiffSBDD,3chc-B-rec-3ch9-xrg-lig-tt-min-0-pocket10_3chc-B-rec-3ch9-xrg-lig-tt-min-0,10,10,1.0,1.0,0.0,0.0,1.0,1.0,1.0,1.0,1.0,1.0
DiffSBDD,22,qed_sa,DiffSBDD,2zen-A-rec-2afx-1bn-lig-tt-docked-7-pocket10_2zen-A-rec-2afx-1bn-lig-tt-docked-7,10,10,1.0,1.0,0.0,0.0,1.0,1.0,1.0,1.0,1.0,1.0
DiffSBDD,22,contact_clash_rule,DiffSBDD,2zen-A-rec-2afx-1bn-lig-tt-docked-7-pocket10_2zen-A-rec-2afx-1bn-lig-tt-docked-7,10,10,1.0,1.0,0.0,0.0,1.0,1.0,1.0,1.0,1.0,1.0
DiffSBDD,22,full_audit_gate_qedsa_fixed_budget,DiffSBDD,2zen-A-rec-2afx-1bn-lig-tt-docked-7-pocket10_2zen-A-rec-2afx-1bn-lig-tt-docked-7,10,10,1.0,1.0,0.0,0.0,1.0,1.0,1.0,1.0,1.0,1.0
DiffSBDD,22,full_audit_gate_qedsa_no_backfill,DiffSBDD,2zen-A-rec-2afx-1bn-lig-tt-docked-7-pocket10_2zen-A-rec-2afx-1bn-lig-tt-docked-7,10,10,1.0,1.0,0.0,0.0,1.0,1.0,1.0,1.0,1.0,1.0
DiffSBDD,22,audit_failure_count_qedsa,DiffSBDD,2zen-A-rec-2afx-1bn-lig-tt-docked-7-pocket10_2zen-A-rec-2afx-1bn-lig-tt-docked-7,10,10,1.0,1.0,0.0,0.0,1.0,1.0,1.0,1.0,1.0,1.0
DiffSBDD,22,phys_logreg_full,DiffSBDD,2zen-A-rec-2afx-1bn-lig-tt-docked-7-pocket10_2zen-A-rec-2afx-1bn-lig-tt-docked-7,10,10,1.0,1.0,0.0,0.0,1.0,1.0,1.0,1.0,1.0,1.0
DiffSBDD,22,phys_hgb_full,DiffSBDD,2zen-A-rec-2afx-1bn-lig-tt-docked-7-pocket10_2zen-A-rec-2afx-1bn-lig-tt-docked-7,10,10,1.0,1.0,0.0,0.0,1.0,1.0,1.0,1.0,1.0,1.0
DiffSBDD,22,phys_rf_direct_excluded,DiffSBDD,2zen-A-rec-2afx-1bn-lig-tt-docked-7-pocket10_2zen-A-rec-2afx-1bn-lig-tt-docked-7,10,10,1.0,1.0,0.0,0.0,1.0,1.0,1.0,1.0,1.0,1.0
DiffSBDD,22,phys_rf_full,DiffSBDD,2zen-A-rec-2afx-1bn-lig-tt-docked-7-pocket10_2zen-A-rec-2afx-1bn-lig-tt-docked-7,10,10,1.0,1.0,0.0,0.0,1.0,1.0,1.0,1.0,1.0,1.0
DiffSBDD,22,qed_sa,DiffSBDD,3ej8-A-rec-2nsi-itu-lig-tt-min-0-pocket10_3ej8-A-rec-2nsi-itu-lig-tt-min-0,10,10,1.0,1.0,0.0,0.0,1.0,1.0,1.0,1.0,1.0,1.0
DiffSBDD,22,contact_clash_rule,DiffSBDD,3ej8-A-rec-2nsi-itu-lig-tt-min-0-pocket10_3ej8-A-rec-2nsi-itu-lig-tt-min-0,10,10,1.0,1.0,0.0,0.0,1.0,1.0,1.0,1.0,1.0,1.0
DiffSBDD,22,full_audit_gate_qedsa_fixed_budget,DiffSBDD,3ej8-A-rec-2nsi-itu-lig-tt-min-0-pocket10_3ej8-A-rec-2nsi-itu-lig-tt-min-0,10,10,1.0,1.0,0.0,0.0,1.0,1.0,1.0,1.0,1.0,1.0
DiffSBDD,22,full_audit_gate_qedsa_no_backfill,DiffSBDD,3ej8-A-rec-2nsi-itu-lig-tt-min-0-pocket10_3ej8-A-rec-2nsi-itu-lig-tt-min-0,10,10,1.0,1.0,0.0,0.0,1.0,1.0,1.0,1.0,1.0,1.0
DiffSBDD,22,audit_failure_count_qedsa,DiffSBDD,3ej8-A-rec-2nsi-itu-lig-tt-min-0-pocket10_3ej8-A-rec-2nsi-itu-lig-tt-min-0,10,10,1.0,1.0,0.0,0.0,1.0,1.0,1.0,1.0,1.0,1.0
DiffSBDD,22,phys_logreg_full,DiffSBDD,3ej8-A-rec-2nsi-itu-lig-tt-min-0-pocket10_3ej8-A-rec-2nsi-itu-lig-tt-min-0,10,10,1.0,0.9,99.99999999999997,100.0,0.9,1.0,1.0,1.0,1.0,1.0
DiffSBDD,22,phys_hgb_full,DiffSBDD,3ej8-A-rec-2nsi-itu-lig-tt-min-0-pocket10_3ej8-A-rec-2nsi-itu-lig-tt-min-0,10,10,1.0,1.0,0.0,0.0,1.0,1.0,1.0,1.0,1.0,1.0
DiffSBDD,22,phys_rf_direct_excluded,DiffSBDD,3ej8-A-rec-2nsi-itu-lig-tt-min-0-pocket10_3ej8-A-rec-2nsi-itu-lig-tt-min-0,10,10,1.0,0.8,199.99999999999994,200.0,1.0,0.8,0.9,1.0,0.9,1.0
DiffSBDD,22,phys_rf_full,DiffSBDD,3ej8-A-rec-2nsi-itu-lig-tt-min-0-pocket10_3ej8-A-rec-2nsi-itu-lig-tt-min-0,10,10,1.0,0.9,99.99999999999997,100.0,1.0,0.9,1.0,1.0,0.9,1.0
DiffSBDD,22,qed_sa,DiffSBDD,2z3h-A-rec-1wn6-bst-lig-tt-docked-3-pocket10_2z3h-A-rec-1wn6-bst-lig-tt-docked-3,10,10,1.0,1.0,0.0,0.0,1.0,1.0,1.0,1.0,1.0,1.0
DiffSBDD,22,contact_clash_rule,DiffSBDD,2z3h-A-rec-1wn6-bst-lig-tt-docked-3-pocket10_2z3h-A-rec-1wn6-bst-lig-tt-docked-3,10,10,1.0,1.0,0.0,0.0,1.0,1.0,1.0,1.0,1.0,1.0
DiffSBDD,22,full_audit_gate_qedsa_fixed_budget,DiffSBDD,2z3h-A-rec-1wn6-bst-lig-tt-docked-3-pocket10_2z3h-A-rec-1wn6-bst-lig-tt-docked-3,10,10,1.0,1.0,0.0,0.0,1.0,1.0,1.0,1.0,1.0,1.0
DiffSBDD,22,full_audit_gate_qedsa_no_backfill,DiffSBDD,2z3h-A-rec-1wn6-bst-lig-tt-docked-3-pocket10_2z3h-A-rec-1wn6-bst-lig-tt-docked-3,10,10,1.0,1.0,0.0,0.0,1.0,1.0,1.0,1.0,1.0,1.0
DiffSBDD,22,audit_failure_count_qedsa,DiffSBDD,2z3h-A-rec-1wn6-bst-lig-tt-docked-3-pocket10_2z3h-A-rec-1wn6-bst-lig-tt-docked-3,10,10,1.0,1.0,0.0,0.0,1.0,1.0,1.0,1.0,1.0,1.0
DiffSBDD,22,phys_logreg_full,DiffSBDD,2z3h-A-rec-1wn6-bst-lig-tt-docked-3-pocket10_2z3h-A-rec-1wn6-bst-lig-tt-docked-3,10,10,1.0,0.9,99.99999999999997,100.0,1.0,0.9,0.9,1.0,1.0,1.0
DiffSBDD,22,phys_hgb_full,DiffSBDD,2z3h-A-rec-1wn6-bst-lig-tt-docked-3-pocket10_2z3h-A-rec-1wn6-bst-lig-tt-docked-3,10,10,1.0,0.9,99.99999999999997,100.0,0.9,1.0,1.0,1.0,1.0,1.0
DiffSBDD,22,phys_rf_direct_excluded,DiffSBDD,2z3h-A-rec-1wn6-bst-lig-tt-docked-3-pocket10_2z3h-A-rec-1wn6-bst-lig-tt-docked-3,10,10,1.0,1.0,0.0,0.0,1.0,1.0,1.0,1.0,1.0,1.0
DiffSBDD,22,phys_rf_full,DiffSBDD,2z3h-A-rec-1wn6-bst-lig-tt-docked-3-pocket10_2z3h-A-rec-1wn6-bst-lig-tt-docked-3,10,10,1.0,1.0,0.0,0.0,1.0,1.0,1.0,1.0,1.0,1.0
DiffSBDD,22,qed_sa,DiffSBDD,3gs6-A-rec-2oxn-oan-lig-tt-docked-4-pocket10_3gs6-A-rec-2oxn-oan-lig-tt-docked-4,10,10,1.0,0.8,199.99999999999994,200.0,0.9,0.8888888888888888,1.0,1.0,0.8888888888888888,1.0
DiffSBDD,22,contact_clash_rule,DiffSBDD,3gs6-A-rec-2oxn-oan-lig-tt-docked-4-pocket10_3gs6-A-rec-2oxn-oan-lig-tt-docked-4,10,10,1.0,0.8,199.99999999999994,200.0,0.9,0.8888888888888888,1.0,1.0,0.8888888888888888,1.0
DiffSBDD,22,full_audit_gate_qedsa_fixed_budget,DiffSBDD,3gs6-A-rec-2oxn-oan-lig-tt-docked-4-pocket10_3gs6-A-rec-2oxn-oan-lig-tt-docked-4,10,10,1.0,0.8,199.99999999999994,200.0,0.9,0.8888888888888888,1.0,1.0,0.8888888888888888,1.0
DiffSBDD,22,full_audit_gate_qedsa_no_backfill,DiffSBDD,3gs6-A-rec-2oxn-oan-lig-tt-docked-4-pocket10_3gs6-A-rec-2oxn-oan-lig-tt-docked-4,10,10,1.0,0.8,199.99999999999994,200.0,0.9,0.8888888888888888,1.0,1.0,0.8888888888888888,1.0
DiffSBDD,22,audit_failure_count_qedsa,DiffSBDD,3gs6-A-rec-2oxn-oan-lig-tt-docked-4-pocket10_3gs6-A-rec-2oxn-oan-lig-tt-docked-4,10,10,1.0,0.8,199.99999999999994,200.0,0.9,0.8888888888888888,1.0,1.0,0.8888888888888888,1.0
DiffSBDD,22,phys_logreg_full,DiffSBDD,3gs6-A-rec-2oxn-oan-lig-tt-docked-4-pocket10_3gs6-A-rec-2oxn-oan-lig-tt-docked-4,10,10,1.0,0.9,99.99999999999997,100.0,1.0,0.9,0.9,1.0,1.0,1.0
DiffSBDD,22,phys_hgb_full,DiffSBDD,3gs6-A-rec-2oxn-oan-lig-tt-docked-4-pocket10_3gs6-A-rec-2oxn-oan-lig-tt-docked-4,10,10,1.0,0.8,199.99999999999994,200.0,1.0,0.8,1.0,0.8,0.8,1.0
DiffSBDD,22,phys_rf_direct_excluded,DiffSBDD,3gs6-A-rec-2oxn-oan-lig-tt-docked-4-pocket10_3gs6-A-rec-2oxn-oan-lig-tt-docked-4,10,10,1.0,0.9,99.99999999999997,100.0,1.0,0.9,1.0,1.0,0.9,1.0
DiffSBDD,22,phys_rf_full,DiffSBDD,3gs6-A-rec-2oxn-oan-lig-tt-docked-4-pocket10_3gs6-A-rec-2oxn-oan-lig-tt-docked-4,10,10,1.0,0.9,99.99999999999997,100.0,1.0,0.9,1.0,1.0,0.9,1.0
DiffSBDD,22,qed_sa,DiffSBDD,3g51-A-rec-3g51-anp-lig-tt-min-0-pocket10_3g51-A-rec-3g51-anp-lig-tt-min-0,10,10,1.0,0.8,199.99999999999994,200.0,1.0,0.8,0.8,1.0,1.0,1.0
DiffSBDD,22,contact_clash_rule,DiffSBDD,3g51-A-rec-3g51-anp-lig-tt-min-0-pocket10_3g51-A-rec-3g51-anp-lig-tt-min-0,10,10,1.0,0.9,99.99999999999997,100.0,1.0,0.9,0.9,1.0,1.0,1.0
DiffSBDD,22,full_audit_gate_qedsa_fixed_budget,DiffSBDD,3g51-A-rec-3g51-anp-lig-tt-min-0-pocket10_3g51-A-rec-3g51-anp-lig-tt-min-0,10,10,1.0,0.8,199.99999999999994,200.0,1.0,0.8,0.8,1.0,1.0,1.0
DiffSBDD,22,full_audit_gate_qedsa_no_backfill,DiffSBDD,3g51-A-rec-3g51-anp-lig-tt-min-0-pocket10_3g51-A-rec-3g51-anp-lig-tt-min-0,10,10,1.0,0.8,199.99999999999994,200.0,1.0,0.8,0.8,1.0,1.0,1.0
DiffSBDD,22,audit_failure_count_qedsa,DiffSBDD,3g51-A-rec-3g51-anp-lig-tt-min-0-pocket10_3g51-A-rec-3g51-anp-lig-tt-min-0,10,10,1.0,0.8,199.99999999999994,200.0,1.0,0.8,0.8,1.0,1.0,1.0
DiffSBDD,22,phys_logreg_full,DiffSBDD,3g51-A-rec-3g51-anp-lig-tt-min-0-pocket10_3g51-A-rec-3g51-anp-lig-tt-min-0,10,10,1.0,0.9,99.99999999999997,100.0,1.0,0.9,0.9,1.0,1.0,1.0
DiffSBDD,22,phys_hgb_full,DiffSBDD,3g51-A-rec-3g51-anp-lig-tt-min-0-pocket10_3g51-A-rec-3g51-anp-lig-tt-min-0,10,10,1.0,1.0,0.0,0.0,1.0,1.0,1.0,1.0,1.0,1.0
DiffSBDD,22,phys_rf_direct_excluded,DiffSBDD,3g51-A-rec-3g51-anp-lig-tt-min-0-pocket10_3g51-A-rec-3g51-anp-lig-tt-min-0,10,10,1.0,1.0,0.0,0.0,1.0,1.0,1.0,1.0,1.0,1.0
DiffSBDD,22,phys_rf_full,DiffSBDD,3g51-A-rec-3g51-anp-lig-tt-min-0-pocket10_3g51-A-rec-3g51-anp-lig-tt-min-0,10,10,1.0,0.9,99.99999999999997,100.0,1.0,0.9,0.9,1.0,1.0,1.0
DiffSBDD,22,qed_sa,DiffSBDD,3l3n-A-rec-2iux-nxa-lig-tt-docked-2-pocket10_3l3n-A-rec-2iux-nxa-lig-tt-docked-2,10,10,1.0,0.8,199.99999999999994,200.0,0.9,0.8888888888888888,0.8888888888888888,1.0,1.0,1.0
DiffSBDD,22,contact_clash_rule,DiffSBDD,3l3n-A-rec-2iux-nxa-lig-tt-docked-2-pocket10_3l3n-A-rec-2iux-nxa-lig-tt-docked-2,10,10,1.0,0.9,99.99999999999997,100.0,0.9,1.0,1.0,1.0,1.0,1.0
DiffSBDD,22,full_audit_gate_qedsa_fixed_budget,DiffSBDD,3l3n-A-rec-2iux-nxa-lig-tt-docked-2-pocket10_3l3n-A-rec-2iux-nxa-lig-tt-docked-2,10,10,1.0,0.8,199.99999999999994,200.0,0.9,0.8888888888888888,0.8888888888888888,1.0,1.0,1.0
DiffSBDD,22,full_audit_gate_qedsa_no_backfill,DiffSBDD,3l3n-A-rec-2iux-nxa-lig-tt-docked-2-pocket10_3l3n-A-rec-2iux-nxa-lig-tt-docked-2,10,10,1.0,0.8,199.99999999999994,200.0,0.9,0.8888888888888888,0.8888888888888888,1.0,1.0,1.0
DiffSBDD,22,audit_failure_count_qedsa,DiffSBDD,3l3n-A-rec-2iux-nxa-lig-tt-docked-2-pocket10_3l3n-A-rec-2iux-nxa-lig-tt-docked-2,10,10,1.0,0.8,199.99999999999994,200.0,0.9,0.8888888888888888,0.8888888888888888,1.0,1.0,1.0
DiffSBDD,22,phys_logreg_full,DiffSBDD,3l3n-A-rec-2iux-nxa-lig-tt-docked-2-pocket10_3l3n-A-rec-2iux-nxa-lig-tt-docked-2,10,10,1.0,0.9,99.99999999999997,100.0,1.0,0.9,0.9,1.0,1.0,1.0
DiffSBDD,22,phys_hgb_full,DiffSBDD,3l3n-A-rec-2iux-nxa-lig-tt-docked-2-pocket10_3l3n-A-rec-2iux-nxa-lig-tt-docked-2,10,10,1.0,1.0,0.0,0.0,1.0,1.0,1.0,1.0,1.0,1.0
DiffSBDD,22,phys_rf_direct_excluded,DiffSBDD,3l3n-A-rec-2iux-nxa-lig-tt-docked-2-pocket10_3l3n-A-rec-2iux-nxa-lig-tt-docked-2,10,10,1.0,1.0,0.0,0.0,1.0,1.0,1.0,1.0,1.0,1.0
DiffSBDD,22,phys_rf_full,DiffSBDD,3l3n-A-rec-2iux-nxa-lig-tt-docked-2-pocket10_3l3n-A-rec-2iux-nxa-lig-tt-docked-2,10,10,1.0,0.9,99.99999999999997,100.0,1.0,0.9,0.9,1.0,1.0,1.0
DiffSBDD,22,qed_sa,DiffSBDD,3hy9-B-rec-3hyg-099-lig-tt-min-0-pocket10_3hy9-B-rec-3hyg-099-lig-tt-min-0,10,10,1.0,1.0,0.0,0.0,1.0,1.0,1.0,1.0,1.0,1.0
DiffSBDD,22,contact_clash_rule,DiffSBDD,3hy9-B-rec-3hyg-099-lig-tt-min-0-pocket10_3hy9-B-rec-3hyg-099-lig-tt-min-0,10,10,1.0,0.9,99.99999999999997,100.0,0.9,1.0,1.0,1.0,1.0,1.0
DiffSBDD,22,full_audit_gate_qedsa_fixed_budget,DiffSBDD,3hy9-B-rec-3hyg-099-lig-tt-min-0-pocket10_3hy9-B-rec-3hyg-099-lig-tt-min-0,10,10,1.0,1.0,0.0,0.0,1.0,1.0,1.0,1.0,1.0,1.0
DiffSBDD,22,full_audit_gate_qedsa_no_backfill,DiffSBDD,3hy9-B-rec-3hyg-099-lig-tt-min-0-pocket10_3hy9-B-rec-3hyg-099-lig-tt-min-0,10,10,1.0,1.0,0.0,0.0,1.0,1.0,1.0,1.0,1.0,1.0
DiffSBDD,22,audit_failure_count_qedsa,DiffSBDD,3hy9-B-rec-3hyg-099-lig-tt-min-0-pocket10_3hy9-B-rec-3hyg-099-lig-tt-min-0,10,10,1.0,1.0,0.0,0.0,1.0,1.0,1.0,1.0,1.0,1.0
DiffSBDD,22,phys_logreg_full,DiffSBDD,3hy9-B-rec-3hyg-099-lig-tt-min-0-pocket10_3hy9-B-rec-3hyg-099-lig-tt-min-0,10,10,1.0,1.0,0.0,0.0,1.0,1.0,1.0,1.0,1.0,1.0
DiffSBDD,22,phys_hgb_full,DiffSBDD,3hy9-B-rec-3hyg-099-lig-tt-min-0-pocket10_3hy9-B-rec-3hyg-099-lig-tt-min-0,10,10,1.0,0.9,99.99999999999997,100.0,0.9,1.0,1.0,1.0,1.0,1.0
DiffSBDD,22,phys_rf_direct_excluded,DiffSBDD,3hy9-B-rec-3hyg-099-lig-tt-min-0-pocket10_3hy9-B-rec-3hyg-099-lig-tt-min-0,10,10,1.0,1.0,0.0,0.0,1.0,1.0,1.0,1.0,1.0,1.0
DiffSBDD,22,phys_rf_full,DiffSBDD,3hy9-B-rec-3hyg-099-lig-tt-min-0-pocket10_3hy9-B-rec-3hyg-099-lig-tt-min-0,10,10,1.0,1.0,0.0,0.0,1.0,1.0,1.0,1.0,1.0,1.0
DiffSBDD,22,qed_sa,DiffSBDD,3b6h-A-rec-3b6h-mxd-lig-tt-min-0-pocket10_3b6h-A-rec-3b6h-mxd-lig-tt-min-0,10,10,1.0,0.9,99.99999999999997,100.0,1.0,0.9,0.9,1.0,1.0,1.0
DiffSBDD,22,contact_clash_rule,DiffSBDD,3b6h-A-rec-3b6h-mxd-lig-tt-min-0-pocket10_3b6h-A-rec-3b6h-mxd-lig-tt-min-0,10,10,1.0,0.9,99.99999999999997,100.0,1.0,0.9,1.0,1.0,0.9,1.0
DiffSBDD,22,full_audit_gate_qedsa_fixed_budget,DiffSBDD,3b6h-A-rec-3b6h-mxd-lig-tt-min-0-pocket10_3b6h-A-rec-3b6h-mxd-lig-tt-min-0,10,10,1.0,0.9,99.99999999999997,100.0,1.0,0.9,0.9,1.0,1.0,1.0
DiffSBDD,22,full_audit_gate_qedsa_no_backfill,DiffSBDD,3b6h-A-rec-3b6h-mxd-lig-tt-min-0-pocket10_3b6h-A-rec-3b6h-mxd-lig-tt-min-0,10,10,1.0,0.9,99.99999999999997,100.0,1.0,0.9,0.9,1.0,1.0,1.0
DiffSBDD,22,audit_failure_count_qedsa,DiffSBDD,3b6h-A-rec-3b6h-mxd-lig-tt-min-0-pocket10_3b6h-A-rec-3b6h-mxd-lig-tt-min-0,10,10,1.0,0.9,99.99999999999997,100.0,1.0,0.9,0.9,1.0,1.0,1.0
DiffSBDD,22,phys_logreg_full,DiffSBDD,3b6h-A-rec-3b6h-mxd-lig-tt-min-0-pocket10_3b6h-A-rec-3b6h-mxd-lig-tt-min-0,10,10,1.0,0.9,99.99999999999997,100.0,1.0,0.9,0.9,1.0,1.0,1.0
DiffSBDD,22,phys_hgb_full,DiffSBDD,3b6h-A-rec-3b6h-mxd-lig-tt-min-0-pocket10_3b6h-A-rec-3b6h-mxd-lig-tt-min-0,10,10,1.0,1.0,0.0,0.0,1.0,1.0,1.0,1.0,1.0,1.0
DiffSBDD,22,phys_rf_direct_excluded,DiffSBDD,3b6h-A-rec-3b6h-mxd-lig-tt-min-0-pocket10_3b6h-A-rec-3b6h-mxd-lig-tt-min-0,10,10,1.0,1.0,0.0,0.0,1.0,1.0,1.0,1.0,1.0,1.0
DiffSBDD,22,phys_rf_full,DiffSBDD,3b6h-A-rec-3b6h-mxd-lig-tt-min-0-pocket10_3b6h-A-rec-3b6h-mxd-lig-tt-min-0,10,10,1.0,0.9,99.99999999999997,100.0,1.0,0.9,1.0,1.0,0.9,1.0
DiffSBDD,22,qed_sa,DiffSBDD,3af2-A-rec-3af4-gcp-lig-tt-min-0-pocket10_3af2-A-rec-3af4-gcp-lig-tt-min-0,10,10,1.0,0.9,99.99999999999997,100.0,1.0,0.9,0.9,1.0,1.0,1.0
DiffSBDD,22,contact_clash_rule,DiffSBDD,3af2-A-rec-3af4-gcp-lig-tt-min-0-pocket10_3af2-A-rec-3af4-gcp-lig-tt-min-0,10,10,1.0,0.8,199.99999999999994,200.0,1.0,0.8,0.9,1.0,0.9,1.0
DiffSBDD,22,full_audit_gate_qedsa_fixed_budget,DiffSBDD,3af2-A-rec-3af4-gcp-lig-tt-min-0-pocket10_3af2-A-rec-3af4-gcp-lig-tt-min-0,10,10,1.0,0.9,99.99999999999997,100.0,1.0,0.9,0.9,1.0,1.0,1.0
DiffSBDD,22,full_audit_gate_qedsa_no_backfill,DiffSBDD,3af2-A-rec-3af4-gcp-lig-tt-min-0-pocket10_3af2-A-rec-3af4-gcp-lig-tt-min-0,10,10,1.0,0.9,99.99999999999997,100.0,1.0,0.9,0.9,1.0,1.0,1.0
DiffSBDD,22,audit_failure_count_qedsa,DiffSBDD,3af2-A-rec-3af4-gcp-lig-tt-min-0-pocket10_3af2-A-rec-3af4-gcp-lig-tt-min-0,10,10,1.0,0.9,99.99999999999997,100.0,1.0,0.9,0.9,1.0,1.0,1.0
DiffSBDD,22,phys_logreg_full,DiffSBDD,3af2-A-rec-3af4-gcp-lig-tt-min-0-pocket10_3af2-A-rec-3af4-gcp-lig-tt-min-0,10,10,1.0,1.0,0.0,0.0,1.0,1.0,1.0,1.0,1.0,1.0
DiffSBDD,22,phys_hgb_full,DiffSBDD,3af2-A-rec-3af4-gcp-lig-tt-min-0-pocket10_3af2-A-rec-3af4-gcp-lig-tt-min-0,10,10,1.0,0.8,199.99999999999994,200.0,1.0,0.8,0.9,1.0,0.9,1.0
DiffSBDD,22,phys_rf_direct_excluded,DiffSBDD,3af2-A-rec-3af4-gcp-lig-tt-min-0-pocket10_3af2-A-rec-3af4-gcp-lig-tt-min-0,10,10,1.0,0.9,99.99999999999997,100.0,1.0,0.9,0.9,1.0,1.0,1.0
DiffSBDD,22,phys_rf_full,DiffSBDD,3af2-A-rec-3af4-gcp-lig-tt-min-0-pocket10_3af2-A-rec-3af4-gcp-lig-tt-min-0,10,10,1.0,0.9,99.99999999999997,100.0,1.0,0.9,0.9,1.0,1.0,1.0
DiffSBDD,22,qed_sa,DiffSBDD,3li4-A-rec-2gvv-di9-lig-tt-min-0-pocket10_3li4-A-rec-2gvv-di9-lig-tt-min-0,10,10,1.0,0.8,199.99999999999994,200.0,1.0,0.8,1.0,1.0,0.8,1.0
DiffSBDD,22,contact_clash_rule,DiffSBDD,3li4-A-rec-2gvv-di9-lig-tt-min-0-pocket10_3li4-A-rec-2gvv-di9-lig-tt-min-0,10,10,1.0,0.8,199.99999999999994,200.0,1.0,0.8,1.0,1.0,0.8,1.0
DiffSBDD,22,full_audit_gate_qedsa_fixed_budget,DiffSBDD,3li4-A-rec-2gvv-di9-lig-tt-min-0-pocket10_3li4-A-rec-2gvv-di9-lig-tt-min-0,10,10,1.0,0.8,199.99999999999994,200.0,1.0,0.8,1.0,1.0,0.8,1.0
DiffSBDD,22,full_audit_gate_qedsa_no_backfill,DiffSBDD,3li4-A-rec-2gvv-di9-lig-tt-min-0-pocket10_3li4-A-rec-2gvv-di9-lig-tt-min-0,10,10,1.0,0.8,199.99999999999994,200.0,1.0,0.8,1.0,1.0,0.8,1.0
DiffSBDD,22,audit_failure_count_qedsa,DiffSBDD,3li4-A-rec-2gvv-di9-lig-tt-min-0-pocket10_3li4-A-rec-2gvv-di9-lig-tt-min-0,10,10,1.0,0.8,199.99999999999994,200.0,1.0,0.8,1.0,1.0,0.8,1.0
DiffSBDD,22,phys_logreg_full,DiffSBDD,3li4-A-rec-2gvv-di9-lig-tt-min-0-pocket10_3li4-A-rec-2gvv-di9-lig-tt-min-0,10,10,1.0,0.9,99.99999999999997,100.0,1.0,0.9,0.9,1.0,1.0,1.0
DiffSBDD,22,phys_hgb_full,DiffSBDD,3li4-A-rec-2gvv-di9-lig-tt-min-0-pocket10_3li4-A-rec-2gvv-di9-lig-tt-min-0,10,10,1.0,1.0,0.0,0.0,1.0,1.0,1.0,1.0,1.0,1.0
DiffSBDD,22,phys_rf_direct_excluded,DiffSBDD,3li4-A-rec-2gvv-di9-lig-tt-min-0-pocket10_3li4-A-rec-2gvv-di9-lig-tt-min-0,10,10,1.0,0.9,99.99999999999997,100.0,1.0,0.9,0.9,1.0,1.0,1.0
DiffSBDD,22,phys_rf_full,DiffSBDD,3li4-A-rec-2gvv-di9-lig-tt-min-0-pocket10_3li4-A-rec-2gvv-di9-lig-tt-min-0,10,10,1.0,0.9,99.99999999999997,100.0,1.0,0.9,0.9,1.0,1.0,1.0
DiffSBDD,22,qed_sa,DiffSBDD,3pnm-A-rec-3pnq-2ha-lig-tt-docked-10-pocket10_3pnm-A-rec-3pnq-2ha-lig-tt-docked-10,10,10,1.0,0.9,99.99999999999997,100.0,0.9,1.0,1.0,1.0,1.0,1.0
DiffSBDD,22,contact_clash_rule,DiffSBDD,3pnm-A-rec-3pnq-2ha-lig-tt-docked-10-pocket10_3pnm-A-rec-3pnq-2ha-lig-tt-docked-10,10,10,1.0,0.9,99.99999999999997,100.0,0.9,1.0,1.0,1.0,1.0,1.0
DiffSBDD,22,full_audit_gate_qedsa_fixed_budget,DiffSBDD,3pnm-A-rec-3pnq-2ha-lig-tt-docked-10-pocket10_3pnm-A-rec-3pnq-2ha-lig-tt-docked-10,10,10,1.0,0.9,99.99999999999997,100.0,0.9,1.0,1.0,1.0,1.0,1.0
DiffSBDD,22,full_audit_gate_qedsa_no_backfill,DiffSBDD,3pnm-A-rec-3pnq-2ha-lig-tt-docked-10-pocket10_3pnm-A-rec-3pnq-2ha-lig-tt-docked-10,10,10,1.0,0.9,99.99999999999997,100.0,0.9,1.0,1.0,1.0,1.0,1.0
DiffSBDD,22,audit_failure_count_qedsa,DiffSBDD,3pnm-A-rec-3pnq-2ha-lig-tt-docked-10-pocket10_3pnm-A-rec-3pnq-2ha-lig-tt-docked-10,10,10,1.0,0.9,99.99999999999997,100.0,0.9,1.0,1.0,1.0,1.0,1.0
DiffSBDD,22,phys_logreg_full,DiffSBDD,3pnm-A-rec-3pnq-2ha-lig-tt-docked-10-pocket10_3pnm-A-rec-3pnq-2ha-lig-tt-docked-10,10,10,1.0,1.0,0.0,0.0,1.0,1.0,1.0,1.0,1.0,1.0
DiffSBDD,22,phys_hgb_full,DiffSBDD,3pnm-A-rec-3pnq-2ha-lig-tt-docked-10-pocket10_3pnm-A-rec-3pnq-2ha-lig-tt-docked-10,10,10,1.0,1.0,0.0,0.0,1.0,1.0,1.0,1.0,1.0,1.0
DiffSBDD,22,phys_rf_direct_excluded,DiffSBDD,3pnm-A-rec-3pnq-2ha-lig-tt-docked-10-pocket10_3pnm-A-rec-3pnq-2ha-lig-tt-docked-10,10,10,1.0,1.0,0.0,0.0,1.0,1.0,1.0,1.0,1.0,1.0
DiffSBDD,22,phys_rf_full,DiffSBDD,3pnm-A-rec-3pnq-2ha-lig-tt-docked-10-pocket10_3pnm-A-rec-3pnq-2ha-lig-tt-docked-10,10,10,1.0,1.0,0.0,0.0,1.0,1.0,1.0,1.0,1.0,1.0
DiffSBDD,22,qed_sa,DiffSBDD,3kc1-A-rec-3kc1-2t6-lig-tt-min-0-pocket10_3kc1-A-rec-3kc1-2t6-lig-tt-min-0,10,10,1.0,1.0,0.0,0.0,1.0,1.0,1.0,1.0,1.0,1.0
DiffSBDD,22,contact_clash_rule,DiffSBDD,3kc1-A-rec-3kc1-2t6-lig-tt-min-0-pocket10_3kc1-A-rec-3kc1-2t6-lig-tt-min-0,10,10,1.0,1.0,0.0,0.0,1.0,1.0,1.0,1.0,1.0,1.0
DiffSBDD,22,full_audit_gate_qedsa_fixed_budget,DiffSBDD,3kc1-A-rec-3kc1-2t6-lig-tt-min-0-pocket10_3kc1-A-rec-3kc1-2t6-lig-tt-min-0,10,10,1.0,1.0,0.0,0.0,1.0,1.0,1.0,1.0,1.0,1.0
DiffSBDD,22,full_audit_gate_qedsa_no_backfill,DiffSBDD,3kc1-A-rec-3kc1-2t6-lig-tt-min-0-pocket10_3kc1-A-rec-3kc1-2t6-lig-tt-min-0,10,10,1.0,1.0,0.0,0.0,1.0,1.0,1.0,1.0,1.0,1.0
DiffSBDD,22,audit_failure_count_qedsa,DiffSBDD,3kc1-A-rec-3kc1-2t6-lig-tt-min-0-pocket10_3kc1-A-rec-3kc1-2t6-lig-tt-min-0,10,10,1.0,1.0,0.0,0.0,1.0,1.0,1.0,1.0,1.0,1.0
DiffSBDD,22,phys_logreg_full,DiffSBDD,3kc1-A-rec-3kc1-2t6-lig-tt-min-0-pocket10_3kc1-A-rec-3kc1-2t6-lig-tt-min-0,10,10,1.0,0.9,99.99999999999997,100.0,1.0,0.9,0.9,1.0,1.0,1.0
DiffSBDD,22,phys_hgb_full,DiffSBDD,3kc1-A-rec-3kc1-2t6-lig-tt-min-0-pocket10_3kc1-A-rec-3kc1-2t6-lig-tt-min-0,10,10,1.0,0.9,99.99999999999997,100.0,1.0,0.9,0.9,1.0,1.0,1.0
DiffSBDD,22,phys_rf_direct_excluded,DiffSBDD,3kc1-A-rec-3kc1-2t6-lig-tt-min-0-pocket10_3kc1-A-rec-3kc1-2t6-lig-tt-min-0,10,10,1.0,0.9,99.99999999999997,100.0,1.0,0.9,0.9,1.0,1.0,1.0
DiffSBDD,22,phys_rf_full,DiffSBDD,3kc1-A-rec-3kc1-2t6-lig-tt-min-0-pocket10_3kc1-A-rec-3kc1-2t6-lig-tt-min-0,10,10,1.0,0.9,99.99999999999997,100.0,1.0,0.9,0.9,1.0,1.0,1.0
DiffSBDD,22,qed_sa,DiffSBDD,3pdh-A-rec-4buz-ocz-lig-tt-min-0-pocket10_3pdh-A-rec-4buz-ocz-lig-tt-min-0,10,10,1.0,1.0,0.0,0.0,1.0,1.0,1.0,1.0,1.0,1.0
DiffSBDD,22,contact_clash_rule,DiffSBDD,3pdh-A-rec-4buz-ocz-lig-tt-min-0-pocket10_3pdh-A-rec-4buz-ocz-lig-tt-min-0,10,10,1.0,1.0,0.0,0.0,1.0,1.0,1.0,1.0,1.0,1.0
DiffSBDD,22,full_audit_gate_qedsa_fixed_budget,DiffSBDD,3pdh-A-rec-4buz-ocz-lig-tt-min-0-pocket10_3pdh-A-rec-4buz-ocz-lig-tt-min-0,10,10,1.0,1.0,0.0,0.0,1.0,1.0,1.0,1.0,1.0,1.0
DiffSBDD,22,full_audit_gate_qedsa_no_backfill,DiffSBDD,3pdh-A-rec-4buz-ocz-lig-tt-min-0-pocket10_3pdh-A-rec-4buz-ocz-lig-tt-min-0,10,10,1.0,1.0,0.0,0.0,1.0,1.0,1.0,1.0,1.0,1.0
DiffSBDD,22,audit_failure_count_qedsa,DiffSBDD,3pdh-A-rec-4buz-ocz-lig-tt-min-0-pocket10_3pdh-A-rec-4buz-ocz-lig-tt-min-0,10,10,1.0,1.0,0.0,0.0,1.0,1.0,1.0,1.0,1.0,1.0
DiffSBDD,22,phys_logreg_full,DiffSBDD,3pdh-A-rec-4buz-ocz-lig-tt-min-0-pocket10_3pdh-A-rec-4buz-ocz-lig-tt-min-0,10,10,1.0,1.0,0.0,0.0,1.0,1.0,1.0,1.0,1.0,1.0
DiffSBDD,22,phys_hgb_full,DiffSBDD,3pdh-A-rec-4buz-ocz-lig-tt-min-0-pocket10_3pdh-A-rec-4buz-ocz-lig-tt-min-0,10,10,1.0,0.9,99.99999999999997,100.0,1.0,0.9,0.9,1.0,1.0,1.0
DiffSBDD,22,phys_rf_direct_excluded,DiffSBDD,3pdh-A-rec-4buz-ocz-lig-tt-min-0-pocket10_3pdh-A-rec-4buz-ocz-lig-tt-min-0,10,10,1.0,1.0,0.0,0.0,1.0,1.0,1.0,1.0,1.0,1.0
DiffSBDD,22,phys_rf_full,DiffSBDD,3pdh-A-rec-4buz-ocz-lig-tt-min-0-pocket10_3pdh-A-rec-4buz-ocz-lig-tt-min-0,10,10,1.0,1.0,0.0,0.0,1.0,1.0,1.0,1.0,1.0,1.0
DiffSBDD,22,qed_sa,DiffSBDD,3dzh-A-rec-3u4i-cvr-lig-tt-docked-0-pocket10_3dzh-A-rec-3u4i-cvr-lig-tt-docked-0,10,10,1.0,1.0,0.0,0.0,1.0,1.0,1.0,1.0,1.0,1.0
DiffSBDD,22,contact_clash_rule,DiffSBDD,3dzh-A-rec-3u4i-cvr-lig-tt-docked-0-pocket10_3dzh-A-rec-3u4i-cvr-lig-tt-docked-0,10,10,1.0,1.0,0.0,0.0,1.0,1.0,1.0,1.0,1.0,1.0
DiffSBDD,22,full_audit_gate_qedsa_fixed_budget,DiffSBDD,3dzh-A-rec-3u4i-cvr-lig-tt-docked-0-pocket10_3dzh-A-rec-3u4i-cvr-lig-tt-docked-0,10,10,1.0,1.0,0.0,0.0,1.0,1.0,1.0,1.0,1.0,1.0
DiffSBDD,22,full_audit_gate_qedsa_no_backfill,DiffSBDD,3dzh-A-rec-3u4i-cvr-lig-tt-docked-0-pocket10_3dzh-A-rec-3u4i-cvr-lig-tt-docked-0,10,10,1.0,1.0,0.0,0.0,1.0,1.0,1.0,1.0,1.0,1.0
DiffSBDD,22,audit_failure_count_qedsa,DiffSBDD,3dzh-A-rec-3u4i-cvr-lig-tt-docked-0-pocket10_3dzh-A-rec-3u4i-cvr-lig-tt-docked-0,10,10,1.0,1.0,0.0,0.0,1.0,1.0,1.0,1.0,1.0,1.0
DiffSBDD,22,phys_logreg_full,DiffSBDD,3dzh-A-rec-3u4i-cvr-lig-tt-docked-0-pocket10_3dzh-A-rec-3u4i-cvr-lig-tt-docked-0,10,10,1.0,1.0,0.0,0.0,1.0,1.0,1.0,1.0,1.0,1.0
DiffSBDD,22,phys_hgb_full,DiffSBDD,3dzh-A-rec-3u4i-cvr-lig-tt-docked-0-pocket10_3dzh-A-rec-3u4i-cvr-lig-tt-docked-0,10,10,1.0,1.0,0.0,0.0,1.0,1.0,1.0,1.0,1.0,1.0
DiffSBDD,22,phys_rf_direct_excluded,DiffSBDD,3dzh-A-rec-3u4i-cvr-lig-tt-docked-0-pocket10_3dzh-A-rec-3u4i-cvr-lig-tt-docked-0,10,10,1.0,1.0,0.0,0.0,1.0,1.0,1.0,1.0,1.0,1.0
DiffSBDD,22,phys_rf_full,DiffSBDD,3dzh-A-rec-3u4i-cvr-lig-tt-docked-0-pocket10_3dzh-A-rec-3u4i-cvr-lig-tt-docked-0,10,10,1.0,1.0,0.0,0.0,1.0,1.0,1.0,1.0,1.0,1.0
DiffSBDD,22,qed_sa,DiffSBDD,4aua-A-rec-4aua-4au-lig-it2-tt-docked-7-pocket10_4aua-A-rec-4aua-4au-lig-it2-tt-docked-7,10,10,1.0,1.0,0.0,0.0,1.0,1.0,1.0,1.0,1.0,1.0
DiffSBDD,22,contact_clash_rule,DiffSBDD,4aua-A-rec-4aua-4au-lig-it2-tt-docked-7-pocket10_4aua-A-rec-4aua-4au-lig-it2-tt-docked-7,10,10,1.0,1.0,0.0,0.0,1.0,1.0,1.0,1.0,1.0,1.0
DiffSBDD,22,full_audit_gate_qedsa_fixed_budget,DiffSBDD,4aua-A-rec-4aua-4au-lig-it2-tt-docked-7-pocket10_4aua-A-rec-4aua-4au-lig-it2-tt-docked-7,10,10,1.0,1.0,0.0,0.0,1.0,1.0,1.0,1.0,1.0,1.0
DiffSBDD,22,full_audit_gate_qedsa_no_backfill,DiffSBDD,4aua-A-rec-4aua-4au-lig-it2-tt-docked-7-pocket10_4aua-A-rec-4aua-4au-lig-it2-tt-docked-7,10,10,1.0,1.0,0.0,0.0,1.0,1.0,1.0,1.0,1.0,1.0
DiffSBDD,22,audit_failure_count_qedsa,DiffSBDD,4aua-A-rec-4aua-4au-lig-it2-tt-docked-7-pocket10_4aua-A-rec-4aua-4au-lig-it2-tt-docked-7,10,10,1.0,1.0,0.0,0.0,1.0,1.0,1.0,1.0,1.0,1.0
DiffSBDD,22,phys_logreg_full,DiffSBDD,4aua-A-rec-4aua-4au-lig-it2-tt-docked-7-pocket10_4aua-A-rec-4aua-4au-lig-it2-tt-docked-7,10,10,1.0,1.0,0.0,0.0,1.0,1.0,1.0,1.0,1.0,1.0
DiffSBDD,22,phys_hgb_full,DiffSBDD,4aua-A-rec-4aua-4au-lig-it2-tt-docked-7-pocket10_4aua-A-rec-4aua-4au-lig-it2-tt-docked-7,10,10,1.0,0.9,99.99999999999997,100.0,1.0,0.9,0.9,1.0,1.0,1.0
DiffSBDD,22,phys_rf_direct_excluded,DiffSBDD,4aua-A-rec-4aua-4au-lig-it2-tt-docked-7-pocket10_4aua-A-rec-4aua-4au-lig-it2-tt-docked-7,10,10,1.0,1.0,0.0,0.0,1.0,1.0,1.0,1.0,1.0,1.0
DiffSBDD,22,phys_rf_full,DiffSBDD,4aua-A-rec-4aua-4au-lig-it2-tt-docked-7-pocket10_4aua-A-rec-4aua-4au-lig-it2-tt-docked-7,10,10,1.0,1.0,0.0,0.0,1.0,1.0,1.0,1.0,1.0,1.0
DiffSBDD,22,qed_sa,DiffSBDD,3daf-A-rec-3daf-feg-lig-tt-docked-0-pocket10_3daf-A-rec-3daf-feg-lig-tt-docked-0,10,10,1.0,0.8,199.99999999999994,200.0,0.9,0.8888888888888888,1.0,1.0,0.8888888888888888,1.0
DiffSBDD,22,contact_clash_rule,DiffSBDD,3daf-A-rec-3daf-feg-lig-tt-docked-0-pocket10_3daf-A-rec-3daf-feg-lig-tt-docked-0,10,10,1.0,0.8,199.99999999999994,200.0,0.9,0.8888888888888888,0.8888888888888888,1.0,1.0,1.0
DiffSBDD,22,full_audit_gate_qedsa_fixed_budget,DiffSBDD,3daf-A-rec-3daf-feg-lig-tt-docked-0-pocket10_3daf-A-rec-3daf-feg-lig-tt-docked-0,10,10,1.0,0.8,199.99999999999994,200.0,0.9,0.8888888888888888,1.0,1.0,0.8888888888888888,1.0
DiffSBDD,22,full_audit_gate_qedsa_no_backfill,DiffSBDD,3daf-A-rec-3daf-feg-lig-tt-docked-0-pocket10_3daf-A-rec-3daf-feg-lig-tt-docked-0,10,10,1.0,0.8,199.99999999999994,200.0,0.9,0.8888888888888888,1.0,1.0,0.8888888888888888,1.0
DiffSBDD,22,audit_failure_count_qedsa,DiffSBDD,3daf-A-rec-3daf-feg-lig-tt-docked-0-pocket10_3daf-A-rec-3daf-feg-lig-tt-docked-0,10,10,1.0,0.8,199.99999999999994,200.0,0.9,0.8888888888888888,1.0,1.0,0.8888888888888888,1.0
DiffSBDD,22,phys_logreg_full,DiffSBDD,3daf-A-rec-3daf-feg-lig-tt-docked-0-pocket10_3daf-A-rec-3daf-feg-lig-tt-docked-0,10,10,1.0,0.9,99.99999999999997,100.0,1.0,0.9,0.9,1.0,1.0,1.0
DiffSBDD,22,phys_hgb_full,DiffSBDD,3daf-A-rec-3daf-feg-lig-tt-docked-0-pocket10_3daf-A-rec-3daf-feg-lig-tt-docked-0,10,10,1.0,0.9,99.99999999999997,100.0,1.0,0.9,0.9,1.0,1.0,1.0
DiffSBDD,22,phys_rf_direct_excluded,DiffSBDD,3daf-A-rec-3daf-feg-lig-tt-docked-0-pocket10_3daf-A-rec-3daf-feg-lig-tt-docked-0,10,10,1.0,0.9,99.99999999999997,100.0,1.0,0.9,1.0,1.0,0.9,1.0
DiffSBDD,22,phys_rf_full,DiffSBDD,3daf-A-rec-3daf-feg-lig-tt-docked-0-pocket10_3daf-A-rec-3daf-feg-lig-tt-docked-0,10,10,1.0,0.8,199.99999999999994,200.0,1.0,0.8,0.9,1.0,0.9,1.0
DiffSBDD,22,qed_sa,DiffSBDD,3jyh-A-rec-3n0t-opy-lig-tt-min-0-pocket10_3jyh-A-rec-3n0t-opy-lig-tt-min-0,10,10,1.0,0.9,99.99999999999997,100.0,0.9,1.0,1.0,1.0,1.0,1.0
DiffSBDD,22,contact_clash_rule,DiffSBDD,3jyh-A-rec-3n0t-opy-lig-tt-min-0-pocket10_3jyh-A-rec-3n0t-opy-lig-tt-min-0,10,10,1.0,0.9,99.99999999999997,100.0,0.9,1.0,1.0,1.0,1.0,1.0
DiffSBDD,22,full_audit_gate_qedsa_fixed_budget,DiffSBDD,3jyh-A-rec-3n0t-opy-lig-tt-min-0-pocket10_3jyh-A-rec-3n0t-opy-lig-tt-min-0,10,10,1.0,0.9,99.99999999999997,100.0,0.9,1.0,1.0,1.0,1.0,1.0
DiffSBDD,22,full_audit_gate_qedsa_no_backfill,DiffSBDD,3jyh-A-rec-3n0t-opy-lig-tt-min-0-pocket10_3jyh-A-rec-3n0t-opy-lig-tt-min-0,10,10,1.0,0.9,99.99999999999997,100.0,0.9,1.0,1.0,1.0,1.0,1.0
DiffSBDD,22,audit_failure_count_qedsa,DiffSBDD,3jyh-A-rec-3n0t-opy-lig-tt-min-0-pocket10_3jyh-A-rec-3n0t-opy-lig-tt-min-0,10,10,1.0,0.9,99.99999999999997,100.0,0.9,1.0,1.0,1.0,1.0,1.0
DiffSBDD,22,phys_logreg_full,DiffSBDD,3jyh-A-rec-3n0t-opy-lig-tt-min-0-pocket10_3jyh-A-rec-3n0t-opy-lig-tt-min-0,10,10,1.0,1.0,0.0,0.0,1.0,1.0,1.0,1.0,1.0,1.0
DiffSBDD,22,phys_hgb_full,DiffSBDD,3jyh-A-rec-3n0t-opy-lig-tt-min-0-pocket10_3jyh-A-rec-3n0t-opy-lig-tt-min-0,10,10,1.0,1.0,0.0,0.0,1.0,1.0,1.0,1.0,1.0,1.0
DiffSBDD,22,phys_rf_direct_excluded,DiffSBDD,3jyh-A-rec-3n0t-opy-lig-tt-min-0-pocket10_3jyh-A-rec-3n0t-opy-lig-tt-min-0,10,10,1.0,0.8,199.99999999999994,200.0,0.8,1.0,1.0,1.0,1.0,1.0
DiffSBDD,22,phys_rf_full,DiffSBDD,3jyh-A-rec-3n0t-opy-lig-tt-min-0-pocket10_3jyh-A-rec-3n0t-opy-lig-tt-min-0,10,10,1.0,0.8,199.99999999999994,200.0,0.8,1.0,1.0,1.0,1.0,1.0
DiffSBDD,22,qed_sa,DiffSBDD,3w83-B-rec-2e6d-fum-lig-tt-min-0-pocket10_3w83-B-rec-2e6d-fum-lig-tt-min-0,10,10,1.0,0.9,99.99999999999997,100.0,1.0,0.9,0.9,1.0,1.0,1.0
DiffSBDD,22,contact_clash_rule,DiffSBDD,3w83-B-rec-2e6d-fum-lig-tt-min-0-pocket10_3w83-B-rec-2e6d-fum-lig-tt-min-0,10,10,1.0,0.9,99.99999999999997,100.0,0.9,1.0,1.0,1.0,1.0,1.0
DiffSBDD,22,full_audit_gate_qedsa_fixed_budget,DiffSBDD,3w83-B-rec-2e6d-fum-lig-tt-min-0-pocket10_3w83-B-rec-2e6d-fum-lig-tt-min-0,10,10,1.0,0.9,99.99999999999997,100.0,1.0,0.9,0.9,1.0,1.0,1.0
DiffSBDD,22,full_audit_gate_qedsa_no_backfill,DiffSBDD,3w83-B-rec-2e6d-fum-lig-tt-min-0-pocket10_3w83-B-rec-2e6d-fum-lig-tt-min-0,10,10,1.0,0.9,99.99999999999997,100.0,1.0,0.9,0.9,1.0,1.0,1.0
DiffSBDD,22,audit_failure_count_qedsa,DiffSBDD,3w83-B-rec-2e6d-fum-lig-tt-min-0-pocket10_3w83-B-rec-2e6d-fum-lig-tt-min-0,10,10,1.0,0.9,99.99999999999997,100.0,1.0,0.9,0.9,1.0,1.0,1.0
DiffSBDD,22,phys_logreg_full,DiffSBDD,3w83-B-rec-2e6d-fum-lig-tt-min-0-pocket10_3w83-B-rec-2e6d-fum-lig-tt-min-0,10,10,1.0,0.9,99.99999999999997,100.0,1.0,0.9,0.9,1.0,1.0,1.0
DiffSBDD,22,phys_hgb_full,DiffSBDD,3w83-B-rec-2e6d-fum-lig-tt-min-0-pocket10_3w83-B-rec-2e6d-fum-lig-tt-min-0,10,10,1.0,1.0,0.0,0.0,1.0,1.0,1.0,1.0,1.0,1.0
DiffSBDD,22,phys_rf_direct_excluded,DiffSBDD,3w83-B-rec-2e6d-fum-lig-tt-min-0-pocket10_3w83-B-rec-2e6d-fum-lig-tt-min-0,10,10,1.0,1.0,0.0,0.0,1.0,1.0,1.0,1.0,1.0,1.0
DiffSBDD,22,phys_rf_full,DiffSBDD,3w83-B-rec-2e6d-fum-lig-tt-min-0-pocket10_3w83-B-rec-2e6d-fum-lig-tt-min-0,10,10,1.0,1.0,0.0,0.0,1.0,1.0,1.0,1.0,1.0,1.0
DiffSBDD,22,qed_sa,DiffSBDD,3tym-A-rec-3n5v-xfh-lig-tt-min-0-pocket10_3tym-A-rec-3n5v-xfh-lig-tt-min-0,10,10,1.0,0.9,99.99999999999997,100.0,1.0,0.9,1.0,1.0,0.9,1.0
DiffSBDD,22,contact_clash_rule,DiffSBDD,3tym-A-rec-3n5v-xfh-lig-tt-min-0-pocket10_3tym-A-rec-3n5v-xfh-lig-tt-min-0,10,10,1.0,0.9,99.99999999999997,100.0,1.0,0.9,0.9,1.0,0.9,1.0
DiffSBDD,22,full_audit_gate_qedsa_fixed_budget,DiffSBDD,3tym-A-rec-3n5v-xfh-lig-tt-min-0-pocket10_3tym-A-rec-3n5v-xfh-lig-tt-min-0,10,10,1.0,0.9,99.99999999999997,100.0,1.0,0.9,1.0,1.0,0.9,1.0
DiffSBDD,22,full_audit_gate_qedsa_no_backfill,DiffSBDD,3tym-A-rec-3n5v-xfh-lig-tt-min-0-pocket10_3tym-A-rec-3n5v-xfh-lig-tt-min-0,10,10,1.0,0.9,99.99999999999997,100.0,1.0,0.9,1.0,1.0,0.9,1.0
DiffSBDD,22,audit_failure_count_qedsa,DiffSBDD,3tym-A-rec-3n5v-xfh-lig-tt-min-0-pocket10_3tym-A-rec-3n5v-xfh-lig-tt-min-0,10,10,1.0,0.9,99.99999999999997,100.0,1.0,0.9,1.0,1.0,0.9,1.0
DiffSBDD,22,phys_logreg_full,DiffSBDD,3tym-A-rec-3n5v-xfh-lig-tt-min-0-pocket10_3tym-A-rec-3n5v-xfh-lig-tt-min-0,10,10,1.0,1.0,0.0,0.0,1.0,1.0,1.0,1.0,1.0,1.0
DiffSBDD,22,phys_hgb_full,DiffSBDD,3tym-A-rec-3n5v-xfh-lig-tt-min-0-pocket10_3tym-A-rec-3n5v-xfh-lig-tt-min-0,10,10,1.0,1.0,0.0,0.0,1.0,1.0,1.0,1.0,1.0,1.0
DiffSBDD,22,phys_rf_direct_excluded,DiffSBDD,3tym-A-rec-3n5v-xfh-lig-tt-min-0-pocket10_3tym-A-rec-3n5v-xfh-lig-tt-min-0,10,10,1.0,1.0,0.0,0.0,1.0,1.0,1.0,1.0,1.0,1.0
DiffSBDD,22,phys_rf_full,DiffSBDD,3tym-A-rec-3n5v-xfh-lig-tt-min-0-pocket10_3tym-A-rec-3n5v-xfh-lig-tt-min-0,10,10,1.0,0.9,99.99999999999997,100.0,0.9,1.0,1.0,1.0,1.0,1.0
DiffSBDD,22,qed_sa,DiffSBDD,3o96-A-rec-3o96-iqo-lig-tt-docked-2-pocket10_3o96-A-rec-3o96-iqo-lig-tt-docked-2,10,10,1.0,1.0,0.0,0.0,1.0,1.0,1.0,1.0,1.0,1.0
DiffSBDD,22,contact_clash_rule,DiffSBDD,3o96-A-rec-3o96-iqo-lig-tt-docked-2-pocket10_3o96-A-rec-3o96-iqo-lig-tt-docked-2,10,10,1.0,1.0,0.0,0.0,1.0,1.0,1.0,1.0,1.0,1.0
DiffSBDD,22,full_audit_gate_qedsa_fixed_budget,DiffSBDD,3o96-A-rec-3o96-iqo-lig-tt-docked-2-pocket10_3o96-A-rec-3o96-iqo-lig-tt-docked-2,10,10,1.0,1.0,0.0,0.0,1.0,1.0,1.0,1.0,1.0,1.0
DiffSBDD,22,full_audit_gate_qedsa_no_backfill,DiffSBDD,3o96-A-rec-3o96-iqo-lig-tt-docked-2-pocket10_3o96-A-rec-3o96-iqo-lig-tt-docked-2,10,10,1.0,1.0,0.0,0.0,1.0,1.0,1.0,1.0,1.0,1.0
DiffSBDD,22,audit_failure_count_qedsa,DiffSBDD,3o96-A-rec-3o96-iqo-lig-tt-docked-2-pocket10_3o96-A-rec-3o96-iqo-lig-tt-docked-2,10,10,1.0,1.0,0.0,0.0,1.0,1.0,1.0,1.0,1.0,1.0
DiffSBDD,22,phys_logreg_full,DiffSBDD,3o96-A-rec-3o96-iqo-lig-tt-docked-2-pocket10_3o96-A-rec-3o96-iqo-lig-tt-docked-2,10,10,1.0,1.0,0.0,0.0,1.0,1.0,1.0,1.0,1.0,1.0
DiffSBDD,22,phys_hgb_full,DiffSBDD,3o96-A-rec-3o96-iqo-lig-tt-docked-2-pocket10_3o96-A-rec-3o96-iqo-lig-tt-docked-2,10,10,1.0,1.0,0.0,0.0,1.0,1.0,1.0,1.0,1.0,1.0
DiffSBDD,22,phys_rf_direct_excluded,DiffSBDD,3o96-A-rec-3o96-iqo-lig-tt-docked-2-pocket10_3o96-A-rec-3o96-iqo-lig-tt-docked-2,10,10,1.0,1.0,0.0,0.0,1.0,1.0,1.0,1.0,1.0,1.0
DiffSBDD,22,phys_rf_full,DiffSBDD,3o96-A-rec-3o96-iqo-lig-tt-docked-2-pocket10_3o96-A-rec-3o96-iqo-lig-tt-docked-2,10,10,1.0,1.0,0.0,0.0,1.0,1.0,1.0,1.0,1.0,1.0
DiffSBDD,22,qed_sa,DiffSBDD,3nfb-A-rec-3nfb-oae-lig-tt-docked-2-pocket10_3nfb-A-rec-3nfb-oae-lig-tt-docked-2,10,10,1.0,1.0,0.0,0.0,1.0,1.0,1.0,1.0,1.0,1.0
DiffSBDD,22,contact_clash_rule,DiffSBDD,3nfb-A-rec-3nfb-oae-lig-tt-docked-2-pocket10_3nfb-A-rec-3nfb-oae-lig-tt-docked-2,10,10,1.0,1.0,0.0,0.0,1.0,1.0,1.0,1.0,1.0,1.0
DiffSBDD,22,full_audit_gate_qedsa_fixed_budget,DiffSBDD,3nfb-A-rec-3nfb-oae-lig-tt-docked-2-pocket10_3nfb-A-rec-3nfb-oae-lig-tt-docked-2,10,10,1.0,1.0,0.0,0.0,1.0,1.0,1.0,1.0,1.0,1.0
DiffSBDD,22,full_audit_gate_qedsa_no_backfill,DiffSBDD,3nfb-A-rec-3nfb-oae-lig-tt-docked-2-pocket10_3nfb-A-rec-3nfb-oae-lig-tt-docked-2,10,10,1.0,1.0,0.0,0.0,1.0,1.0,1.0,1.0,1.0,1.0
DiffSBDD,22,audit_failure_count_qedsa,DiffSBDD,3nfb-A-rec-3nfb-oae-lig-tt-docked-2-pocket10_3nfb-A-rec-3nfb-oae-lig-tt-docked-2,10,10,1.0,1.0,0.0,0.0,1.0,1.0,1.0,1.0,1.0,1.0
DiffSBDD,22,phys_logreg_full,DiffSBDD,3nfb-A-rec-3nfb-oae-lig-tt-docked-2-pocket10_3nfb-A-rec-3nfb-oae-lig-tt-docked-2,10,10,1.0,1.0,0.0,0.0,1.0,1.0,1.0,1.0,1.0,1.0
DiffSBDD,22,phys_hgb_full,DiffSBDD,3nfb-A-rec-3nfb-oae-lig-tt-docked-2-pocket10_3nfb-A-rec-3nfb-oae-lig-tt-docked-2,10,10,1.0,1.0,0.0,0.0,1.0,1.0,1.0,1.0,1.0,1.0
DiffSBDD,22,phys_rf_direct_excluded,DiffSBDD,3nfb-A-rec-3nfb-oae-lig-tt-docked-2-pocket10_3nfb-A-rec-3nfb-oae-lig-tt-docked-2,10,10,1.0,1.0,0.0,0.0,1.0,1.0,1.0,1.0,1.0,1.0
DiffSBDD,22,phys_rf_full,DiffSBDD,3nfb-A-rec-3nfb-oae-lig-tt-docked-2-pocket10_3nfb-A-rec-3nfb-oae-lig-tt-docked-2,10,10,1.0,1.0,0.0,0.0,1.0,1.0,1.0,1.0,1.0,1.0
DiffSBDD,22,qed_sa,DiffSBDD,3u9f-C-rec-3u9f-clm-lig-tt-min-0-pocket10_3u9f-C-rec-3u9f-clm-lig-tt-min-0,10,10,1.0,1.0,0.0,0.0,1.0,1.0,1.0,1.0,1.0,1.0
DiffSBDD,22,contact_clash_rule,DiffSBDD,3u9f-C-rec-3u9f-clm-lig-tt-min-0-pocket10_3u9f-C-rec-3u9f-clm-lig-tt-min-0,10,10,1.0,1.0,0.0,0.0,1.0,1.0,1.0,1.0,1.0,1.0
DiffSBDD,22,full_audit_gate_qedsa_fixed_budget,DiffSBDD,3u9f-C-rec-3u9f-clm-lig-tt-min-0-pocket10_3u9f-C-rec-3u9f-clm-lig-tt-min-0,10,10,1.0,1.0,0.0,0.0,1.0,1.0,1.0,1.0,1.0,1.0
DiffSBDD,22,full_audit_gate_qedsa_no_backfill,DiffSBDD,3u9f-C-rec-3u9f-clm-lig-tt-min-0-pocket10_3u9f-C-rec-3u9f-clm-lig-tt-min-0,10,10,1.0,1.0,0.0,0.0,1.0,1.0,1.0,1.0,1.0,1.0
DiffSBDD,22,audit_failure_count_qedsa,DiffSBDD,3u9f-C-rec-3u9f-clm-lig-tt-min-0-pocket10_3u9f-C-rec-3u9f-clm-lig-tt-min-0,10,10,1.0,1.0,0.0,0.0,1.0,1.0,1.0,1.0,1.0,1.0
DiffSBDD,22,phys_logreg_full,DiffSBDD,3u9f-C-rec-3u9f-clm-lig-tt-min-0-pocket10_3u9f-C-rec-3u9f-clm-lig-tt-min-0,10,10,1.0,1.0,0.0,0.0,1.0,1.0,1.0,1.0,1.0,1.0
DiffSBDD,22,phys_hgb_full,DiffSBDD,3u9f-C-rec-3u9f-clm-lig-tt-min-0-pocket10_3u9f-C-rec-3u9f-clm-lig-tt-min-0,10,10,1.0,1.0,0.0,0.0,1.0,1.0,1.0,1.0,1.0,1.0
DiffSBDD,22,phys_rf_direct_excluded,DiffSBDD,3u9f-C-rec-3u9f-clm-lig-tt-min-0-pocket10_3u9f-C-rec-3u9f-clm-lig-tt-min-0,10,10,1.0,1.0,0.0,0.0,1.0,1.0,1.0,1.0,1.0,1.0
DiffSBDD,22,phys_rf_full,DiffSBDD,3u9f-C-rec-3u9f-clm-lig-tt-min-0-pocket10_3u9f-C-rec-3u9f-clm-lig-tt-min-0,10,10,1.0,1.0,0.0,0.0,1.0,1.0,1.0,1.0,1.0,1.0
DiffSBDD,22,qed_sa,DiffSBDD,4azf-A-rec-5lxc-7aa-lig-tt-min-0-pocket10_4azf-A-rec-5lxc-7aa-lig-tt-min-0,10,10,1.0,1.0,0.0,0.0,1.0,1.0,1.0,1.0,1.0,1.0
DiffSBDD,22,contact_clash_rule,DiffSBDD,4azf-A-rec-5lxc-7aa-lig-tt-min-0-pocket10_4azf-A-rec-5lxc-7aa-lig-tt-min-0,10,10,1.0,1.0,0.0,0.0,1.0,1.0,1.0,1.0,1.0,1.0
DiffSBDD,22,full_audit_gate_qedsa_fixed_budget,DiffSBDD,4azf-A-rec-5lxc-7aa-lig-tt-min-0-pocket10_4azf-A-rec-5lxc-7aa-lig-tt-min-0,10,10,1.0,1.0,0.0,0.0,1.0,1.0,1.0,1.0,1.0,1.0
DiffSBDD,22,full_audit_gate_qedsa_no_backfill,DiffSBDD,4azf-A-rec-5lxc-7aa-lig-tt-min-0-pocket10_4azf-A-rec-5lxc-7aa-lig-tt-min-0,10,10,1.0,1.0,0.0,0.0,1.0,1.0,1.0,1.0,1.0,1.0
DiffSBDD,22,audit_failure_count_qedsa,DiffSBDD,4azf-A-rec-5lxc-7aa-lig-tt-min-0-pocket10_4azf-A-rec-5lxc-7aa-lig-tt-min-0,10,10,1.0,1.0,0.0,0.0,1.0,1.0,1.0,1.0,1.0,1.0
DiffSBDD,22,phys_logreg_full,DiffSBDD,4azf-A-rec-5lxc-7aa-lig-tt-min-0-pocket10_4azf-A-rec-5lxc-7aa-lig-tt-min-0,10,10,1.0,1.0,0.0,0.0,1.0,1.0,1.0,1.0,1.0,1.0
DiffSBDD,22,phys_hgb_full,DiffSBDD,4azf-A-rec-5lxc-7aa-lig-tt-min-0-pocket10_4azf-A-rec-5lxc-7aa-lig-tt-min-0,10,10,1.0,1.0,0.0,0.0,1.0,1.0,1.0,1.0,1.0,1.0
DiffSBDD,22,phys_rf_direct_excluded,DiffSBDD,4azf-A-rec-5lxc-7aa-lig-tt-min-0-pocket10_4azf-A-rec-5lxc-7aa-lig-tt-min-0,10,10,1.0,1.0,0.0,0.0,1.0,1.0,1.0,1.0,1.0,1.0
DiffSBDD,22,phys_rf_full,DiffSBDD,4azf-A-rec-5lxc-7aa-lig-tt-min-0-pocket10_4azf-A-rec-5lxc-7aa-lig-tt-min-0,10,10,1.0,1.0,0.0,0.0,1.0,1.0,1.0,1.0,1.0,1.0
DiffSBDD,22,qed_sa,DiffSBDD,4d7o-A-rec-3n5z-xfm-lig-tt-min-0-pocket10_4d7o-A-rec-3n5z-xfm-lig-tt-min-0,10,10,1.0,1.0,0.0,0.0,1.0,1.0,1.0,1.0,1.0,1.0
DiffSBDD,22,contact_clash_rule,DiffSBDD,4d7o-A-rec-3n5z-xfm-lig-tt-min-0-pocket10_4d7o-A-rec-3n5z-xfm-lig-tt-min-0,10,10,1.0,1.0,0.0,0.0,1.0,1.0,1.0,1.0,1.0,1.0
DiffSBDD,22,full_audit_gate_qedsa_fixed_budget,DiffSBDD,4d7o-A-rec-3n5z-xfm-lig-tt-min-0-pocket10_4d7o-A-rec-3n5z-xfm-lig-tt-min-0,10,10,1.0,1.0,0.0,0.0,1.0,1.0,1.0,1.0,1.0,1.0
DiffSBDD,22,full_audit_gate_qedsa_no_backfill,DiffSBDD,4d7o-A-rec-3n5z-xfm-lig-tt-min-0-pocket10_4d7o-A-rec-3n5z-xfm-lig-tt-min-0,10,10,1.0,1.0,0.0,0.0,1.0,1.0,1.0,1.0,1.0,1.0
DiffSBDD,22,audit_failure_count_qedsa,DiffSBDD,4d7o-A-rec-3n5z-xfm-lig-tt-min-0-pocket10_4d7o-A-rec-3n5z-xfm-lig-tt-min-0,10,10,1.0,1.0,0.0,0.0,1.0,1.0,1.0,1.0,1.0,1.0
DiffSBDD,22,phys_logreg_full,DiffSBDD,4d7o-A-rec-3n5z-xfm-lig-tt-min-0-pocket10_4d7o-A-rec-3n5z-xfm-lig-tt-min-0,10,10,1.0,1.0,0.0,0.0,1.0,1.0,1.0,1.0,1.0,1.0
DiffSBDD,22,phys_hgb_full,DiffSBDD,4d7o-A-rec-3n5z-xfm-lig-tt-min-0-pocket10_4d7o-A-rec-3n5z-xfm-lig-tt-min-0,10,10,1.0,1.0,0.0,0.0,1.0,1.0,1.0,1.0,1.0,1.0
DiffSBDD,22,phys_rf_direct_excluded,DiffSBDD,4d7o-A-rec-3n5z-xfm-lig-tt-min-0-pocket10_4d7o-A-rec-3n5z-xfm-lig-tt-min-0,10,10,1.0,1.0,0.0,0.0,1.0,1.0,1.0,1.0,1.0,1.0
DiffSBDD,22,phys_rf_full,DiffSBDD,4d7o-A-rec-3n5z-xfm-lig-tt-min-0-pocket10_4d7o-A-rec-3n5z-xfm-lig-tt-min-0,10,10,1.0,1.0,0.0,0.0,1.0,1.0,1.0,1.0,1.0,1.0
DiffSBDD,22,qed_sa,DiffSBDD,4bel-A-rec-2ewy-dbo-lig-tt-min-0-pocket10_4bel-A-rec-2ewy-dbo-lig-tt-min-0,10,10,1.0,1.0,0.0,0.0,1.0,1.0,1.0,1.0,1.0,1.0
DiffSBDD,22,contact_clash_rule,DiffSBDD,4bel-A-rec-2ewy-dbo-lig-tt-min-0-pocket10_4bel-A-rec-2ewy-dbo-lig-tt-min-0,10,10,1.0,1.0,0.0,0.0,1.0,1.0,1.0,1.0,1.0,1.0
DiffSBDD,22,full_audit_gate_qedsa_fixed_budget,DiffSBDD,4bel-A-rec-2ewy-dbo-lig-tt-min-0-pocket10_4bel-A-rec-2ewy-dbo-lig-tt-min-0,10,10,1.0,1.0,0.0,0.0,1.0,1.0,1.0,1.0,1.0,1.0
DiffSBDD,22,full_audit_gate_qedsa_no_backfill,DiffSBDD,4bel-A-rec-2ewy-dbo-lig-tt-min-0-pocket10_4bel-A-rec-2ewy-dbo-lig-tt-min-0,10,10,1.0,1.0,0.0,0.0,1.0,1.0,1.0,1.0,1.0,1.0
DiffSBDD,22,audit_failure_count_qedsa,DiffSBDD,4bel-A-rec-2ewy-dbo-lig-tt-min-0-pocket10_4bel-A-rec-2ewy-dbo-lig-tt-min-0,10,10,1.0,1.0,0.0,0.0,1.0,1.0,1.0,1.0,1.0,1.0
DiffSBDD,22,phys_logreg_full,DiffSBDD,4bel-A-rec-2ewy-dbo-lig-tt-min-0-pocket10_4bel-A-rec-2ewy-dbo-lig-tt-min-0,10,10,1.0,1.0,0.0,0.0,1.0,1.0,1.0,1.0,1.0,1.0
DiffSBDD,22,phys_hgb_full,DiffSBDD,4bel-A-rec-2ewy-dbo-lig-tt-min-0-pocket10_4bel-A-rec-2ewy-dbo-lig-tt-min-0,10,10,1.0,1.0,0.0,0.0,1.0,1.0,1.0,1.0,1.0,1.0
DiffSBDD,22,phys_rf_direct_excluded,DiffSBDD,4bel-A-rec-2ewy-dbo-lig-tt-min-0-pocket10_4bel-A-rec-2ewy-dbo-lig-tt-min-0,10,10,1.0,1.0,0.0,0.0,1.0,1.0,1.0,1.0,1.0,1.0
DiffSBDD,22,phys_rf_full,DiffSBDD,4bel-A-rec-2ewy-dbo-lig-tt-min-0-pocket10_4bel-A-rec-2ewy-dbo-lig-tt-min-0,10,10,1.0,1.0,0.0,0.0,1.0,1.0,1.0,1.0,1.0,1.0
DiffSBDD,22,qed_sa,DiffSBDD,4aaw-A-rec-4ac3-r83-lig-tt-min-0-pocket10_4aaw-A-rec-4ac3-r83-lig-tt-min-0,10,10,1.0,0.9,99.99999999999997,100.0,1.0,0.9,0.9,1.0,1.0,1.0
DiffSBDD,22,contact_clash_rule,DiffSBDD,4aaw-A-rec-4ac3-r83-lig-tt-min-0-pocket10_4aaw-A-rec-4ac3-r83-lig-tt-min-0,10,10,1.0,1.0,0.0,0.0,1.0,1.0,1.0,1.0,1.0,1.0
DiffSBDD,22,full_audit_gate_qedsa_fixed_budget,DiffSBDD,4aaw-A-rec-4ac3-r83-lig-tt-min-0-pocket10_4aaw-A-rec-4ac3-r83-lig-tt-min-0,10,10,1.0,0.9,99.99999999999997,100.0,1.0,0.9,0.9,1.0,1.0,1.0
DiffSBDD,22,full_audit_gate_qedsa_no_backfill,DiffSBDD,4aaw-A-rec-4ac3-r83-lig-tt-min-0-pocket10_4aaw-A-rec-4ac3-r83-lig-tt-min-0,10,10,1.0,0.9,99.99999999999997,100.0,1.0,0.9,0.9,1.0,1.0,1.0
DiffSBDD,22,audit_failure_count_qedsa,DiffSBDD,4aaw-A-rec-4ac3-r83-lig-tt-min-0-pocket10_4aaw-A-rec-4ac3-r83-lig-tt-min-0,10,10,1.0,0.9,99.99999999999997,100.0,1.0,0.9,0.9,1.0,1.0,1.0
DiffSBDD,22,phys_logreg_full,DiffSBDD,4aaw-A-rec-4ac3-r83-lig-tt-min-0-pocket10_4aaw-A-rec-4ac3-r83-lig-tt-min-0,10,10,1.0,1.0,0.0,0.0,1.0,1.0,1.0,1.0,1.0,1.0
DiffSBDD,22,phys_hgb_full,DiffSBDD,4aaw-A-rec-4ac3-r83-lig-tt-min-0-pocket10_4aaw-A-rec-4ac3-r83-lig-tt-min-0,10,10,1.0,0.9,99.99999999999997,100.0,1.0,0.9,0.9,1.0,1.0,1.0
DiffSBDD,22,phys_rf_direct_excluded,DiffSBDD,4aaw-A-rec-4ac3-r83-lig-tt-min-0-pocket10_4aaw-A-rec-4ac3-r83-lig-tt-min-0,10,10,1.0,1.0,0.0,0.0,1.0,1.0,1.0,1.0,1.0,1.0
DiffSBDD,22,phys_rf_full,DiffSBDD,4aaw-A-rec-4ac3-r83-lig-tt-min-0-pocket10_4aaw-A-rec-4ac3-r83-lig-tt-min-0,10,10,1.0,1.0,0.0,0.0,1.0,1.0,1.0,1.0,1.0,1.0
DiffSBDD,22,qed_sa,DiffSBDD,3v4t-A-rec-4e7f-udp-lig-tt-min-0-pocket10_3v4t-A-rec-4e7f-udp-lig-tt-min-0,10,10,1.0,0.8,199.99999999999994,200.0,0.8,1.0,1.0,1.0,1.0,1.0
DiffSBDD,22,contact_clash_rule,DiffSBDD,3v4t-A-rec-4e7f-udp-lig-tt-min-0-pocket10_3v4t-A-rec-4e7f-udp-lig-tt-min-0,10,10,1.0,1.0,0.0,0.0,1.0,1.0,1.0,1.0,1.0,1.0
DiffSBDD,22,full_audit_gate_qedsa_fixed_budget,DiffSBDD,3v4t-A-rec-4e7f-udp-lig-tt-min-0-pocket10_3v4t-A-rec-4e7f-udp-lig-tt-min-0,10,10,1.0,0.8,199.99999999999994,200.0,0.8,1.0,1.0,1.0,1.0,1.0
DiffSBDD,22,full_audit_gate_qedsa_no_backfill,DiffSBDD,3v4t-A-rec-4e7f-udp-lig-tt-min-0-pocket10_3v4t-A-rec-4e7f-udp-lig-tt-min-0,10,10,1.0,0.8,199.99999999999994,200.0,0.8,1.0,1.0,1.0,1.0,1.0
DiffSBDD,22,audit_failure_count_qedsa,DiffSBDD,3v4t-A-rec-4e7f-udp-lig-tt-min-0-pocket10_3v4t-A-rec-4e7f-udp-lig-tt-min-0,10,10,1.0,0.8,199.99999999999994,200.0,0.8,1.0,1.0,1.0,1.0,1.0
DiffSBDD,22,phys_logreg_full,DiffSBDD,3v4t-A-rec-4e7f-udp-lig-tt-min-0-pocket10_3v4t-A-rec-4e7f-udp-lig-tt-min-0,10,10,1.0,1.0,0.0,0.0,1.0,1.0,1.0,1.0,1.0,1.0
DiffSBDD,22,phys_hgb_full,DiffSBDD,3v4t-A-rec-4e7f-udp-lig-tt-min-0-pocket10_3v4t-A-rec-4e7f-udp-lig-tt-min-0,10,10,1.0,1.0,0.0,0.0,1.0,1.0,1.0,1.0,1.0,1.0
DiffSBDD,22,phys_rf_direct_excluded,DiffSBDD,3v4t-A-rec-4e7f-udp-lig-tt-min-0-pocket10_3v4t-A-rec-4e7f-udp-lig-tt-min-0,10,10,1.0,0.8,199.99999999999994,200.0,0.9,0.8888888888888888,0.8888888888888888,1.0,1.0,1.0
DiffSBDD,22,phys_rf_full,DiffSBDD,3v4t-A-rec-4e7f-udp-lig-tt-min-0-pocket10_3v4t-A-rec-4e7f-udp-lig-tt-min-0,10,10,1.0,1.0,0.0,0.0,1.0,1.0,1.0,1.0,1.0,1.0
DiffSBDD,22,qed_sa,DiffSBDD,4f1m-A-rec-4f1m-acp-lig-tt-min-0-pocket10_4f1m-A-rec-4f1m-acp-lig-tt-min-0,10,10,1.0,1.0,0.0,0.0,1.0,1.0,1.0,1.0,1.0,1.0
DiffSBDD,22,contact_clash_rule,DiffSBDD,4f1m-A-rec-4f1m-acp-lig-tt-min-0-pocket10_4f1m-A-rec-4f1m-acp-lig-tt-min-0,10,10,1.0,1.0,0.0,0.0,1.0,1.0,1.0,1.0,1.0,1.0
DiffSBDD,22,full_audit_gate_qedsa_fixed_budget,DiffSBDD,4f1m-A-rec-4f1m-acp-lig-tt-min-0-pocket10_4f1m-A-rec-4f1m-acp-lig-tt-min-0,10,10,1.0,1.0,0.0,0.0,1.0,1.0,1.0,1.0,1.0,1.0
DiffSBDD,22,full_audit_gate_qedsa_no_backfill,DiffSBDD,4f1m-A-rec-4f1m-acp-lig-tt-min-0-pocket10_4f1m-A-rec-4f1m-acp-lig-tt-min-0,10,10,1.0,1.0,0.0,0.0,1.0,1.0,1.0,1.0,1.0,1.0
DiffSBDD,22,audit_failure_count_qedsa,DiffSBDD,4f1m-A-rec-4f1m-acp-lig-tt-min-0-pocket10_4f1m-A-rec-4f1m-acp-lig-tt-min-0,10,10,1.0,1.0,0.0,0.0,1.0,1.0,1.0,1.0,1.0,1.0
DiffSBDD,22,phys_logreg_full,DiffSBDD,4f1m-A-rec-4f1m-acp-lig-tt-min-0-pocket10_4f1m-A-rec-4f1m-acp-lig-tt-min-0,10,10,1.0,1.0,0.0,0.0,1.0,1.0,1.0,1.0,1.0,1.0
DiffSBDD,22,phys_hgb_full,DiffSBDD,4f1m-A-rec-4f1m-acp-lig-tt-min-0-pocket10_4f1m-A-rec-4f1m-acp-lig-tt-min-0,10,10,1.0,1.0,0.0,0.0,1.0,1.0,1.0,1.0,1.0,1.0
DiffSBDD,22,phys_rf_direct_excluded,DiffSBDD,4f1m-A-rec-4f1m-acp-lig-tt-min-0-pocket10_4f1m-A-rec-4f1m-acp-lig-tt-min-0,10,10,1.0,1.0,0.0,0.0,1.0,1.0,1.0,1.0,1.0,1.0
DiffSBDD,22,phys_rf_full,DiffSBDD,4f1m-A-rec-4f1m-acp-lig-tt-min-0-pocket10_4f1m-A-rec-4f1m-acp-lig-tt-min-0,10,10,1.0,1.0,0.0,0.0,1.0,1.0,1.0,1.0,1.0,1.0
DiffSBDD,22,qed_sa,DiffSBDD,3u5y-B-rec-3u57-dh8-lig-tt-min-0-pocket10_3u5y-B-rec-3u57-dh8-lig-tt-min-0,10,10,1.0,0.9,99.99999999999997,100.0,0.9,1.0,1.0,1.0,1.0,1.0
DiffSBDD,22,contact_clash_rule,DiffSBDD,3u5y-B-rec-3u57-dh8-lig-tt-min-0-pocket10_3u5y-B-rec-3u57-dh8-lig-tt-min-0,10,10,1.0,1.0,0.0,0.0,1.0,1.0,1.0,1.0,1.0,1.0
DiffSBDD,22,full_audit_gate_qedsa_fixed_budget,DiffSBDD,3u5y-B-rec-3u57-dh8-lig-tt-min-0-pocket10_3u5y-B-rec-3u57-dh8-lig-tt-min-0,10,10,1.0,0.9,99.99999999999997,100.0,0.9,1.0,1.0,1.0,1.0,1.0
DiffSBDD,22,full_audit_gate_qedsa_no_backfill,DiffSBDD,3u5y-B-rec-3u57-dh8-lig-tt-min-0-pocket10_3u5y-B-rec-3u57-dh8-lig-tt-min-0,10,10,1.0,0.9,99.99999999999997,100.0,0.9,1.0,1.0,1.0,1.0,1.0
DiffSBDD,22,audit_failure_count_qedsa,DiffSBDD,3u5y-B-rec-3u57-dh8-lig-tt-min-0-pocket10_3u5y-B-rec-3u57-dh8-lig-tt-min-0,10,10,1.0,0.9,99.99999999999997,100.0,0.9,1.0,1.0,1.0,1.0,1.0
DiffSBDD,22,phys_logreg_full,DiffSBDD,3u5y-B-rec-3u57-dh8-lig-tt-min-0-pocket10_3u5y-B-rec-3u57-dh8-lig-tt-min-0,10,10,1.0,1.0,0.0,0.0,1.0,1.0,1.0,1.0,1.0,1.0
DiffSBDD,22,phys_hgb_full,DiffSBDD,3u5y-B-rec-3u57-dh8-lig-tt-min-0-pocket10_3u5y-B-rec-3u57-dh8-lig-tt-min-0,10,10,1.0,1.0,0.0,0.0,1.0,1.0,1.0,1.0,1.0,1.0
DiffSBDD,22,phys_rf_direct_excluded,DiffSBDD,3u5y-B-rec-3u57-dh8-lig-tt-min-0-pocket10_3u5y-B-rec-3u57-dh8-lig-tt-min-0,10,10,1.0,0.9,99.99999999999997,100.0,1.0,0.9,0.9,1.0,1.0,1.0
DiffSBDD,22,phys_rf_full,DiffSBDD,3u5y-B-rec-3u57-dh8-lig-tt-min-0-pocket10_3u5y-B-rec-3u57-dh8-lig-tt-min-0,10,10,1.0,1.0,0.0,0.0,1.0,1.0,1.0,1.0,1.0,1.0
DiffSBDD,22,qed_sa,DiffSBDD,4g3d-B-rec-4idv-13v-lig-tt-min-0-pocket10_4g3d-B-rec-4idv-13v-lig-tt-min-0,10,10,1.0,0.9,99.99999999999997,100.0,0.9,1.0,1.0,1.0,1.0,1.0
DiffSBDD,22,contact_clash_rule,DiffSBDD,4g3d-B-rec-4idv-13v-lig-tt-min-0-pocket10_4g3d-B-rec-4idv-13v-lig-tt-min-0,10,10,1.0,1.0,0.0,0.0,1.0,1.0,1.0,1.0,1.0,1.0
DiffSBDD,22,full_audit_gate_qedsa_fixed_budget,DiffSBDD,4g3d-B-rec-4idv-13v-lig-tt-min-0-pocket10_4g3d-B-rec-4idv-13v-lig-tt-min-0,10,10,1.0,0.9,99.99999999999997,100.0,0.9,1.0,1.0,1.0,1.0,1.0
DiffSBDD,22,full_audit_gate_qedsa_no_backfill,DiffSBDD,4g3d-B-rec-4idv-13v-lig-tt-min-0-pocket10_4g3d-B-rec-4idv-13v-lig-tt-min-0,10,10,1.0,0.9,99.99999999999997,100.0,0.9,1.0,1.0,1.0,1.0,1.0
DiffSBDD,22,audit_failure_count_qedsa,DiffSBDD,4g3d-B-rec-4idv-13v-lig-tt-min-0-pocket10_4g3d-B-rec-4idv-13v-lig-tt-min-0,10,10,1.0,0.9,99.99999999999997,100.0,0.9,1.0,1.0,1.0,1.0,1.0
DiffSBDD,22,phys_logreg_full,DiffSBDD,4g3d-B-rec-4idv-13v-lig-tt-min-0-pocket10_4g3d-B-rec-4idv-13v-lig-tt-min-0,10,10,1.0,1.0,0.0,0.0,1.0,1.0,1.0,1.0,1.0,1.0
DiffSBDD,22,phys_hgb_full,DiffSBDD,4g3d-B-rec-4idv-13v-lig-tt-min-0-pocket10_4g3d-B-rec-4idv-13v-lig-tt-min-0,10,10,1.0,1.0,0.0,0.0,1.0,1.0,1.0,1.0,1.0,1.0
DiffSBDD,22,phys_rf_direct_excluded,DiffSBDD,4g3d-B-rec-4idv-13v-lig-tt-min-0-pocket10_4g3d-B-rec-4idv-13v-lig-tt-min-0,10,10,1.0,1.0,0.0,0.0,1.0,1.0,1.0,1.0,1.0,1.0
DiffSBDD,22,phys_rf_full,DiffSBDD,4g3d-B-rec-4idv-13v-lig-tt-min-0-pocket10_4g3d-B-rec-4idv-13v-lig-tt-min-0,10,10,1.0,1.0,0.0,0.0,1.0,1.0,1.0,1.0,1.0,1.0
DiffSBDD,22,qed_sa,DiffSBDD,4gvd-A-rec-4nxr-ans-lig-tt-min-0-pocket10_4gvd-A-rec-4nxr-ans-lig-tt-min-0,10,10,1.0,1.0,0.0,0.0,1.0,1.0,1.0,1.0,1.0,1.0
DiffSBDD,22,contact_clash_rule,DiffSBDD,4gvd-A-rec-4nxr-ans-lig-tt-min-0-pocket10_4gvd-A-rec-4nxr-ans-lig-tt-min-0,10,10,1.0,0.9,99.99999999999997,100.0,1.0,0.9,0.9,1.0,0.9,1.0
DiffSBDD,22,full_audit_gate_qedsa_fixed_budget,DiffSBDD,4gvd-A-rec-4nxr-ans-lig-tt-min-0-pocket10_4gvd-A-rec-4nxr-ans-lig-tt-min-0,10,10,1.0,1.0,0.0,0.0,1.0,1.0,1.0,1.0,1.0,1.0
DiffSBDD,22,full_audit_gate_qedsa_no_backfill,DiffSBDD,4gvd-A-rec-4nxr-ans-lig-tt-min-0-pocket10_4gvd-A-rec-4nxr-ans-lig-tt-min-0,10,10,1.0,1.0,0.0,0.0,1.0,1.0,1.0,1.0,1.0,1.0
DiffSBDD,22,audit_failure_count_qedsa,DiffSBDD,4gvd-A-rec-4nxr-ans-lig-tt-min-0-pocket10_4gvd-A-rec-4nxr-ans-lig-tt-min-0,10,10,1.0,1.0,0.0,0.0,1.0,1.0,1.0,1.0,1.0,1.0
DiffSBDD,22,phys_logreg_full,DiffSBDD,4gvd-A-rec-4nxr-ans-lig-tt-min-0-pocket10_4gvd-A-rec-4nxr-ans-lig-tt-min-0,10,10,1.0,1.0,0.0,0.0,1.0,1.0,1.0,1.0,1.0,1.0
DiffSBDD,22,phys_hgb_full,DiffSBDD,4gvd-A-rec-4nxr-ans-lig-tt-min-0-pocket10_4gvd-A-rec-4nxr-ans-lig-tt-min-0,10,10,1.0,0.8,199.99999999999994,200.0,0.9,0.8888888888888888,1.0,1.0,0.8888888888888888,1.0
DiffSBDD,22,phys_rf_direct_excluded,DiffSBDD,4gvd-A-rec-4nxr-ans-lig-tt-min-0-pocket10_4gvd-A-rec-4nxr-ans-lig-tt-min-0,10,10,1.0,0.9,99.99999999999997,100.0,1.0,0.9,1.0,1.0,0.9,1.0
DiffSBDD,22,phys_rf_full,DiffSBDD,4gvd-A-rec-4nxr-ans-lig-tt-min-0-pocket10_4gvd-A-rec-4nxr-ans-lig-tt-min-0,10,10,1.0,0.9,99.99999999999997,100.0,1.0,0.9,1.0,1.0,0.9,1.0
DiffSBDD,22,qed_sa,DiffSBDD,4h3c-A-rec-5cqj-53q-lig-tt-docked-2-pocket10_4h3c-A-rec-5cqj-53q-lig-tt-docked-2,10,10,1.0,1.0,0.0,0.0,1.0,1.0,1.0,1.0,1.0,1.0
DiffSBDD,22,contact_clash_rule,DiffSBDD,4h3c-A-rec-5cqj-53q-lig-tt-docked-2-pocket10_4h3c-A-rec-5cqj-53q-lig-tt-docked-2,10,10,1.0,1.0,0.0,0.0,1.0,1.0,1.0,1.0,1.0,1.0
DiffSBDD,22,full_audit_gate_qedsa_fixed_budget,DiffSBDD,4h3c-A-rec-5cqj-53q-lig-tt-docked-2-pocket10_4h3c-A-rec-5cqj-53q-lig-tt-docked-2,10,10,1.0,1.0,0.0,0.0,1.0,1.0,1.0,1.0,1.0,1.0
DiffSBDD,22,full_audit_gate_qedsa_no_backfill,DiffSBDD,4h3c-A-rec-5cqj-53q-lig-tt-docked-2-pocket10_4h3c-A-rec-5cqj-53q-lig-tt-docked-2,10,10,1.0,1.0,0.0,0.0,1.0,1.0,1.0,1.0,1.0,1.0
DiffSBDD,22,audit_failure_count_qedsa,DiffSBDD,4h3c-A-rec-5cqj-53q-lig-tt-docked-2-pocket10_4h3c-A-rec-5cqj-53q-lig-tt-docked-2,10,10,1.0,1.0,0.0,0.0,1.0,1.0,1.0,1.0,1.0,1.0
DiffSBDD,22,phys_logreg_full,DiffSBDD,4h3c-A-rec-5cqj-53q-lig-tt-docked-2-pocket10_4h3c-A-rec-5cqj-53q-lig-tt-docked-2,10,10,1.0,0.9,99.99999999999997,100.0,1.0,0.9,1.0,1.0,0.9,1.0
DiffSBDD,22,phys_hgb_full,DiffSBDD,4h3c-A-rec-5cqj-53q-lig-tt-docked-2-pocket10_4h3c-A-rec-5cqj-53q-lig-tt-docked-2,10,10,1.0,1.0,0.0,0.0,1.0,1.0,1.0,1.0,1.0,1.0
DiffSBDD,22,phys_rf_direct_excluded,DiffSBDD,4h3c-A-rec-5cqj-53q-lig-tt-docked-2-pocket10_4h3c-A-rec-5cqj-53q-lig-tt-docked-2,10,10,1.0,1.0,0.0,0.0,1.0,1.0,1.0,1.0,1.0,1.0
DiffSBDD,22,phys_rf_full,DiffSBDD,4h3c-A-rec-5cqj-53q-lig-tt-docked-2-pocket10_4h3c-A-rec-5cqj-53q-lig-tt-docked-2,10,10,1.0,1.0,0.0,0.0,1.0,1.0,1.0,1.0,1.0,1.0
DiffSBDD,22,qed_sa,DiffSBDD,4q8b-B-rec-4q8b-sxx-lig-tt-min-0-pocket10_4q8b-B-rec-4q8b-sxx-lig-tt-min-0,10,10,1.0,0.9,99.99999999999997,100.0,1.0,0.9,1.0,0.9,1.0,1.0
DiffSBDD,22,contact_clash_rule,DiffSBDD,4q8b-B-rec-4q8b-sxx-lig-tt-min-0-pocket10_4q8b-B-rec-4q8b-sxx-lig-tt-min-0,10,10,1.0,0.9,99.99999999999997,100.0,1.0,0.9,1.0,0.9,1.0,1.0
DiffSBDD,22,full_audit_gate_qedsa_fixed_budget,DiffSBDD,4q8b-B-rec-4q8b-sxx-lig-tt-min-0-pocket10_4q8b-B-rec-4q8b-sxx-lig-tt-min-0,10,10,1.0,0.9,99.99999999999997,100.0,1.0,0.9,1.0,0.9,1.0,1.0
DiffSBDD,22,full_audit_gate_qedsa_no_backfill,DiffSBDD,4q8b-B-rec-4q8b-sxx-lig-tt-min-0-pocket10_4q8b-B-rec-4q8b-sxx-lig-tt-min-0,10,10,1.0,0.9,99.99999999999997,100.0,1.0,0.9,1.0,0.9,1.0,1.0
DiffSBDD,22,audit_failure_count_qedsa,DiffSBDD,4q8b-B-rec-4q8b-sxx-lig-tt-min-0-pocket10_4q8b-B-rec-4q8b-sxx-lig-tt-min-0,10,10,1.0,0.9,99.99999999999997,100.0,1.0,0.9,1.0,0.9,1.0,1.0
DiffSBDD,22,phys_logreg_full,DiffSBDD,4q8b-B-rec-4q8b-sxx-lig-tt-min-0-pocket10_4q8b-B-rec-4q8b-sxx-lig-tt-min-0,10,10,1.0,1.0,0.0,0.0,1.0,1.0,1.0,1.0,1.0,1.0
DiffSBDD,22,phys_hgb_full,DiffSBDD,4q8b-B-rec-4q8b-sxx-lig-tt-min-0-pocket10_4q8b-B-rec-4q8b-sxx-lig-tt-min-0,10,10,1.0,1.0,0.0,0.0,1.0,1.0,1.0,1.0,1.0,1.0
DiffSBDD,22,phys_rf_direct_excluded,DiffSBDD,4q8b-B-rec-4q8b-sxx-lig-tt-min-0-pocket10_4q8b-B-rec-4q8b-sxx-lig-tt-min-0,10,10,1.0,0.9,99.99999999999997,100.0,1.0,0.9,0.9,1.0,1.0,1.0
DiffSBDD,22,phys_rf_full,DiffSBDD,4q8b-B-rec-4q8b-sxx-lig-tt-min-0-pocket10_4q8b-B-rec-4q8b-sxx-lig-tt-min-0,10,10,1.0,1.0,0.0,0.0,1.0,1.0,1.0,1.0,1.0,1.0
DiffSBDD,22,qed_sa,DiffSBDD,4u5s-A-rec-4u54-3c5-lig-tt-min-0-pocket10_4u5s-A-rec-4u54-3c5-lig-tt-min-0,10,10,1.0,0.8,199.99999999999994,200.0,1.0,0.8,0.9,0.9,0.9,1.0
DiffSBDD,22,contact_clash_rule,DiffSBDD,4u5s-A-rec-4u54-3c5-lig-tt-min-0-pocket10_4u5s-A-rec-4u54-3c5-lig-tt-min-0,10,10,1.0,0.6,400.0,400.0,1.0,0.6,0.9,0.8,0.7,1.0
DiffSBDD,22,full_audit_gate_qedsa_fixed_budget,DiffSBDD,4u5s-A-rec-4u54-3c5-lig-tt-min-0-pocket10_4u5s-A-rec-4u54-3c5-lig-tt-min-0,10,10,1.0,0.8,199.99999999999994,200.0,1.0,0.8,0.9,0.9,0.9,1.0
DiffSBDD,22,full_audit_gate_qedsa_no_backfill,DiffSBDD,4u5s-A-rec-4u54-3c5-lig-tt-min-0-pocket10_4u5s-A-rec-4u54-3c5-lig-tt-min-0,10,10,1.0,0.8,199.99999999999994,200.0,1.0,0.8,0.9,0.9,0.9,1.0
DiffSBDD,22,audit_failure_count_qedsa,DiffSBDD,4u5s-A-rec-4u54-3c5-lig-tt-min-0-pocket10_4u5s-A-rec-4u54-3c5-lig-tt-min-0,10,10,1.0,0.8,199.99999999999994,200.0,1.0,0.8,0.9,0.9,0.9,1.0
DiffSBDD,22,phys_logreg_full,DiffSBDD,4u5s-A-rec-4u54-3c5-lig-tt-min-0-pocket10_4u5s-A-rec-4u54-3c5-lig-tt-min-0,10,10,1.0,1.0,0.0,0.0,1.0,1.0,1.0,1.0,1.0,1.0
DiffSBDD,22,phys_hgb_full,DiffSBDD,4u5s-A-rec-4u54-3c5-lig-tt-min-0-pocket10_4u5s-A-rec-4u54-3c5-lig-tt-min-0,10,10,1.0,1.0,0.0,0.0,1.0,1.0,1.0,1.0,1.0,1.0
DiffSBDD,22,phys_rf_direct_excluded,DiffSBDD,4u5s-A-rec-4u54-3c5-lig-tt-min-0-pocket10_4u5s-A-rec-4u54-3c5-lig-tt-min-0,10,10,1.0,1.0,0.0,0.0,1.0,1.0,1.0,1.0,1.0,1.0
DiffSBDD,22,phys_rf_full,DiffSBDD,4u5s-A-rec-4u54-3c5-lig-tt-min-0-pocket10_4u5s-A-rec-4u54-3c5-lig-tt-min-0,10,10,1.0,1.0,0.0,0.0,1.0,1.0,1.0,1.0,1.0,1.0
DiffSBDD,22,qed_sa,DiffSBDD,4rn0-B-rec-4rn1-l8g-lig-tt-min-0-pocket10_4rn0-B-rec-4rn1-l8g-lig-tt-min-0,10,10,1.0,0.9,99.99999999999997,100.0,1.0,0.9,1.0,0.9,0.9,1.0
DiffSBDD,22,contact_clash_rule,DiffSBDD,4rn0-B-rec-4rn1-l8g-lig-tt-min-0-pocket10_4rn0-B-rec-4rn1-l8g-lig-tt-min-0,10,10,1.0,0.6,400.0,400.0,0.9,0.6666666666666666,1.0,0.7777777777777778,0.6666666666666666,1.0
DiffSBDD,22,full_audit_gate_qedsa_fixed_budget,DiffSBDD,4rn0-B-rec-4rn1-l8g-lig-tt-min-0-pocket10_4rn0-B-rec-4rn1-l8g-lig-tt-min-0,10,10,1.0,1.0,0.0,0.0,1.0,1.0,1.0,1.0,1.0,1.0
DiffSBDD,22,full_audit_gate_qedsa_no_backfill,DiffSBDD,4rn0-B-rec-4rn1-l8g-lig-tt-min-0-pocket10_4rn0-B-rec-4rn1-l8g-lig-tt-min-0,10,10,1.0,1.0,0.0,0.0,1.0,1.0,1.0,1.0,1.0,1.0
DiffSBDD,22,audit_failure_count_qedsa,DiffSBDD,4rn0-B-rec-4rn1-l8g-lig-tt-min-0-pocket10_4rn0-B-rec-4rn1-l8g-lig-tt-min-0,10,10,1.0,1.0,0.0,0.0,1.0,1.0,1.0,1.0,1.0,1.0
DiffSBDD,22,phys_logreg_full,DiffSBDD,4rn0-B-rec-4rn1-l8g-lig-tt-min-0-pocket10_4rn0-B-rec-4rn1-l8g-lig-tt-min-0,10,10,1.0,1.0,0.0,0.0,1.0,1.0,1.0,1.0,1.0,1.0
DiffSBDD,22,phys_hgb_full,DiffSBDD,4rn0-B-rec-4rn1-l8g-lig-tt-min-0-pocket10_4rn0-B-rec-4rn1-l8g-lig-tt-min-0,10,10,1.0,1.0,0.0,0.0,1.0,1.0,1.0,1.0,1.0,1.0
DiffSBDD,22,phys_rf_direct_excluded,DiffSBDD,4rn0-B-rec-4rn1-l8g-lig-tt-min-0-pocket10_4rn0-B-rec-4rn1-l8g-lig-tt-min-0,10,10,1.0,1.0,0.0,0.0,1.0,1.0,1.0,1.0,1.0,1.0
DiffSBDD,22,phys_rf_full,DiffSBDD,4rn0-B-rec-4rn1-l8g-lig-tt-min-0-pocket10_4rn0-B-rec-4rn1-l8g-lig-tt-min-0,10,10,1.0,1.0,0.0,0.0,1.0,1.0,1.0,1.0,1.0,1.0
DiffSBDD,22,qed_sa,DiffSBDD,4iiy-A-rec-3tle-gsu-lig-tt-docked-12-pocket10_4iiy-A-rec-3tle-gsu-lig-tt-docked-12,10,10,1.0,0.9,99.99999999999997,100.0,1.0,0.9,1.0,1.0,0.9,1.0
DiffSBDD,22,contact_clash_rule,DiffSBDD,4iiy-A-rec-3tle-gsu-lig-tt-docked-12-pocket10_4iiy-A-rec-3tle-gsu-lig-tt-docked-12,10,10,1.0,0.9,99.99999999999997,100.0,1.0,0.9,1.0,1.0,0.9,1.0
DiffSBDD,22,full_audit_gate_qedsa_fixed_budget,DiffSBDD,4iiy-A-rec-3tle-gsu-lig-tt-docked-12-pocket10_4iiy-A-rec-3tle-gsu-lig-tt-docked-12,10,10,1.0,0.9,99.99999999999997,100.0,1.0,0.9,1.0,1.0,0.9,1.0
DiffSBDD,22,full_audit_gate_qedsa_no_backfill,DiffSBDD,4iiy-A-rec-3tle-gsu-lig-tt-docked-12-pocket10_4iiy-A-rec-3tle-gsu-lig-tt-docked-12,10,10,1.0,0.9,99.99999999999997,100.0,1.0,0.9,1.0,1.0,0.9,1.0
DiffSBDD,22,audit_failure_count_qedsa,DiffSBDD,4iiy-A-rec-3tle-gsu-lig-tt-docked-12-pocket10_4iiy-A-rec-3tle-gsu-lig-tt-docked-12,10,10,1.0,0.9,99.99999999999997,100.0,1.0,0.9,1.0,1.0,0.9,1.0
DiffSBDD,22,phys_logreg_full,DiffSBDD,4iiy-A-rec-3tle-gsu-lig-tt-docked-12-pocket10_4iiy-A-rec-3tle-gsu-lig-tt-docked-12,10,10,1.0,1.0,0.0,0.0,1.0,1.0,1.0,1.0,1.0,1.0
DiffSBDD,22,phys_hgb_full,DiffSBDD,4iiy-A-rec-3tle-gsu-lig-tt-docked-12-pocket10_4iiy-A-rec-3tle-gsu-lig-tt-docked-12,10,10,1.0,1.0,0.0,0.0,1.0,1.0,1.0,1.0,1.0,1.0
DiffSBDD,22,phys_rf_direct_excluded,DiffSBDD,4iiy-A-rec-3tle-gsu-lig-tt-docked-12-pocket10_4iiy-A-rec-3tle-gsu-lig-tt-docked-12,10,10,1.0,0.9,99.99999999999997,100.0,1.0,0.9,0.9,1.0,1.0,1.0
DiffSBDD,22,phys_rf_full,DiffSBDD,4iiy-A-rec-3tle-gsu-lig-tt-docked-12-pocket10_4iiy-A-rec-3tle-gsu-lig-tt-docked-12,10,10,1.0,0.9,99.99999999999997,100.0,1.0,0.9,0.9,1.0,1.0,1.0
DiffSBDD,22,qed_sa,DiffSBDD,4tqr-A-rec-2xca-doc-lig-tt-min-0-pocket10_4tqr-A-rec-2xca-doc-lig-tt-min-0,10,10,1.0,0.7,300.00000000000006,300.0,1.0,0.7,1.0,0.7,0.7,1.0
DiffSBDD,22,contact_clash_rule,DiffSBDD,4tqr-A-rec-2xca-doc-lig-tt-min-0-pocket10_4tqr-A-rec-2xca-doc-lig-tt-min-0,10,10,1.0,0.9,99.99999999999997,100.0,1.0,0.9,1.0,1.0,0.9,1.0
DiffSBDD,22,full_audit_gate_qedsa_fixed_budget,DiffSBDD,4tqr-A-rec-2xca-doc-lig-tt-min-0-pocket10_4tqr-A-rec-2xca-doc-lig-tt-min-0,10,10,1.0,1.0,0.0,0.0,1.0,1.0,1.0,1.0,1.0,1.0
DiffSBDD,22,full_audit_gate_qedsa_no_backfill,DiffSBDD,4tqr-A-rec-2xca-doc-lig-tt-min-0-pocket10_4tqr-A-rec-2xca-doc-lig-tt-min-0,10,10,1.0,1.0,0.0,0.0,1.0,1.0,1.0,1.0,1.0,1.0
DiffSBDD,22,audit_failure_count_qedsa,DiffSBDD,4tqr-A-rec-2xca-doc-lig-tt-min-0-pocket10_4tqr-A-rec-2xca-doc-lig-tt-min-0,10,10,1.0,1.0,0.0,0.0,1.0,1.0,1.0,1.0,1.0,1.0
DiffSBDD,22,phys_logreg_full,DiffSBDD,4tqr-A-rec-2xca-doc-lig-tt-min-0-pocket10_4tqr-A-rec-2xca-doc-lig-tt-min-0,10,10,1.0,1.0,0.0,0.0,1.0,1.0,1.0,1.0,1.0,1.0
DiffSBDD,22,phys_hgb_full,DiffSBDD,4tqr-A-rec-2xca-doc-lig-tt-min-0-pocket10_4tqr-A-rec-2xca-doc-lig-tt-min-0,10,10,1.0,0.9,99.99999999999997,100.0,1.0,0.9,0.9,1.0,1.0,1.0
DiffSBDD,22,phys_rf_direct_excluded,DiffSBDD,4tqr-A-rec-2xca-doc-lig-tt-min-0-pocket10_4tqr-A-rec-2xca-doc-lig-tt-min-0,10,10,1.0,1.0,0.0,0.0,1.0,1.0,1.0,1.0,1.0,1.0
DiffSBDD,22,phys_rf_full,DiffSBDD,4tqr-A-rec-2xca-doc-lig-tt-min-0-pocket10_4tqr-A-rec-2xca-doc-lig-tt-min-0,10,10,1.0,1.0,0.0,0.0,1.0,1.0,1.0,1.0,1.0,1.0
DiffSBDD,22,qed_sa,DiffSBDD,4rv4-A-rec-4rv4-prp-lig-tt-docked-2-pocket10_4rv4-A-rec-4rv4-prp-lig-tt-docked-2,10,10,1.0,0.8,199.99999999999994,200.0,1.0,0.8,0.9,1.0,0.9,1.0
DiffSBDD,22,contact_clash_rule,DiffSBDD,4rv4-A-rec-4rv4-prp-lig-tt-docked-2-pocket10_4rv4-A-rec-4rv4-prp-lig-tt-docked-2,10,10,1.0,0.9,99.99999999999997,100.0,1.0,0.9,0.9,1.0,1.0,1.0
DiffSBDD,22,full_audit_gate_qedsa_fixed_budget,DiffSBDD,4rv4-A-rec-4rv4-prp-lig-tt-docked-2-pocket10_4rv4-A-rec-4rv4-prp-lig-tt-docked-2,10,10,1.0,0.8,199.99999999999994,200.0,1.0,0.8,0.9,1.0,0.9,1.0
DiffSBDD,22,full_audit_gate_qedsa_no_backfill,DiffSBDD,4rv4-A-rec-4rv4-prp-lig-tt-docked-2-pocket10_4rv4-A-rec-4rv4-prp-lig-tt-docked-2,10,10,1.0,0.8,199.99999999999994,200.0,1.0,0.8,0.9,1.0,0.9,1.0
DiffSBDD,22,audit_failure_count_qedsa,DiffSBDD,4rv4-A-rec-4rv4-prp-lig-tt-docked-2-pocket10_4rv4-A-rec-4rv4-prp-lig-tt-docked-2,10,10,1.0,0.8,199.99999999999994,200.0,1.0,0.8,0.9,1.0,0.9,1.0
DiffSBDD,22,phys_logreg_full,DiffSBDD,4rv4-A-rec-4rv4-prp-lig-tt-docked-2-pocket10_4rv4-A-rec-4rv4-prp-lig-tt-docked-2,10,10,1.0,0.9,99.99999999999997,100.0,1.0,0.9,0.9,1.0,1.0,1.0
DiffSBDD,22,phys_hgb_full,DiffSBDD,4rv4-A-rec-4rv4-prp-lig-tt-docked-2-pocket10_4rv4-A-rec-4rv4-prp-lig-tt-docked-2,10,10,1.0,0.9,99.99999999999997,100.0,1.0,0.9,1.0,1.0,0.9,1.0
DiffSBDD,22,phys_rf_direct_excluded,DiffSBDD,4rv4-A-rec-4rv4-prp-lig-tt-docked-2-pocket10_4rv4-A-rec-4rv4-prp-lig-tt-docked-2,10,10,1.0,1.0,0.0,0.0,1.0,1.0,1.0,1.0,1.0,1.0
DiffSBDD,22,phys_rf_full,DiffSBDD,4rv4-A-rec-4rv4-prp-lig-tt-docked-2-pocket10_4rv4-A-rec-4rv4-prp-lig-tt-docked-2,10,10,1.0,1.0,0.0,0.0,1.0,1.0,1.0,1.0,1.0,1.0
DiffSBDD,22,qed_sa,DiffSBDD,4lfu-A-rec-4y13-480-lig-tt-min-0-pocket10_4lfu-A-rec-4y13-480-lig-tt-min-0,10,10,1.0,1.0,0.0,0.0,1.0,1.0,1.0,1.0,1.0,1.0
DiffSBDD,22,contact_clash_rule,DiffSBDD,4lfu-A-rec-4y13-480-lig-tt-min-0-pocket10_4lfu-A-rec-4y13-480-lig-tt-min-0,10,10,1.0,1.0,0.0,0.0,1.0,1.0,1.0,1.0,1.0,1.0
DiffSBDD,22,full_audit_gate_qedsa_fixed_budget,DiffSBDD,4lfu-A-rec-4y13-480-lig-tt-min-0-pocket10_4lfu-A-rec-4y13-480-lig-tt-min-0,10,10,1.0,1.0,0.0,0.0,1.0,1.0,1.0,1.0,1.0,1.0
DiffSBDD,22,full_audit_gate_qedsa_no_backfill,DiffSBDD,4lfu-A-rec-4y13-480-lig-tt-min-0-pocket10_4lfu-A-rec-4y13-480-lig-tt-min-0,10,10,1.0,1.0,0.0,0.0,1.0,1.0,1.0,1.0,1.0,1.0
DiffSBDD,22,audit_failure_count_qedsa,DiffSBDD,4lfu-A-rec-4y13-480-lig-tt-min-0-pocket10_4lfu-A-rec-4y13-480-lig-tt-min-0,10,10,1.0,1.0,0.0,0.0,1.0,1.0,1.0,1.0,1.0,1.0
DiffSBDD,22,phys_logreg_full,DiffSBDD,4lfu-A-rec-4y13-480-lig-tt-min-0-pocket10_4lfu-A-rec-4y13-480-lig-tt-min-0,10,10,1.0,1.0,0.0,0.0,1.0,1.0,1.0,1.0,1.0,1.0
DiffSBDD,22,phys_hgb_full,DiffSBDD,4lfu-A-rec-4y13-480-lig-tt-min-0-pocket10_4lfu-A-rec-4y13-480-lig-tt-min-0,10,10,1.0,1.0,0.0,0.0,1.0,1.0,1.0,1.0,1.0,1.0
DiffSBDD,22,phys_rf_direct_excluded,DiffSBDD,4lfu-A-rec-4y13-480-lig-tt-min-0-pocket10_4lfu-A-rec-4y13-480-lig-tt-min-0,10,10,1.0,1.0,0.0,0.0,1.0,1.0,1.0,1.0,1.0,1.0
DiffSBDD,22,phys_rf_full,DiffSBDD,4lfu-A-rec-4y13-480-lig-tt-min-0-pocket10_4lfu-A-rec-4y13-480-lig-tt-min-0,10,10,1.0,1.0,0.0,0.0,1.0,1.0,1.0,1.0,1.0,1.0
DiffSBDD,22,qed_sa,DiffSBDD,4pxz-A-rec-4pxz-6ad-lig-tt-min-0-pocket10_4pxz-A-rec-4pxz-6ad-lig-tt-min-0,10,10,1.0,1.0,0.0,0.0,1.0,1.0,1.0,1.0,1.0,1.0
DiffSBDD,22,contact_clash_rule,DiffSBDD,4pxz-A-rec-4pxz-6ad-lig-tt-min-0-pocket10_4pxz-A-rec-4pxz-6ad-lig-tt-min-0,10,10,1.0,1.0,0.0,0.0,1.0,1.0,1.0,1.0,1.0,1.0
DiffSBDD,22,full_audit_gate_qedsa_fixed_budget,DiffSBDD,4pxz-A-rec-4pxz-6ad-lig-tt-min-0-pocket10_4pxz-A-rec-4pxz-6ad-lig-tt-min-0,10,10,1.0,1.0,0.0,0.0,1.0,1.0,1.0,1.0,1.0,1.0
DiffSBDD,22,full_audit_gate_qedsa_no_backfill,DiffSBDD,4pxz-A-rec-4pxz-6ad-lig-tt-min-0-pocket10_4pxz-A-rec-4pxz-6ad-lig-tt-min-0,10,10,1.0,1.0,0.0,0.0,1.0,1.0,1.0,1.0,1.0,1.0
DiffSBDD,22,audit_failure_count_qedsa,DiffSBDD,4pxz-A-rec-4pxz-6ad-lig-tt-min-0-pocket10_4pxz-A-rec-4pxz-6ad-lig-tt-min-0,10,10,1.0,1.0,0.0,0.0,1.0,1.0,1.0,1.0,1.0,1.0
DiffSBDD,22,phys_logreg_full,DiffSBDD,4pxz-A-rec-4pxz-6ad-lig-tt-min-0-pocket10_4pxz-A-rec-4pxz-6ad-lig-tt-min-0,10,10,1.0,1.0,0.0,0.0,1.0,1.0,1.0,1.0,1.0,1.0
DiffSBDD,22,phys_hgb_full,DiffSBDD,4pxz-A-rec-4pxz-6ad-lig-tt-min-0-pocket10_4pxz-A-rec-4pxz-6ad-lig-tt-min-0,10,10,1.0,1.0,0.0,0.0,1.0,1.0,1.0,1.0,1.0,1.0
DiffSBDD,22,phys_rf_direct_excluded,DiffSBDD,4pxz-A-rec-4pxz-6ad-lig-tt-min-0-pocket10_4pxz-A-rec-4pxz-6ad-lig-tt-min-0,10,10,1.0,1.0,0.0,0.0,1.0,1.0,1.0,1.0,1.0,1.0
DiffSBDD,22,phys_rf_full,DiffSBDD,4pxz-A-rec-4pxz-6ad-lig-tt-min-0-pocket10_4pxz-A-rec-4pxz-6ad-lig-tt-min-0,10,10,1.0,1.0,0.0,0.0,1.0,1.0,1.0,1.0,1.0,1.0
DiffSBDD,22,qed_sa,DiffSBDD,4iwq-A-rec-4jlc-su6-lig-tt-min-0-pocket10_4iwq-A-rec-4jlc-su6-lig-tt-min-0,10,10,1.0,0.8,199.99999999999994,200.0,1.0,0.8,0.8,1.0,1.0,1.0
DiffSBDD,22,contact_clash_rule,DiffSBDD,4iwq-A-rec-4jlc-su6-lig-tt-min-0-pocket10_4iwq-A-rec-4jlc-su6-lig-tt-min-0,10,10,1.0,0.8,199.99999999999994,200.0,1.0,0.8,0.8,1.0,1.0,1.0
DiffSBDD,22,full_audit_gate_qedsa_fixed_budget,DiffSBDD,4iwq-A-rec-4jlc-su6-lig-tt-min-0-pocket10_4iwq-A-rec-4jlc-su6-lig-tt-min-0,10,10,1.0,0.8,199.99999999999994,200.0,1.0,0.8,0.8,1.0,1.0,1.0
DiffSBDD,22,full_audit_gate_qedsa_no_backfill,DiffSBDD,4iwq-A-rec-4jlc-su6-lig-tt-min-0-pocket10_4iwq-A-rec-4jlc-su6-lig-tt-min-0,10,10,1.0,0.8,199.99999999999994,200.0,1.0,0.8,0.8,1.0,1.0,1.0
DiffSBDD,22,audit_failure_count_qedsa,DiffSBDD,4iwq-A-rec-4jlc-su6-lig-tt-min-0-pocket10_4iwq-A-rec-4jlc-su6-lig-tt-min-0,10,10,1.0,0.8,199.99999999999994,200.0,1.0,0.8,0.8,1.0,1.0,1.0
DiffSBDD,22,phys_logreg_full,DiffSBDD,4iwq-A-rec-4jlc-su6-lig-tt-min-0-pocket10_4iwq-A-rec-4jlc-su6-lig-tt-min-0,10,10,1.0,1.0,0.0,0.0,1.0,1.0,1.0,1.0,1.0,1.0
DiffSBDD,22,phys_hgb_full,DiffSBDD,4iwq-A-rec-4jlc-su6-lig-tt-min-0-pocket10_4iwq-A-rec-4jlc-su6-lig-tt-min-0,10,10,1.0,0.9,99.99999999999997,100.0,1.0,0.9,0.9,1.0,1.0,1.0
DiffSBDD,22,phys_rf_direct_excluded,DiffSBDD,4iwq-A-rec-4jlc-su6-lig-tt-min-0-pocket10_4iwq-A-rec-4jlc-su6-lig-tt-min-0,10,10,1.0,1.0,0.0,0.0,1.0,1.0,1.0,1.0,1.0,1.0
DiffSBDD,22,phys_rf_full,DiffSBDD,4iwq-A-rec-4jlc-su6-lig-tt-min-0-pocket10_4iwq-A-rec-4jlc-su6-lig-tt-min-0,10,10,1.0,1.0,0.0,0.0,1.0,1.0,1.0,1.0,1.0,1.0
DiffSBDD,22,qed_sa,DiffSBDD,4p6p-A-rec-4p77-5rp-lig-tt-docked-0-pocket10_4p6p-A-rec-4p77-5rp-lig-tt-docked-0,10,10,1.0,0.9,99.99999999999997,100.0,1.0,0.9,1.0,0.9,0.9,1.0
DiffSBDD,22,contact_clash_rule,DiffSBDD,4p6p-A-rec-4p77-5rp-lig-tt-docked-0-pocket10_4p6p-A-rec-4p77-5rp-lig-tt-docked-0,10,10,1.0,0.9,99.99999999999997,100.0,1.0,0.9,0.9,1.0,1.0,1.0
DiffSBDD,22,full_audit_gate_qedsa_fixed_budget,DiffSBDD,4p6p-A-rec-4p77-5rp-lig-tt-docked-0-pocket10_4p6p-A-rec-4p77-5rp-lig-tt-docked-0,10,10,1.0,0.9,99.99999999999997,100.0,1.0,0.9,1.0,0.9,0.9,1.0
DiffSBDD,22,full_audit_gate_qedsa_no_backfill,DiffSBDD,4p6p-A-rec-4p77-5rp-lig-tt-docked-0-pocket10_4p6p-A-rec-4p77-5rp-lig-tt-docked-0,10,10,1.0,0.9,99.99999999999997,100.0,1.0,0.9,1.0,0.9,0.9,1.0
DiffSBDD,22,audit_failure_count_qedsa,DiffSBDD,4p6p-A-rec-4p77-5rp-lig-tt-docked-0-pocket10_4p6p-A-rec-4p77-5rp-lig-tt-docked-0,10,10,1.0,0.9,99.99999999999997,100.0,1.0,0.9,1.0,0.9,0.9,1.0
DiffSBDD,22,phys_logreg_full,DiffSBDD,4p6p-A-rec-4p77-5rp-lig-tt-docked-0-pocket10_4p6p-A-rec-4p77-5rp-lig-tt-docked-0,10,10,1.0,1.0,0.0,0.0,1.0,1.0,1.0,1.0,1.0,1.0
DiffSBDD,22,phys_hgb_full,DiffSBDD,4p6p-A-rec-4p77-5rp-lig-tt-docked-0-pocket10_4p6p-A-rec-4p77-5rp-lig-tt-docked-0,10,10,1.0,1.0,0.0,0.0,1.0,1.0,1.0,1.0,1.0,1.0
DiffSBDD,22,phys_rf_direct_excluded,DiffSBDD,4p6p-A-rec-4p77-5rp-lig-tt-docked-0-pocket10_4p6p-A-rec-4p77-5rp-lig-tt-docked-0,10,10,1.0,1.0,0.0,0.0,1.0,1.0,1.0,1.0,1.0,1.0
DiffSBDD,22,phys_rf_full,DiffSBDD,4p6p-A-rec-4p77-5rp-lig-tt-docked-0-pocket10_4p6p-A-rec-4p77-5rp-lig-tt-docked-0,10,10,1.0,1.0,0.0,0.0,1.0,1.0,1.0,1.0,1.0,1.0
DiffSBDD,22,qed_sa,DiffSBDD,4kcq-A-rec-4cwv-hw8-lig-tt-min-0-pocket10_4kcq-A-rec-4cwv-hw8-lig-tt-min-0,10,10,1.0,0.9,99.99999999999997,100.0,1.0,0.9,1.0,1.0,0.9,1.0
DiffSBDD,22,contact_clash_rule,DiffSBDD,4kcq-A-rec-4cwv-hw8-lig-tt-min-0-pocket10_4kcq-A-rec-4cwv-hw8-lig-tt-min-0,10,10,1.0,0.9,99.99999999999997,100.0,1.0,0.9,1.0,1.0,0.9,1.0
DiffSBDD,22,full_audit_gate_qedsa_fixed_budget,DiffSBDD,4kcq-A-rec-4cwv-hw8-lig-tt-min-0-pocket10_4kcq-A-rec-4cwv-hw8-lig-tt-min-0,10,10,1.0,0.9,99.99999999999997,100.0,1.0,0.9,1.0,1.0,0.9,1.0
DiffSBDD,22,full_audit_gate_qedsa_no_backfill,DiffSBDD,4kcq-A-rec-4cwv-hw8-lig-tt-min-0-pocket10_4kcq-A-rec-4cwv-hw8-lig-tt-min-0,10,10,1.0,0.9,99.99999999999997,100.0,1.0,0.9,1.0,1.0,0.9,1.0
DiffSBDD,22,audit_failure_count_qedsa,DiffSBDD,4kcq-A-rec-4cwv-hw8-lig-tt-min-0-pocket10_4kcq-A-rec-4cwv-hw8-lig-tt-min-0,10,10,1.0,0.9,99.99999999999997,100.0,1.0,0.9,1.0,1.0,0.9,1.0
DiffSBDD,22,phys_logreg_full,DiffSBDD,4kcq-A-rec-4cwv-hw8-lig-tt-min-0-pocket10_4kcq-A-rec-4cwv-hw8-lig-tt-min-0,10,10,1.0,0.9,99.99999999999997,100.0,1.0,0.9,0.9,1.0,1.0,1.0
DiffSBDD,22,phys_hgb_full,DiffSBDD,4kcq-A-rec-4cwv-hw8-lig-tt-min-0-pocket10_4kcq-A-rec-4cwv-hw8-lig-tt-min-0,10,10,1.0,0.9,99.99999999999997,100.0,1.0,0.9,1.0,1.0,0.9,1.0
DiffSBDD,22,phys_rf_direct_excluded,DiffSBDD,4kcq-A-rec-4cwv-hw8-lig-tt-min-0-pocket10_4kcq-A-rec-4cwv-hw8-lig-tt-min-0,10,10,1.0,0.9,99.99999999999997,100.0,1.0,0.9,1.0,1.0,0.9,1.0
DiffSBDD,22,phys_rf_full,DiffSBDD,4kcq-A-rec-4cwv-hw8-lig-tt-min-0-pocket10_4kcq-A-rec-4cwv-hw8-lig-tt-min-0,10,10,1.0,0.9,99.99999999999997,100.0,1.0,0.9,1.0,1.0,0.9,1.0
DiffSBDD,22,qed_sa,DiffSBDD,4m7t-A-rec-4m7t-sam-lig-tt-min-0-pocket10_4m7t-A-rec-4m7t-sam-lig-tt-min-0,10,10,1.0,0.0,1000.0,1000.0,0.0,,,,,
DiffSBDD,22,contact_clash_rule,DiffSBDD,4m7t-A-rec-4m7t-sam-lig-tt-min-0-pocket10_4m7t-A-rec-4m7t-sam-lig-tt-min-0,10,10,1.0,0.0,1000.0,1000.0,0.0,,,,,
DiffSBDD,22,full_audit_gate_qedsa_fixed_budget,DiffSBDD,4m7t-A-rec-4m7t-sam-lig-tt-min-0-pocket10_4m7t-A-rec-4m7t-sam-lig-tt-min-0,10,10,1.0,0.0,1000.0,1000.0,0.0,,,,,
DiffSBDD,22,full_audit_gate_qedsa_no_backfill,DiffSBDD,4m7t-A-rec-4m7t-sam-lig-tt-min-0-pocket10_4m7t-A-rec-4m7t-sam-lig-tt-min-0,10,10,1.0,0.0,1000.0,1000.0,0.0,,,,,
DiffSBDD,22,audit_failure_count_qedsa,DiffSBDD,4m7t-A-rec-4m7t-sam-lig-tt-min-0-pocket10_4m7t-A-rec-4m7t-sam-lig-tt-min-0,10,10,1.0,0.0,1000.0,1000.0,0.0,,,,,
DiffSBDD,22,phys_logreg_full,DiffSBDD,4m7t-A-rec-4m7t-sam-lig-tt-min-0-pocket10_4m7t-A-rec-4m7t-sam-lig-tt-min-0,10,10,1.0,0.0,1000.0,1000.0,0.0,,,,,
DiffSBDD,22,phys_hgb_full,DiffSBDD,4m7t-A-rec-4m7t-sam-lig-tt-min-0-pocket10_4m7t-A-rec-4m7t-sam-lig-tt-min-0,10,10,1.0,0.0,1000.0,1000.0,0.0,,,,,
DiffSBDD,22,phys_rf_direct_excluded,DiffSBDD,4m7t-A-rec-4m7t-sam-lig-tt-min-0-pocket10_4m7t-A-rec-4m7t-sam-lig-tt-min-0,10,10,1.0,0.0,1000.0,1000.0,0.0,,,,,
DiffSBDD,22,phys_rf_full,DiffSBDD,4m7t-A-rec-4m7t-sam-lig-tt-min-0-pocket10_4m7t-A-rec-4m7t-sam-lig-tt-min-0,10,10,1.0,0.0,1000.0,1000.0,0.0,,,,,
DiffSBDD,22,qed_sa,DiffSBDD,4keu-A-rec-4ket-pg4-lig-tt-min-0-pocket10_4keu-A-rec-4ket-pg4-lig-tt-min-0,10,10,1.0,1.0,0.0,0.0,1.0,1.0,1.0,1.0,1.0,1.0
DiffSBDD,22,contact_clash_rule,DiffSBDD,4keu-A-rec-4ket-pg4-lig-tt-min-0-pocket10_4keu-A-rec-4ket-pg4-lig-tt-min-0,10,10,1.0,1.0,0.0,0.0,1.0,1.0,1.0,1.0,1.0,1.0
DiffSBDD,22,full_audit_gate_qedsa_fixed_budget,DiffSBDD,4keu-A-rec-4ket-pg4-lig-tt-min-0-pocket10_4keu-A-rec-4ket-pg4-lig-tt-min-0,10,10,1.0,1.0,0.0,0.0,1.0,1.0,1.0,1.0,1.0,1.0
DiffSBDD,22,full_audit_gate_qedsa_no_backfill,DiffSBDD,4keu-A-rec-4ket-pg4-lig-tt-min-0-pocket10_4keu-A-rec-4ket-pg4-lig-tt-min-0,10,10,1.0,1.0,0.0,0.0,1.0,1.0,1.0,1.0,1.0,1.0
DiffSBDD,22,audit_failure_count_qedsa,DiffSBDD,4keu-A-rec-4ket-pg4-lig-tt-min-0-pocket10_4keu-A-rec-4ket-pg4-lig-tt-min-0,10,10,1.0,1.0,0.0,0.0,1.0,1.0,1.0,1.0,1.0,1.0
DiffSBDD,22,phys_logreg_full,DiffSBDD,4keu-A-rec-4ket-pg4-lig-tt-min-0-pocket10_4keu-A-rec-4ket-pg4-lig-tt-min-0,10,10,1.0,1.0,0.0,0.0,1.0,1.0,1.0,1.0,1.0,1.0
DiffSBDD,22,phys_hgb_full,DiffSBDD,4keu-A-rec-4ket-pg4-lig-tt-min-0-pocket10_4keu-A-rec-4ket-pg4-lig-tt-min-0,10,10,1.0,1.0,0.0,0.0,1.0,1.0,1.0,1.0,1.0,1.0
DiffSBDD,22,phys_rf_direct_excluded,DiffSBDD,4keu-A-rec-4ket-pg4-lig-tt-min-0-pocket10_4keu-A-rec-4ket-pg4-lig-tt-min-0,10,10,1.0,1.0,0.0,0.0,1.0,1.0,1.0,1.0,1.0,1.0
DiffSBDD,22,phys_rf_full,DiffSBDD,4keu-A-rec-4ket-pg4-lig-tt-min-0-pocket10_4keu-A-rec-4ket-pg4-lig-tt-min-0,10,10,1.0,1.0,0.0,0.0,1.0,1.0,1.0,1.0,1.0,1.0
DiffSBDD,22,qed_sa,DiffSBDD,4tos-A-rec-4tos-355-lig-tt-min-0-pocket10_4tos-A-rec-4tos-355-lig-tt-min-0,10,10,1.0,1.0,0.0,0.0,1.0,1.0,1.0,1.0,1.0,1.0
DiffSBDD,22,contact_clash_rule,DiffSBDD,4tos-A-rec-4tos-355-lig-tt-min-0-pocket10_4tos-A-rec-4tos-355-lig-tt-min-0,10,10,1.0,1.0,0.0,0.0,1.0,1.0,1.0,1.0,1.0,1.0
DiffSBDD,22,full_audit_gate_qedsa_fixed_budget,DiffSBDD,4tos-A-rec-4tos-355-lig-tt-min-0-pocket10_4tos-A-rec-4tos-355-lig-tt-min-0,10,10,1.0,1.0,0.0,0.0,1.0,1.0,1.0,1.0,1.0,1.0
DiffSBDD,22,full_audit_gate_qedsa_no_backfill,DiffSBDD,4tos-A-rec-4tos-355-lig-tt-min-0-pocket10_4tos-A-rec-4tos-355-lig-tt-min-0,10,10,1.0,1.0,0.0,0.0,1.0,1.0,1.0,1.0,1.0,1.0
DiffSBDD,22,audit_failure_count_qedsa,DiffSBDD,4tos-A-rec-4tos-355-lig-tt-min-0-pocket10_4tos-A-rec-4tos-355-lig-tt-min-0,10,10,1.0,1.0,0.0,0.0,1.0,1.0,1.0,1.0,1.0,1.0
DiffSBDD,22,phys_logreg_full,DiffSBDD,4tos-A-rec-4tos-355-lig-tt-min-0-pocket10_4tos-A-rec-4tos-355-lig-tt-min-0,10,10,1.0,0.9,99.99999999999997,100.0,1.0,0.9,0.9,1.0,1.0,1.0
DiffSBDD,22,phys_hgb_full,DiffSBDD,4tos-A-rec-4tos-355-lig-tt-min-0-pocket10_4tos-A-rec-4tos-355-lig-tt-min-0,10,10,1.0,0.9,99.99999999999997,100.0,1.0,0.9,0.9,1.0,1.0,1.0
DiffSBDD,22,phys_rf_direct_excluded,DiffSBDD,4tos-A-rec-4tos-355-lig-tt-min-0-pocket10_4tos-A-rec-4tos-355-lig-tt-min-0,10,10,1.0,1.0,0.0,0.0,1.0,1.0,1.0,1.0,1.0,1.0
DiffSBDD,22,phys_rf_full,DiffSBDD,4tos-A-rec-4tos-355-lig-tt-min-0-pocket10_4tos-A-rec-4tos-355-lig-tt-min-0,10,10,1.0,1.0,0.0,0.0,1.0,1.0,1.0,1.0,1.0,1.0
DiffSBDD,22,qed_sa,DiffSBDD,4qlk-A-rec-4qlk-ctt-lig-tt-docked-0-pocket10_4qlk-A-rec-4qlk-ctt-lig-tt-docked-0,10,10,1.0,0.9,99.99999999999997,100.0,1.0,0.9,1.0,1.0,0.9,1.0
DiffSBDD,22,contact_clash_rule,DiffSBDD,4qlk-A-rec-4qlk-ctt-lig-tt-docked-0-pocket10_4qlk-A-rec-4qlk-ctt-lig-tt-docked-0,10,10,1.0,0.9,99.99999999999997,100.0,1.0,0.9,1.0,1.0,0.9,1.0
DiffSBDD,22,full_audit_gate_qedsa_fixed_budget,DiffSBDD,4qlk-A-rec-4qlk-ctt-lig-tt-docked-0-pocket10_4qlk-A-rec-4qlk-ctt-lig-tt-docked-0,10,10,1.0,0.9,99.99999999999997,100.0,1.0,0.9,1.0,1.0,0.9,1.0
DiffSBDD,22,full_audit_gate_qedsa_no_backfill,DiffSBDD,4qlk-A-rec-4qlk-ctt-lig-tt-docked-0-pocket10_4qlk-A-rec-4qlk-ctt-lig-tt-docked-0,10,10,1.0,0.9,99.99999999999997,100.0,1.0,0.9,1.0,1.0,0.9,1.0
DiffSBDD,22,audit_failure_count_qedsa,DiffSBDD,4qlk-A-rec-4qlk-ctt-lig-tt-docked-0-pocket10_4qlk-A-rec-4qlk-ctt-lig-tt-docked-0,10,10,1.0,0.9,99.99999999999997,100.0,1.0,0.9,1.0,1.0,0.9,1.0
DiffSBDD,22,phys_logreg_full,DiffSBDD,4qlk-A-rec-4qlk-ctt-lig-tt-docked-0-pocket10_4qlk-A-rec-4qlk-ctt-lig-tt-docked-0,10,10,1.0,1.0,0.0,0.0,1.0,1.0,1.0,1.0,1.0,1.0
DiffSBDD,22,phys_hgb_full,DiffSBDD,4qlk-A-rec-4qlk-ctt-lig-tt-docked-0-pocket10_4qlk-A-rec-4qlk-ctt-lig-tt-docked-0,10,10,1.0,1.0,0.0,0.0,1.0,1.0,1.0,1.0,1.0,1.0
DiffSBDD,22,phys_rf_direct_excluded,DiffSBDD,4qlk-A-rec-4qlk-ctt-lig-tt-docked-0-pocket10_4qlk-A-rec-4qlk-ctt-lig-tt-docked-0,10,10,1.0,1.0,0.0,0.0,1.0,1.0,1.0,1.0,1.0,1.0
DiffSBDD,22,phys_rf_full,DiffSBDD,4qlk-A-rec-4qlk-ctt-lig-tt-docked-0-pocket10_4qlk-A-rec-4qlk-ctt-lig-tt-docked-0,10,10,1.0,1.0,0.0,0.0,1.0,1.0,1.0,1.0,1.0,1.0
DiffSBDD,22,qed_sa,DiffSBDD,4xli-B-rec-4xli-1n1-lig-tt-min-0-pocket10_4xli-B-rec-4xli-1n1-lig-tt-min-0,10,10,1.0,0.8,199.99999999999994,200.0,1.0,0.8,0.9,1.0,0.9,1.0
DiffSBDD,22,contact_clash_rule,DiffSBDD,4xli-B-rec-4xli-1n1-lig-tt-min-0-pocket10_4xli-B-rec-4xli-1n1-lig-tt-min-0,10,10,1.0,0.8,199.99999999999994,200.0,1.0,0.8,0.9,1.0,0.9,1.0
DiffSBDD,22,full_audit_gate_qedsa_fixed_budget,DiffSBDD,4xli-B-rec-4xli-1n1-lig-tt-min-0-pocket10_4xli-B-rec-4xli-1n1-lig-tt-min-0,10,10,1.0,0.8,199.99999999999994,200.0,1.0,0.8,0.9,1.0,0.9,1.0
DiffSBDD,22,full_audit_gate_qedsa_no_backfill,DiffSBDD,4xli-B-rec-4xli-1n1-lig-tt-min-0-pocket10_4xli-B-rec-4xli-1n1-lig-tt-min-0,10,10,1.0,0.8,199.99999999999994,200.0,1.0,0.8,0.9,1.0,0.9,1.0
DiffSBDD,22,audit_failure_count_qedsa,DiffSBDD,4xli-B-rec-4xli-1n1-lig-tt-min-0-pocket10_4xli-B-rec-4xli-1n1-lig-tt-min-0,10,10,1.0,0.8,199.99999999999994,200.0,1.0,0.8,0.9,1.0,0.9,1.0
DiffSBDD,22,phys_logreg_full,DiffSBDD,4xli-B-rec-4xli-1n1-lig-tt-min-0-pocket10_4xli-B-rec-4xli-1n1-lig-tt-min-0,10,10,1.0,1.0,0.0,0.0,1.0,1.0,1.0,1.0,1.0,1.0
DiffSBDD,22,phys_hgb_full,DiffSBDD,4xli-B-rec-4xli-1n1-lig-tt-min-0-pocket10_4xli-B-rec-4xli-1n1-lig-tt-min-0,10,10,1.0,1.0,0.0,0.0,1.0,1.0,1.0,1.0,1.0,1.0
DiffSBDD,22,phys_rf_direct_excluded,DiffSBDD,4xli-B-rec-4xli-1n1-lig-tt-min-0-pocket10_4xli-B-rec-4xli-1n1-lig-tt-min-0,10,10,1.0,1.0,0.0,0.0,1.0,1.0,1.0,1.0,1.0,1.0
DiffSBDD,22,phys_rf_full,DiffSBDD,4xli-B-rec-4xli-1n1-lig-tt-min-0-pocket10_4xli-B-rec-4xli-1n1-lig-tt-min-0,10,10,1.0,0.9,99.99999999999997,100.0,1.0,0.9,0.9,1.0,1.0,1.0
DiffSBDD,22,qed_sa,DiffSBDD,4ja8-B-rec-4ja8-1k9-lig-tt-docked-0-pocket10_4ja8-B-rec-4ja8-1k9-lig-tt-docked-0,10,10,1.0,1.0,0.0,0.0,1.0,1.0,1.0,1.0,1.0,1.0
DiffSBDD,22,contact_clash_rule,DiffSBDD,4ja8-B-rec-4ja8-1k9-lig-tt-docked-0-pocket10_4ja8-B-rec-4ja8-1k9-lig-tt-docked-0,10,10,1.0,0.9,99.99999999999997,100.0,1.0,0.9,0.9,1.0,1.0,1.0
DiffSBDD,22,full_audit_gate_qedsa_fixed_budget,DiffSBDD,4ja8-B-rec-4ja8-1k9-lig-tt-docked-0-pocket10_4ja8-B-rec-4ja8-1k9-lig-tt-docked-0,10,10,1.0,1.0,0.0,0.0,1.0,1.0,1.0,1.0,1.0,1.0
DiffSBDD,22,full_audit_gate_qedsa_no_backfill,DiffSBDD,4ja8-B-rec-4ja8-1k9-lig-tt-docked-0-pocket10_4ja8-B-rec-4ja8-1k9-lig-tt-docked-0,10,10,1.0,1.0,0.0,0.0,1.0,1.0,1.0,1.0,1.0,1.0
DiffSBDD,22,audit_failure_count_qedsa,DiffSBDD,4ja8-B-rec-4ja8-1k9-lig-tt-docked-0-pocket10_4ja8-B-rec-4ja8-1k9-lig-tt-docked-0,10,10,1.0,1.0,0.0,0.0,1.0,1.0,1.0,1.0,1.0,1.0
DiffSBDD,22,phys_logreg_full,DiffSBDD,4ja8-B-rec-4ja8-1k9-lig-tt-docked-0-pocket10_4ja8-B-rec-4ja8-1k9-lig-tt-docked-0,10,10,1.0,1.0,0.0,0.0,1.0,1.0,1.0,1.0,1.0,1.0
DiffSBDD,22,phys_hgb_full,DiffSBDD,4ja8-B-rec-4ja8-1k9-lig-tt-docked-0-pocket10_4ja8-B-rec-4ja8-1k9-lig-tt-docked-0,10,10,1.0,1.0,0.0,0.0,1.0,1.0,1.0,1.0,1.0,1.0
DiffSBDD,22,phys_rf_direct_excluded,DiffSBDD,4ja8-B-rec-4ja8-1k9-lig-tt-docked-0-pocket10_4ja8-B-rec-4ja8-1k9-lig-tt-docked-0,10,10,1.0,1.0,0.0,0.0,1.0,1.0,1.0,1.0,1.0,1.0
DiffSBDD,22,phys_rf_full,DiffSBDD,4ja8-B-rec-4ja8-1k9-lig-tt-docked-0-pocket10_4ja8-B-rec-4ja8-1k9-lig-tt-docked-0,10,10,1.0,1.0,0.0,0.0,1.0,1.0,1.0,1.0,1.0,1.0
DiffSBDD,22,qed_sa,DiffSBDD,4rlu-A-rec-4rlu-hcc-lig-tt-min-0-pocket10_4rlu-A-rec-4rlu-hcc-lig-tt-min-0,10,10,1.0,0.0,1000.0,1000.0,0.0,,,,,
DiffSBDD,22,contact_clash_rule,DiffSBDD,4rlu-A-rec-4rlu-hcc-lig-tt-min-0-pocket10_4rlu-A-rec-4rlu-hcc-lig-tt-min-0,10,10,1.0,0.0,1000.0,1000.0,0.0,,,,,
DiffSBDD,22,full_audit_gate_qedsa_fixed_budget,DiffSBDD,4rlu-A-rec-4rlu-hcc-lig-tt-min-0-pocket10_4rlu-A-rec-4rlu-hcc-lig-tt-min-0,10,10,1.0,0.0,1000.0,1000.0,0.0,,,,,
DiffSBDD,22,full_audit_gate_qedsa_no_backfill,DiffSBDD,4rlu-A-rec-4rlu-hcc-lig-tt-min-0-pocket10_4rlu-A-rec-4rlu-hcc-lig-tt-min-0,10,10,1.0,0.0,1000.0,1000.0,0.0,,,,,
DiffSBDD,22,audit_failure_count_qedsa,DiffSBDD,4rlu-A-rec-4rlu-hcc-lig-tt-min-0-pocket10_4rlu-A-rec-4rlu-hcc-lig-tt-min-0,10,10,1.0,0.0,1000.0,1000.0,0.0,,,,,
DiffSBDD,22,phys_logreg_full,DiffSBDD,4rlu-A-rec-4rlu-hcc-lig-tt-min-0-pocket10_4rlu-A-rec-4rlu-hcc-lig-tt-min-0,10,10,1.0,0.0,1000.0,1000.0,0.0,,,,,
DiffSBDD,22,phys_hgb_full,DiffSBDD,4rlu-A-rec-4rlu-hcc-lig-tt-min-0-pocket10_4rlu-A-rec-4rlu-hcc-lig-tt-min-0,10,10,1.0,0.0,1000.0,1000.0,0.0,,,,,
DiffSBDD,22,phys_rf_direct_excluded,DiffSBDD,4rlu-A-rec-4rlu-hcc-lig-tt-min-0-pocket10_4rlu-A-rec-4rlu-hcc-lig-tt-min-0,10,10,1.0,0.0,1000.0,1000.0,0.0,,,,,
DiffSBDD,22,phys_rf_full,DiffSBDD,4rlu-A-rec-4rlu-hcc-lig-tt-min-0-pocket10_4rlu-A-rec-4rlu-hcc-lig-tt-min-0,10,10,1.0,0.0,1000.0,1000.0,0.0,,,,,
DiffSBDD,22,qed_sa,DiffSBDD,5d7n-D-rec-4jt9-1ns-lig-tt-min-0-pocket10_5d7n-D-rec-4jt9-1ns-lig-tt-min-0,10,10,1.0,1.0,0.0,0.0,1.0,1.0,1.0,1.0,1.0,1.0
DiffSBDD,22,contact_clash_rule,DiffSBDD,5d7n-D-rec-4jt9-1ns-lig-tt-min-0-pocket10_5d7n-D-rec-4jt9-1ns-lig-tt-min-0,10,10,1.0,1.0,0.0,0.0,1.0,1.0,1.0,1.0,1.0,1.0
DiffSBDD,22,full_audit_gate_qedsa_fixed_budget,DiffSBDD,5d7n-D-rec-4jt9-1ns-lig-tt-min-0-pocket10_5d7n-D-rec-4jt9-1ns-lig-tt-min-0,10,10,1.0,1.0,0.0,0.0,1.0,1.0,1.0,1.0,1.0,1.0
DiffSBDD,22,full_audit_gate_qedsa_no_backfill,DiffSBDD,5d7n-D-rec-4jt9-1ns-lig-tt-min-0-pocket10_5d7n-D-rec-4jt9-1ns-lig-tt-min-0,10,10,1.0,1.0,0.0,0.0,1.0,1.0,1.0,1.0,1.0,1.0
DiffSBDD,22,audit_failure_count_qedsa,DiffSBDD,5d7n-D-rec-4jt9-1ns-lig-tt-min-0-pocket10_5d7n-D-rec-4jt9-1ns-lig-tt-min-0,10,10,1.0,1.0,0.0,0.0,1.0,1.0,1.0,1.0,1.0,1.0
DiffSBDD,22,phys_logreg_full,DiffSBDD,5d7n-D-rec-4jt9-1ns-lig-tt-min-0-pocket10_5d7n-D-rec-4jt9-1ns-lig-tt-min-0,10,10,1.0,0.9,99.99999999999997,100.0,1.0,0.9,0.9,1.0,1.0,1.0
DiffSBDD,22,phys_hgb_full,DiffSBDD,5d7n-D-rec-4jt9-1ns-lig-tt-min-0-pocket10_5d7n-D-rec-4jt9-1ns-lig-tt-min-0,10,10,1.0,1.0,0.0,0.0,1.0,1.0,1.0,1.0,1.0,1.0
DiffSBDD,22,phys_rf_direct_excluded,DiffSBDD,5d7n-D-rec-4jt9-1ns-lig-tt-min-0-pocket10_5d7n-D-rec-4jt9-1ns-lig-tt-min-0,10,10,1.0,0.9,99.99999999999997,100.0,1.0,0.9,0.9,1.0,1.0,1.0
DiffSBDD,22,phys_rf_full,DiffSBDD,5d7n-D-rec-4jt9-1ns-lig-tt-min-0-pocket10_5d7n-D-rec-4jt9-1ns-lig-tt-min-0,10,10,1.0,1.0,0.0,0.0,1.0,1.0,1.0,1.0,1.0,1.0
DiffSBDD,22,qed_sa,DiffSBDD,5b08-A-rec-5b09-4mx-lig-tt-min-0-pocket10_5b08-A-rec-5b09-4mx-lig-tt-min-0,10,10,1.0,0.8,199.99999999999994,200.0,1.0,0.8,0.8,1.0,1.0,1.0
DiffSBDD,22,contact_clash_rule,DiffSBDD,5b08-A-rec-5b09-4mx-lig-tt-min-0-pocket10_5b08-A-rec-5b09-4mx-lig-tt-min-0,10,10,1.0,0.9,99.99999999999997,100.0,1.0,0.9,0.9,1.0,1.0,1.0
DiffSBDD,22,full_audit_gate_qedsa_fixed_budget,DiffSBDD,5b08-A-rec-5b09-4mx-lig-tt-min-0-pocket10_5b08-A-rec-5b09-4mx-lig-tt-min-0,10,10,1.0,0.8,199.99999999999994,200.0,1.0,0.8,0.8,1.0,1.0,1.0
DiffSBDD,22,full_audit_gate_qedsa_no_backfill,DiffSBDD,5b08-A-rec-5b09-4mx-lig-tt-min-0-pocket10_5b08-A-rec-5b09-4mx-lig-tt-min-0,10,10,1.0,0.8,199.99999999999994,200.0,1.0,0.8,0.8,1.0,1.0,1.0
DiffSBDD,22,audit_failure_count_qedsa,DiffSBDD,5b08-A-rec-5b09-4mx-lig-tt-min-0-pocket10_5b08-A-rec-5b09-4mx-lig-tt-min-0,10,10,1.0,0.8,199.99999999999994,200.0,1.0,0.8,0.8,1.0,1.0,1.0
DiffSBDD,22,phys_logreg_full,DiffSBDD,5b08-A-rec-5b09-4mx-lig-tt-min-0-pocket10_5b08-A-rec-5b09-4mx-lig-tt-min-0,10,10,1.0,1.0,0.0,0.0,1.0,1.0,1.0,1.0,1.0,1.0
DiffSBDD,22,phys_hgb_full,DiffSBDD,5b08-A-rec-5b09-4mx-lig-tt-min-0-pocket10_5b08-A-rec-5b09-4mx-lig-tt-min-0,10,10,1.0,1.0,0.0,0.0,1.0,1.0,1.0,1.0,1.0,1.0
DiffSBDD,22,phys_rf_direct_excluded,DiffSBDD,5b08-A-rec-5b09-4mx-lig-tt-min-0-pocket10_5b08-A-rec-5b09-4mx-lig-tt-min-0,10,10,1.0,1.0,0.0,0.0,1.0,1.0,1.0,1.0,1.0,1.0
DiffSBDD,22,phys_rf_full,DiffSBDD,5b08-A-rec-5b09-4mx-lig-tt-min-0-pocket10_5b08-A-rec-5b09-4mx-lig-tt-min-0,10,10,1.0,1.0,0.0,0.0,1.0,1.0,1.0,1.0,1.0,1.0
DiffSBDD,22,qed_sa,DiffSBDD,5aeh-A-rec-5aeh-8ir-lig-tt-docked-0-pocket10_5aeh-A-rec-5aeh-8ir-lig-tt-docked-0,10,10,1.0,0.9,99.99999999999997,100.0,1.0,0.9,0.9,1.0,1.0,1.0
DiffSBDD,22,contact_clash_rule,DiffSBDD,5aeh-A-rec-5aeh-8ir-lig-tt-docked-0-pocket10_5aeh-A-rec-5aeh-8ir-lig-tt-docked-0,10,10,1.0,1.0,0.0,0.0,1.0,1.0,1.0,1.0,1.0,1.0
DiffSBDD,22,full_audit_gate_qedsa_fixed_budget,DiffSBDD,5aeh-A-rec-5aeh-8ir-lig-tt-docked-0-pocket10_5aeh-A-rec-5aeh-8ir-lig-tt-docked-0,10,10,1.0,0.9,99.99999999999997,100.0,1.0,0.9,0.9,1.0,1.0,1.0
DiffSBDD,22,full_audit_gate_qedsa_no_backfill,DiffSBDD,5aeh-A-rec-5aeh-8ir-lig-tt-docked-0-pocket10_5aeh-A-rec-5aeh-8ir-lig-tt-docked-0,10,10,1.0,0.9,99.99999999999997,100.0,1.0,0.9,0.9,1.0,1.0,1.0
DiffSBDD,22,audit_failure_count_qedsa,DiffSBDD,5aeh-A-rec-5aeh-8ir-lig-tt-docked-0-pocket10_5aeh-A-rec-5aeh-8ir-lig-tt-docked-0,10,10,1.0,0.9,99.99999999999997,100.0,1.0,0.9,0.9,1.0,1.0,1.0
DiffSBDD,22,phys_logreg_full,DiffSBDD,5aeh-A-rec-5aeh-8ir-lig-tt-docked-0-pocket10_5aeh-A-rec-5aeh-8ir-lig-tt-docked-0,10,10,1.0,1.0,0.0,0.0,1.0,1.0,1.0,1.0,1.0,1.0
DiffSBDD,22,phys_hgb_full,DiffSBDD,5aeh-A-rec-5aeh-8ir-lig-tt-docked-0-pocket10_5aeh-A-rec-5aeh-8ir-lig-tt-docked-0,10,10,1.0,0.9,99.99999999999997,100.0,1.0,0.9,0.9,1.0,1.0,1.0
DiffSBDD,22,phys_rf_direct_excluded,DiffSBDD,5aeh-A-rec-5aeh-8ir-lig-tt-docked-0-pocket10_5aeh-A-rec-5aeh-8ir-lig-tt-docked-0,10,10,1.0,1.0,0.0,0.0,1.0,1.0,1.0,1.0,1.0,1.0
DiffSBDD,22,phys_rf_full,DiffSBDD,5aeh-A-rec-5aeh-8ir-lig-tt-docked-0-pocket10_5aeh-A-rec-5aeh-8ir-lig-tt-docked-0,10,10,1.0,1.0,0.0,0.0,1.0,1.0,1.0,1.0,1.0,1.0
DiffSBDD,22,qed_sa,DiffSBDD,4z2g-A-rec-4z2g-m6v-lig-tt-docked-16-pocket10_4z2g-A-rec-4z2g-m6v-lig-tt-docked-16,10,10,1.0,0.8,199.99999999999994,200.0,1.0,0.8,0.9,0.9,0.9,1.0
DiffSBDD,22,contact_clash_rule,DiffSBDD,4z2g-A-rec-4z2g-m6v-lig-tt-docked-16-pocket10_4z2g-A-rec-4z2g-m6v-lig-tt-docked-16,10,10,1.0,0.8,199.99999999999994,200.0,1.0,0.8,0.9,0.9,0.9,1.0
DiffSBDD,22,full_audit_gate_qedsa_fixed_budget,DiffSBDD,4z2g-A-rec-4z2g-m6v-lig-tt-docked-16-pocket10_4z2g-A-rec-4z2g-m6v-lig-tt-docked-16,10,10,1.0,0.8,199.99999999999994,200.0,1.0,0.8,0.9,0.9,0.9,1.0
DiffSBDD,22,full_audit_gate_qedsa_no_backfill,DiffSBDD,4z2g-A-rec-4z2g-m6v-lig-tt-docked-16-pocket10_4z2g-A-rec-4z2g-m6v-lig-tt-docked-16,10,10,1.0,0.8,199.99999999999994,200.0,1.0,0.8,0.9,0.9,0.9,1.0
DiffSBDD,22,audit_failure_count_qedsa,DiffSBDD,4z2g-A-rec-4z2g-m6v-lig-tt-docked-16-pocket10_4z2g-A-rec-4z2g-m6v-lig-tt-docked-16,10,10,1.0,0.8,199.99999999999994,200.0,1.0,0.8,0.9,0.9,0.9,1.0
DiffSBDD,22,phys_logreg_full,DiffSBDD,4z2g-A-rec-4z2g-m6v-lig-tt-docked-16-pocket10_4z2g-A-rec-4z2g-m6v-lig-tt-docked-16,10,10,1.0,0.9,99.99999999999997,100.0,1.0,0.9,1.0,1.0,0.9,1.0
DiffSBDD,22,phys_hgb_full,DiffSBDD,4z2g-A-rec-4z2g-m6v-lig-tt-docked-16-pocket10_4z2g-A-rec-4z2g-m6v-lig-tt-docked-16,10,10,1.0,0.9,99.99999999999997,100.0,1.0,0.9,1.0,0.9,1.0,1.0
DiffSBDD,22,phys_rf_direct_excluded,DiffSBDD,4z2g-A-rec-4z2g-m6v-lig-tt-docked-16-pocket10_4z2g-A-rec-4z2g-m6v-lig-tt-docked-16,10,10,1.0,1.0,0.0,0.0,1.0,1.0,1.0,1.0,1.0,1.0
DiffSBDD,22,phys_rf_full,DiffSBDD,4z2g-A-rec-4z2g-m6v-lig-tt-docked-16-pocket10_4z2g-A-rec-4z2g-m6v-lig-tt-docked-16,10,10,1.0,1.0,0.0,0.0,1.0,1.0,1.0,1.0,1.0,1.0
DiffSBDD,22,qed_sa,DiffSBDD,5l1v-A-rec-5l1v-7pf-lig-tt-docked-0-pocket10_5l1v-A-rec-5l1v-7pf-lig-tt-docked-0,10,10,1.0,0.0,1000.0,1000.0,0.0,,,,,
DiffSBDD,22,contact_clash_rule,DiffSBDD,5l1v-A-rec-5l1v-7pf-lig-tt-docked-0-pocket10_5l1v-A-rec-5l1v-7pf-lig-tt-docked-0,10,10,1.0,0.0,1000.0,1000.0,0.0,,,,,
DiffSBDD,22,full_audit_gate_qedsa_fixed_budget,DiffSBDD,5l1v-A-rec-5l1v-7pf-lig-tt-docked-0-pocket10_5l1v-A-rec-5l1v-7pf-lig-tt-docked-0,10,10,1.0,0.0,1000.0,1000.0,0.0,,,,,
DiffSBDD,22,full_audit_gate_qedsa_no_backfill,DiffSBDD,5l1v-A-rec-5l1v-7pf-lig-tt-docked-0-pocket10_5l1v-A-rec-5l1v-7pf-lig-tt-docked-0,10,10,1.0,0.0,1000.0,1000.0,0.0,,,,,
DiffSBDD,22,audit_failure_count_qedsa,DiffSBDD,5l1v-A-rec-5l1v-7pf-lig-tt-docked-0-pocket10_5l1v-A-rec-5l1v-7pf-lig-tt-docked-0,10,10,1.0,0.0,1000.0,1000.0,0.0,,,,,
DiffSBDD,22,phys_logreg_full,DiffSBDD,5l1v-A-rec-5l1v-7pf-lig-tt-docked-0-pocket10_5l1v-A-rec-5l1v-7pf-lig-tt-docked-0,10,10,1.0,0.0,1000.0,1000.0,0.0,,,,,
DiffSBDD,22,phys_hgb_full,DiffSBDD,5l1v-A-rec-5l1v-7pf-lig-tt-docked-0-pocket10_5l1v-A-rec-5l1v-7pf-lig-tt-docked-0,10,10,1.0,0.0,1000.0,1000.0,0.0,,,,,
DiffSBDD,22,phys_rf_direct_excluded,DiffSBDD,5l1v-A-rec-5l1v-7pf-lig-tt-docked-0-pocket10_5l1v-A-rec-5l1v-7pf-lig-tt-docked-0,10,10,1.0,0.0,1000.0,1000.0,0.0,,,,,
DiffSBDD,22,phys_rf_full,DiffSBDD,5l1v-A-rec-5l1v-7pf-lig-tt-docked-0-pocket10_5l1v-A-rec-5l1v-7pf-lig-tt-docked-0,10,10,1.0,0.0,1000.0,1000.0,0.0,,,,,
DiffSBDD,22,qed_sa,DiffSBDD,5i0b-A-rec-5vef-m77-lig-tt-min-0-pocket10_5i0b-A-rec-5vef-m77-lig-tt-min-0,10,10,1.0,0.9,99.99999999999997,100.0,0.9,1.0,1.0,1.0,1.0,1.0
DiffSBDD,22,contact_clash_rule,DiffSBDD,5i0b-A-rec-5vef-m77-lig-tt-min-0-pocket10_5i0b-A-rec-5vef-m77-lig-tt-min-0,10,10,1.0,1.0,0.0,0.0,1.0,1.0,1.0,1.0,1.0,1.0
DiffSBDD,22,full_audit_gate_qedsa_fixed_budget,DiffSBDD,5i0b-A-rec-5vef-m77-lig-tt-min-0-pocket10_5i0b-A-rec-5vef-m77-lig-tt-min-0,10,10,1.0,0.9,99.99999999999997,100.0,0.9,1.0,1.0,1.0,1.0,1.0
DiffSBDD,22,full_audit_gate_qedsa_no_backfill,DiffSBDD,5i0b-A-rec-5vef-m77-lig-tt-min-0-pocket10_5i0b-A-rec-5vef-m77-lig-tt-min-0,10,10,1.0,0.9,99.99999999999997,100.0,0.9,1.0,1.0,1.0,1.0,1.0
DiffSBDD,22,audit_failure_count_qedsa,DiffSBDD,5i0b-A-rec-5vef-m77-lig-tt-min-0-pocket10_5i0b-A-rec-5vef-m77-lig-tt-min-0,10,10,1.0,0.9,99.99999999999997,100.0,0.9,1.0,1.0,1.0,1.0,1.0
DiffSBDD,22,phys_logreg_full,DiffSBDD,5i0b-A-rec-5vef-m77-lig-tt-min-0-pocket10_5i0b-A-rec-5vef-m77-lig-tt-min-0,10,10,1.0,1.0,0.0,0.0,1.0,1.0,1.0,1.0,1.0,1.0
DiffSBDD,22,phys_hgb_full,DiffSBDD,5i0b-A-rec-5vef-m77-lig-tt-min-0-pocket10_5i0b-A-rec-5vef-m77-lig-tt-min-0,10,10,1.0,0.8,199.99999999999994,200.0,0.8,1.0,1.0,1.0,1.0,1.0
DiffSBDD,22,phys_rf_direct_excluded,DiffSBDD,5i0b-A-rec-5vef-m77-lig-tt-min-0-pocket10_5i0b-A-rec-5vef-m77-lig-tt-min-0,10,10,1.0,1.0,0.0,0.0,1.0,1.0,1.0,1.0,1.0,1.0
DiffSBDD,22,phys_rf_full,DiffSBDD,5i0b-A-rec-5vef-m77-lig-tt-min-0-pocket10_5i0b-A-rec-5vef-m77-lig-tt-min-0,10,10,1.0,1.0,0.0,0.0,1.0,1.0,1.0,1.0,1.0,1.0
DiffSBDD,22,qed_sa,DiffSBDD,4zfa-A-rec-1smj-pam-lig-tt-min-0-pocket10_4zfa-A-rec-1smj-pam-lig-tt-min-0,10,10,1.0,0.9,99.99999999999997,100.0,1.0,0.9,0.9,1.0,1.0,1.0
DiffSBDD,22,contact_clash_rule,DiffSBDD,4zfa-A-rec-1smj-pam-lig-tt-min-0-pocket10_4zfa-A-rec-1smj-pam-lig-tt-min-0,10,10,1.0,0.9,99.99999999999997,100.0,1.0,0.9,0.9,1.0,1.0,1.0
DiffSBDD,22,full_audit_gate_qedsa_fixed_budget,DiffSBDD,4zfa-A-rec-1smj-pam-lig-tt-min-0-pocket10_4zfa-A-rec-1smj-pam-lig-tt-min-0,10,10,1.0,0.9,99.99999999999997,100.0,1.0,0.9,0.9,1.0,1.0,1.0
DiffSBDD,22,full_audit_gate_qedsa_no_backfill,DiffSBDD,4zfa-A-rec-1smj-pam-lig-tt-min-0-pocket10_4zfa-A-rec-1smj-pam-lig-tt-min-0,10,10,1.0,0.9,99.99999999999997,100.0,1.0,0.9,0.9,1.0,1.0,1.0
DiffSBDD,22,audit_failure_count_qedsa,DiffSBDD,4zfa-A-rec-1smj-pam-lig-tt-min-0-pocket10_4zfa-A-rec-1smj-pam-lig-tt-min-0,10,10,1.0,0.9,99.99999999999997,100.0,1.0,0.9,0.9,1.0,1.0,1.0
DiffSBDD,22,phys_logreg_full,DiffSBDD,4zfa-A-rec-1smj-pam-lig-tt-min-0-pocket10_4zfa-A-rec-1smj-pam-lig-tt-min-0,10,10,1.0,1.0,0.0,0.0,1.0,1.0,1.0,1.0,1.0,1.0
DiffSBDD,22,phys_hgb_full,DiffSBDD,4zfa-A-rec-1smj-pam-lig-tt-min-0-pocket10_4zfa-A-rec-1smj-pam-lig-tt-min-0,10,10,1.0,1.0,0.0,0.0,1.0,1.0,1.0,1.0,1.0,1.0
DiffSBDD,22,phys_rf_direct_excluded,DiffSBDD,4zfa-A-rec-1smj-pam-lig-tt-min-0-pocket10_4zfa-A-rec-1smj-pam-lig-tt-min-0,10,10,1.0,1.0,0.0,0.0,1.0,1.0,1.0,1.0,1.0,1.0
DiffSBDD,22,phys_rf_full,DiffSBDD,4zfa-A-rec-1smj-pam-lig-tt-min-0-pocket10_4zfa-A-rec-1smj-pam-lig-tt-min-0,10,10,1.0,0.9,99.99999999999997,100.0,1.0,0.9,0.9,1.0,1.0,1.0
DiffSBDD,22,qed_sa,DiffSBDD,5bur-A-rec-5x8f-amp-lig-tt-docked-7-pocket10_5bur-A-rec-5x8f-amp-lig-tt-docked-7,10,10,1.0,0.9,99.99999999999997,100.0,1.0,0.9,0.9,1.0,1.0,1.0
DiffSBDD,22,contact_clash_rule,DiffSBDD,5bur-A-rec-5x8f-amp-lig-tt-docked-7-pocket10_5bur-A-rec-5x8f-amp-lig-tt-docked-7,10,10,1.0,0.9,99.99999999999997,100.0,1.0,0.9,0.9,1.0,1.0,1.0
DiffSBDD,22,full_audit_gate_qedsa_fixed_budget,DiffSBDD,5bur-A-rec-5x8f-amp-lig-tt-docked-7-pocket10_5bur-A-rec-5x8f-amp-lig-tt-docked-7,10,10,1.0,0.9,99.99999999999997,100.0,1.0,0.9,0.9,1.0,1.0,1.0
DiffSBDD,22,full_audit_gate_qedsa_no_backfill,DiffSBDD,5bur-A-rec-5x8f-amp-lig-tt-docked-7-pocket10_5bur-A-rec-5x8f-amp-lig-tt-docked-7,10,10,1.0,0.9,99.99999999999997,100.0,1.0,0.9,0.9,1.0,1.0,1.0
DiffSBDD,22,audit_failure_count_qedsa,DiffSBDD,5bur-A-rec-5x8f-amp-lig-tt-docked-7-pocket10_5bur-A-rec-5x8f-amp-lig-tt-docked-7,10,10,1.0,0.9,99.99999999999997,100.0,1.0,0.9,0.9,1.0,1.0,1.0
DiffSBDD,22,phys_logreg_full,DiffSBDD,5bur-A-rec-5x8f-amp-lig-tt-docked-7-pocket10_5bur-A-rec-5x8f-amp-lig-tt-docked-7,10,10,1.0,0.9,99.99999999999997,100.0,1.0,0.9,0.9,1.0,1.0,1.0
DiffSBDD,22,phys_hgb_full,DiffSBDD,5bur-A-rec-5x8f-amp-lig-tt-docked-7-pocket10_5bur-A-rec-5x8f-amp-lig-tt-docked-7,10,10,1.0,1.0,0.0,0.0,1.0,1.0,1.0,1.0,1.0,1.0
DiffSBDD,22,phys_rf_direct_excluded,DiffSBDD,5bur-A-rec-5x8f-amp-lig-tt-docked-7-pocket10_5bur-A-rec-5x8f-amp-lig-tt-docked-7,10,10,1.0,1.0,0.0,0.0,1.0,1.0,1.0,1.0,1.0,1.0
DiffSBDD,22,phys_rf_full,DiffSBDD,5bur-A-rec-5x8f-amp-lig-tt-docked-7-pocket10_5bur-A-rec-5x8f-amp-lig-tt-docked-7,10,10,1.0,1.0,0.0,0.0,1.0,1.0,1.0,1.0,1.0,1.0
DiffSBDD,22,qed_sa,DiffSBDD,5liu-X-rec-4gq0-qap-lig-tt-min-0-pocket10_5liu-X-rec-4gq0-qap-lig-tt-min-0,10,10,1.0,1.0,0.0,0.0,1.0,1.0,1.0,1.0,1.0,1.0
DiffSBDD,22,contact_clash_rule,DiffSBDD,5liu-X-rec-4gq0-qap-lig-tt-min-0-pocket10_5liu-X-rec-4gq0-qap-lig-tt-min-0,10,10,1.0,1.0,0.0,0.0,1.0,1.0,1.0,1.0,1.0,1.0
DiffSBDD,22,full_audit_gate_qedsa_fixed_budget,DiffSBDD,5liu-X-rec-4gq0-qap-lig-tt-min-0-pocket10_5liu-X-rec-4gq0-qap-lig-tt-min-0,10,10,1.0,1.0,0.0,0.0,1.0,1.0,1.0,1.0,1.0,1.0
DiffSBDD,22,full_audit_gate_qedsa_no_backfill,DiffSBDD,5liu-X-rec-4gq0-qap-lig-tt-min-0-pocket10_5liu-X-rec-4gq0-qap-lig-tt-min-0,10,10,1.0,1.0,0.0,0.0,1.0,1.0,1.0,1.0,1.0,1.0
DiffSBDD,22,audit_failure_count_qedsa,DiffSBDD,5liu-X-rec-4gq0-qap-lig-tt-min-0-pocket10_5liu-X-rec-4gq0-qap-lig-tt-min-0,10,10,1.0,1.0,0.0,0.0,1.0,1.0,1.0,1.0,1.0,1.0
DiffSBDD,22,phys_logreg_full,DiffSBDD,5liu-X-rec-4gq0-qap-lig-tt-min-0-pocket10_5liu-X-rec-4gq0-qap-lig-tt-min-0,10,10,1.0,1.0,0.0,0.0,1.0,1.0,1.0,1.0,1.0,1.0
DiffSBDD,22,phys_hgb_full,DiffSBDD,5liu-X-rec-4gq0-qap-lig-tt-min-0-pocket10_5liu-X-rec-4gq0-qap-lig-tt-min-0,10,10,1.0,1.0,0.0,0.0,1.0,1.0,1.0,1.0,1.0,1.0
DiffSBDD,22,phys_rf_direct_excluded,DiffSBDD,5liu-X-rec-4gq0-qap-lig-tt-min-0-pocket10_5liu-X-rec-4gq0-qap-lig-tt-min-0,10,10,1.0,1.0,0.0,0.0,1.0,1.0,1.0,1.0,1.0,1.0
DiffSBDD,22,phys_rf_full,DiffSBDD,5liu-X-rec-4gq0-qap-lig-tt-min-0-pocket10_5liu-X-rec-4gq0-qap-lig-tt-min-0,10,10,1.0,1.0,0.0,0.0,1.0,1.0,1.0,1.0,1.0,1.0
DiffSBDD,22,qed_sa,DiffSBDD,4yhj-A-rec-4yhj-an2-lig-tt-min-0-pocket10_4yhj-A-rec-4yhj-an2-lig-tt-min-0,10,10,1.0,0.9,99.99999999999997,100.0,1.0,0.9,0.9,1.0,1.0,1.0
DiffSBDD,22,contact_clash_rule,DiffSBDD,4yhj-A-rec-4yhj-an2-lig-tt-min-0-pocket10_4yhj-A-rec-4yhj-an2-lig-tt-min-0,10,10,1.0,0.8,199.99999999999994,200.0,0.9,0.8888888888888888,0.8888888888888888,1.0,1.0,1.0
DiffSBDD,22,full_audit_gate_qedsa_fixed_budget,DiffSBDD,4yhj-A-rec-4yhj-an2-lig-tt-min-0-pocket10_4yhj-A-rec-4yhj-an2-lig-tt-min-0,10,10,1.0,0.9,99.99999999999997,100.0,1.0,0.9,0.9,1.0,1.0,1.0
DiffSBDD,22,full_audit_gate_qedsa_no_backfill,DiffSBDD,4yhj-A-rec-4yhj-an2-lig-tt-min-0-pocket10_4yhj-A-rec-4yhj-an2-lig-tt-min-0,10,10,1.0,0.9,99.99999999999997,100.0,1.0,0.9,0.9,1.0,1.0,1.0
DiffSBDD,22,audit_failure_count_qedsa,DiffSBDD,4yhj-A-rec-4yhj-an2-lig-tt-min-0-pocket10_4yhj-A-rec-4yhj-an2-lig-tt-min-0,10,10,1.0,0.9,99.99999999999997,100.0,1.0,0.9,0.9,1.0,1.0,1.0
DiffSBDD,22,phys_logreg_full,DiffSBDD,4yhj-A-rec-4yhj-an2-lig-tt-min-0-pocket10_4yhj-A-rec-4yhj-an2-lig-tt-min-0,10,10,1.0,0.9,99.99999999999997,100.0,1.0,0.9,0.9,1.0,1.0,1.0
DiffSBDD,22,phys_hgb_full,DiffSBDD,4yhj-A-rec-4yhj-an2-lig-tt-min-0-pocket10_4yhj-A-rec-4yhj-an2-lig-tt-min-0,10,10,1.0,0.8,199.99999999999994,200.0,1.0,0.8,0.8,1.0,1.0,1.0
DiffSBDD,22,phys_rf_direct_excluded,DiffSBDD,4yhj-A-rec-4yhj-an2-lig-tt-min-0-pocket10_4yhj-A-rec-4yhj-an2-lig-tt-min-0,10,10,1.0,0.8,199.99999999999994,200.0,1.0,0.8,0.8,1.0,1.0,1.0
DiffSBDD,22,phys_rf_full,DiffSBDD,4yhj-A-rec-4yhj-an2-lig-tt-min-0-pocket10_4yhj-A-rec-4yhj-an2-lig-tt-min-0,10,10,1.0,0.8,199.99999999999994,200.0,1.0,0.8,0.8,1.0,1.0,1.0
DiffSBDD,22,qed_sa,DiffSBDD,5mgl-A-rec-5mgl-7mu-lig-tt-min-0-pocket10_5mgl-A-rec-5mgl-7mu-lig-tt-min-0,10,10,1.0,1.0,0.0,0.0,1.0,1.0,1.0,1.0,1.0,1.0
DiffSBDD,22,contact_clash_rule,DiffSBDD,5mgl-A-rec-5mgl-7mu-lig-tt-min-0-pocket10_5mgl-A-rec-5mgl-7mu-lig-tt-min-0,10,10,1.0,1.0,0.0,0.0,1.0,1.0,1.0,1.0,1.0,1.0
DiffSBDD,22,full_audit_gate_qedsa_fixed_budget,DiffSBDD,5mgl-A-rec-5mgl-7mu-lig-tt-min-0-pocket10_5mgl-A-rec-5mgl-7mu-lig-tt-min-0,10,10,1.0,1.0,0.0,0.0,1.0,1.0,1.0,1.0,1.0,1.0
DiffSBDD,22,full_audit_gate_qedsa_no_backfill,DiffSBDD,5mgl-A-rec-5mgl-7mu-lig-tt-min-0-pocket10_5mgl-A-rec-5mgl-7mu-lig-tt-min-0,10,10,1.0,1.0,0.0,0.0,1.0,1.0,1.0,1.0,1.0,1.0
DiffSBDD,22,audit_failure_count_qedsa,DiffSBDD,5mgl-A-rec-5mgl-7mu-lig-tt-min-0-pocket10_5mgl-A-rec-5mgl-7mu-lig-tt-min-0,10,10,1.0,1.0,0.0,0.0,1.0,1.0,1.0,1.0,1.0,1.0
DiffSBDD,22,phys_logreg_full,DiffSBDD,5mgl-A-rec-5mgl-7mu-lig-tt-min-0-pocket10_5mgl-A-rec-5mgl-7mu-lig-tt-min-0,10,10,1.0,1.0,0.0,0.0,1.0,1.0,1.0,1.0,1.0,1.0
DiffSBDD,22,phys_hgb_full,DiffSBDD,5mgl-A-rec-5mgl-7mu-lig-tt-min-0-pocket10_5mgl-A-rec-5mgl-7mu-lig-tt-min-0,10,10,1.0,1.0,0.0,0.0,1.0,1.0,1.0,1.0,1.0,1.0
DiffSBDD,22,phys_rf_direct_excluded,DiffSBDD,5mgl-A-rec-5mgl-7mu-lig-tt-min-0-pocket10_5mgl-A-rec-5mgl-7mu-lig-tt-min-0,10,10,1.0,1.0,0.0,0.0,1.0,1.0,1.0,1.0,1.0,1.0
DiffSBDD,22,phys_rf_full,DiffSBDD,5mgl-A-rec-5mgl-7mu-lig-tt-min-0-pocket10_5mgl-A-rec-5mgl-7mu-lig-tt-min-0,10,10,1.0,1.0,0.0,0.0,1.0,1.0,1.0,1.0,1.0,1.0
DiffSBDD,22,qed_sa,DiffSBDD,5mma-A-rec-4ztf-x2p-lig-tt-min-0-pocket10_5mma-A-rec-4ztf-x2p-lig-tt-min-0,10,10,1.0,0.7,300.00000000000006,300.0,1.0,0.7,1.0,0.7,0.7,1.0
DiffSBDD,22,contact_clash_rule,DiffSBDD,5mma-A-rec-4ztf-x2p-lig-tt-min-0-pocket10_5mma-A-rec-4ztf-x2p-lig-tt-min-0,10,10,1.0,0.8,199.99999999999994,200.0,1.0,0.8,0.9,0.8,0.8,1.0
DiffSBDD,22,full_audit_gate_qedsa_fixed_budget,DiffSBDD,5mma-A-rec-4ztf-x2p-lig-tt-min-0-pocket10_5mma-A-rec-4ztf-x2p-lig-tt-min-0,10,10,1.0,0.8,199.99999999999994,200.0,1.0,0.8,1.0,0.8,0.8,1.0
DiffSBDD,22,full_audit_gate_qedsa_no_backfill,DiffSBDD,5mma-A-rec-4ztf-x2p-lig-tt-min-0-pocket10_5mma-A-rec-4ztf-x2p-lig-tt-min-0,10,10,1.0,0.8,199.99999999999994,200.0,1.0,0.8,1.0,0.8,0.8,1.0
DiffSBDD,22,audit_failure_count_qedsa,DiffSBDD,5mma-A-rec-4ztf-x2p-lig-tt-min-0-pocket10_5mma-A-rec-4ztf-x2p-lig-tt-min-0,10,10,1.0,0.8,199.99999999999994,200.0,1.0,0.8,1.0,0.8,0.8,1.0
DiffSBDD,22,phys_logreg_full,DiffSBDD,5mma-A-rec-4ztf-x2p-lig-tt-min-0-pocket10_5mma-A-rec-4ztf-x2p-lig-tt-min-0,10,10,1.0,1.0,0.0,0.0,1.0,1.0,1.0,1.0,1.0,1.0
DiffSBDD,22,phys_hgb_full,DiffSBDD,5mma-A-rec-4ztf-x2p-lig-tt-min-0-pocket10_5mma-A-rec-4ztf-x2p-lig-tt-min-0,10,10,1.0,0.9,99.99999999999997,100.0,1.0,0.9,1.0,0.9,0.9,1.0
DiffSBDD,22,phys_rf_direct_excluded,DiffSBDD,5mma-A-rec-4ztf-x2p-lig-tt-min-0-pocket10_5mma-A-rec-4ztf-x2p-lig-tt-min-0,10,10,1.0,1.0,0.0,0.0,1.0,1.0,1.0,1.0,1.0,1.0
DiffSBDD,22,phys_rf_full,DiffSBDD,5mma-A-rec-4ztf-x2p-lig-tt-min-0-pocket10_5mma-A-rec-4ztf-x2p-lig-tt-min-0,10,10,1.0,1.0,0.0,0.0,1.0,1.0,1.0,1.0,1.0,1.0
DiffSBDD,22,qed_sa,DiffSBDD,5ngz-A-rec-5ngz-2bg-lig-tt-min-0-pocket10_5ngz-A-rec-5ngz-2bg-lig-tt-min-0,10,10,1.0,0.9,99.99999999999997,100.0,1.0,0.9,1.0,0.9,0.9,1.0
DiffSBDD,22,contact_clash_rule,DiffSBDD,5ngz-A-rec-5ngz-2bg-lig-tt-min-0-pocket10_5ngz-A-rec-5ngz-2bg-lig-tt-min-0,10,10,1.0,0.9,99.99999999999997,100.0,0.9,1.0,1.0,1.0,1.0,1.0
DiffSBDD,22,full_audit_gate_qedsa_fixed_budget,DiffSBDD,5ngz-A-rec-5ngz-2bg-lig-tt-min-0-pocket10_5ngz-A-rec-5ngz-2bg-lig-tt-min-0,10,10,1.0,1.0,0.0,0.0,1.0,1.0,1.0,1.0,1.0,1.0
DiffSBDD,22,full_audit_gate_qedsa_no_backfill,DiffSBDD,5ngz-A-rec-5ngz-2bg-lig-tt-min-0-pocket10_5ngz-A-rec-5ngz-2bg-lig-tt-min-0,10,10,1.0,1.0,0.0,0.0,1.0,1.0,1.0,1.0,1.0,1.0
DiffSBDD,22,audit_failure_count_qedsa,DiffSBDD,5ngz-A-rec-5ngz-2bg-lig-tt-min-0-pocket10_5ngz-A-rec-5ngz-2bg-lig-tt-min-0,10,10,1.0,1.0,0.0,0.0,1.0,1.0,1.0,1.0,1.0,1.0
DiffSBDD,22,phys_logreg_full,DiffSBDD,5ngz-A-rec-5ngz-2bg-lig-tt-min-0-pocket10_5ngz-A-rec-5ngz-2bg-lig-tt-min-0,10,10,1.0,1.0,0.0,0.0,1.0,1.0,1.0,1.0,1.0,1.0
DiffSBDD,22,phys_hgb_full,DiffSBDD,5ngz-A-rec-5ngz-2bg-lig-tt-min-0-pocket10_5ngz-A-rec-5ngz-2bg-lig-tt-min-0,10,10,1.0,1.0,0.0,0.0,1.0,1.0,1.0,1.0,1.0,1.0
DiffSBDD,22,phys_rf_direct_excluded,DiffSBDD,5ngz-A-rec-5ngz-2bg-lig-tt-min-0-pocket10_5ngz-A-rec-5ngz-2bg-lig-tt-min-0,10,10,1.0,1.0,0.0,0.0,1.0,1.0,1.0,1.0,1.0,1.0
DiffSBDD,22,phys_rf_full,DiffSBDD,5ngz-A-rec-5ngz-2bg-lig-tt-min-0-pocket10_5ngz-A-rec-5ngz-2bg-lig-tt-min-0,10,10,1.0,1.0,0.0,0.0,1.0,1.0,1.0,1.0,1.0,1.0
DiffSBDD,22,qed_sa,DiffSBDD,5tjn-A-rec-1zj1-nlc-lig-tt-docked-4-pocket10_5tjn-A-rec-1zj1-nlc-lig-tt-docked-4,10,10,1.0,0.9,99.99999999999997,100.0,1.0,0.9,0.9,1.0,1.0,1.0
DiffSBDD,22,contact_clash_rule,DiffSBDD,5tjn-A-rec-1zj1-nlc-lig-tt-docked-4-pocket10_5tjn-A-rec-1zj1-nlc-lig-tt-docked-4,10,10,1.0,0.9,99.99999999999997,100.0,1.0,0.9,1.0,0.9,0.9,1.0
DiffSBDD,22,full_audit_gate_qedsa_fixed_budget,DiffSBDD,5tjn-A-rec-1zj1-nlc-lig-tt-docked-4-pocket10_5tjn-A-rec-1zj1-nlc-lig-tt-docked-4,10,10,1.0,0.9,99.99999999999997,100.0,1.0,0.9,0.9,1.0,1.0,1.0
DiffSBDD,22,full_audit_gate_qedsa_no_backfill,DiffSBDD,5tjn-A-rec-1zj1-nlc-lig-tt-docked-4-pocket10_5tjn-A-rec-1zj1-nlc-lig-tt-docked-4,10,10,1.0,0.9,99.99999999999997,100.0,1.0,0.9,0.9,1.0,1.0,1.0
DiffSBDD,22,audit_failure_count_qedsa,DiffSBDD,5tjn-A-rec-1zj1-nlc-lig-tt-docked-4-pocket10_5tjn-A-rec-1zj1-nlc-lig-tt-docked-4,10,10,1.0,0.9,99.99999999999997,100.0,1.0,0.9,0.9,1.0,1.0,1.0
DiffSBDD,22,phys_logreg_full,DiffSBDD,5tjn-A-rec-1zj1-nlc-lig-tt-docked-4-pocket10_5tjn-A-rec-1zj1-nlc-lig-tt-docked-4,10,10,1.0,0.7,300.00000000000006,300.0,1.0,0.7,0.7,1.0,1.0,1.0
DiffSBDD,22,phys_hgb_full,DiffSBDD,5tjn-A-rec-1zj1-nlc-lig-tt-docked-4-pocket10_5tjn-A-rec-1zj1-nlc-lig-tt-docked-4,10,10,1.0,0.8,199.99999999999994,200.0,1.0,0.8,0.8,1.0,1.0,1.0
DiffSBDD,22,phys_rf_direct_excluded,DiffSBDD,5tjn-A-rec-1zj1-nlc-lig-tt-docked-4-pocket10_5tjn-A-rec-1zj1-nlc-lig-tt-docked-4,10,10,1.0,0.8,199.99999999999994,200.0,1.0,0.8,0.8,1.0,1.0,1.0
DiffSBDD,22,phys_rf_full,DiffSBDD,5tjn-A-rec-1zj1-nlc-lig-tt-docked-4-pocket10_5tjn-A-rec-1zj1-nlc-lig-tt-docked-4,10,10,1.0,0.7,300.00000000000006,300.0,1.0,0.7,0.8,1.0,0.9,1.0
DiffSBDD,22,qed_sa,DiffSBDD,5w2g-A-rec-5w2i-adp-lig-tt-min-0-pocket10_5w2g-A-rec-5w2i-adp-lig-tt-min-0,10,10,1.0,0.9,99.99999999999997,100.0,1.0,0.9,0.9,1.0,1.0,1.0
DiffSBDD,22,contact_clash_rule,DiffSBDD,5w2g-A-rec-5w2i-adp-lig-tt-min-0-pocket10_5w2g-A-rec-5w2i-adp-lig-tt-min-0,10,10,1.0,0.9,99.99999999999997,100.0,1.0,0.9,0.9,1.0,1.0,1.0
DiffSBDD,22,full_audit_gate_qedsa_fixed_budget,DiffSBDD,5w2g-A-rec-5w2i-adp-lig-tt-min-0-pocket10_5w2g-A-rec-5w2i-adp-lig-tt-min-0,10,10,1.0,0.9,99.99999999999997,100.0,1.0,0.9,0.9,1.0,1.0,1.0
DiffSBDD,22,full_audit_gate_qedsa_no_backfill,DiffSBDD,5w2g-A-rec-5w2i-adp-lig-tt-min-0-pocket10_5w2g-A-rec-5w2i-adp-lig-tt-min-0,10,10,1.0,0.9,99.99999999999997,100.0,1.0,0.9,0.9,1.0,1.0,1.0
DiffSBDD,22,audit_failure_count_qedsa,DiffSBDD,5w2g-A-rec-5w2i-adp-lig-tt-min-0-pocket10_5w2g-A-rec-5w2i-adp-lig-tt-min-0,10,10,1.0,0.9,99.99999999999997,100.0,1.0,0.9,0.9,1.0,1.0,1.0
DiffSBDD,22,phys_logreg_full,DiffSBDD,5w2g-A-rec-5w2i-adp-lig-tt-min-0-pocket10_5w2g-A-rec-5w2i-adp-lig-tt-min-0,10,10,1.0,1.0,0.0,0.0,1.0,1.0,1.0,1.0,1.0,1.0
DiffSBDD,22,phys_hgb_full,DiffSBDD,5w2g-A-rec-5w2i-adp-lig-tt-min-0-pocket10_5w2g-A-rec-5w2i-adp-lig-tt-min-0,10,10,1.0,1.0,0.0,0.0,1.0,1.0,1.0,1.0,1.0,1.0
DiffSBDD,22,phys_rf_direct_excluded,DiffSBDD,5w2g-A-rec-5w2i-adp-lig-tt-min-0-pocket10_5w2g-A-rec-5w2i-adp-lig-tt-min-0,10,10,1.0,1.0,0.0,0.0,1.0,1.0,1.0,1.0,1.0,1.0
DiffSBDD,22,phys_rf_full,DiffSBDD,5w2g-A-rec-5w2i-adp-lig-tt-min-0-pocket10_5w2g-A-rec-5w2i-adp-lig-tt-min-0,10,10,1.0,0.9,99.99999999999997,100.0,1.0,0.9,0.9,1.0,1.0,1.0
DiffSBDD,22,qed_sa,DiffSBDD,5q0k-A-rec-5q0q-9ld-lig-tt-docked-0-pocket10_5q0k-A-rec-5q0q-9ld-lig-tt-docked-0,10,10,1.0,0.9,99.99999999999997,100.0,1.0,0.9,0.9,1.0,1.0,1.0
DiffSBDD,22,contact_clash_rule,DiffSBDD,5q0k-A-rec-5q0q-9ld-lig-tt-docked-0-pocket10_5q0k-A-rec-5q0q-9ld-lig-tt-docked-0,10,10,1.0,0.9,99.99999999999997,100.0,1.0,0.9,0.9,1.0,1.0,1.0
DiffSBDD,22,full_audit_gate_qedsa_fixed_budget,DiffSBDD,5q0k-A-rec-5q0q-9ld-lig-tt-docked-0-pocket10_5q0k-A-rec-5q0q-9ld-lig-tt-docked-0,10,10,1.0,0.9,99.99999999999997,100.0,1.0,0.9,0.9,1.0,1.0,1.0
DiffSBDD,22,full_audit_gate_qedsa_no_backfill,DiffSBDD,5q0k-A-rec-5q0q-9ld-lig-tt-docked-0-pocket10_5q0k-A-rec-5q0q-9ld-lig-tt-docked-0,10,10,1.0,0.9,99.99999999999997,100.0,1.0,0.9,0.9,1.0,1.0,1.0
DiffSBDD,22,audit_failure_count_qedsa,DiffSBDD,5q0k-A-rec-5q0q-9ld-lig-tt-docked-0-pocket10_5q0k-A-rec-5q0q-9ld-lig-tt-docked-0,10,10,1.0,0.9,99.99999999999997,100.0,1.0,0.9,0.9,1.0,1.0,1.0
DiffSBDD,22,phys_logreg_full,DiffSBDD,5q0k-A-rec-5q0q-9ld-lig-tt-docked-0-pocket10_5q0k-A-rec-5q0q-9ld-lig-tt-docked-0,10,10,1.0,1.0,0.0,0.0,1.0,1.0,1.0,1.0,1.0,1.0
DiffSBDD,22,phys_hgb_full,DiffSBDD,5q0k-A-rec-5q0q-9ld-lig-tt-docked-0-pocket10_5q0k-A-rec-5q0q-9ld-lig-tt-docked-0,10,10,1.0,0.9,99.99999999999997,100.0,1.0,0.9,0.9,1.0,1.0,1.0
DiffSBDD,22,phys_rf_direct_excluded,DiffSBDD,5q0k-A-rec-5q0q-9ld-lig-tt-docked-0-pocket10_5q0k-A-rec-5q0q-9ld-lig-tt-docked-0,10,10,1.0,0.9,99.99999999999997,100.0,1.0,0.9,0.9,1.0,1.0,1.0
DiffSBDD,22,phys_rf_full,DiffSBDD,5q0k-A-rec-5q0q-9ld-lig-tt-docked-0-pocket10_5q0k-A-rec-5q0q-9ld-lig-tt-docked-0,10,10,1.0,0.9,99.99999999999997,100.0,1.0,0.9,0.9,1.0,1.0,1.0
DiffSBDD,33,qed_sa,DiffSBDD,2gns-A-rec-4qer-stl-lig-tt-min-0-pocket10_2gns-A-rec-4qer-stl-lig-tt-min-0,10,10,1.0,0.7,300.00000000000006,300.0,1.0,0.7,0.7,0.9,0.9,1.0
DiffSBDD,33,contact_clash_rule,DiffSBDD,2gns-A-rec-4qer-stl-lig-tt-min-0-pocket10_2gns-A-rec-4qer-stl-lig-tt-min-0,10,10,1.0,0.7,300.00000000000006,300.0,0.9,0.7777777777777778,0.7777777777777778,1.0,1.0,1.0
DiffSBDD,33,full_audit_gate_qedsa_fixed_budget,DiffSBDD,2gns-A-rec-4qer-stl-lig-tt-min-0-pocket10_2gns-A-rec-4qer-stl-lig-tt-min-0,10,10,1.0,0.9,99.99999999999997,100.0,1.0,0.9,0.9,1.0,1.0,1.0
DiffSBDD,33,full_audit_gate_qedsa_no_backfill,DiffSBDD,2gns-A-rec-4qer-stl-lig-tt-min-0-pocket10_2gns-A-rec-4qer-stl-lig-tt-min-0,10,10,1.0,0.9,99.99999999999997,100.0,1.0,0.9,0.9,1.0,1.0,1.0
DiffSBDD,33,audit_failure_count_qedsa,DiffSBDD,2gns-A-rec-4qer-stl-lig-tt-min-0-pocket10_2gns-A-rec-4qer-stl-lig-tt-min-0,10,10,1.0,0.9,99.99999999999997,100.0,1.0,0.9,0.9,1.0,1.0,1.0
DiffSBDD,33,phys_logreg_full,DiffSBDD,2gns-A-rec-4qer-stl-lig-tt-min-0-pocket10_2gns-A-rec-4qer-stl-lig-tt-min-0,10,10,1.0,0.9,99.99999999999997,100.0,1.0,0.9,1.0,1.0,0.9,1.0
DiffSBDD,33,phys_hgb_full,DiffSBDD,2gns-A-rec-4qer-stl-lig-tt-min-0-pocket10_2gns-A-rec-4qer-stl-lig-tt-min-0,10,10,1.0,0.9,99.99999999999997,100.0,1.0,0.9,1.0,1.0,0.9,1.0
DiffSBDD,33,phys_rf_direct_excluded,DiffSBDD,2gns-A-rec-4qer-stl-lig-tt-min-0-pocket10_2gns-A-rec-4qer-stl-lig-tt-min-0,10,10,1.0,1.0,0.0,0.0,1.0,1.0,1.0,1.0,1.0,1.0
DiffSBDD,33,phys_rf_full,DiffSBDD,2gns-A-rec-4qer-stl-lig-tt-min-0-pocket10_2gns-A-rec-4qer-stl-lig-tt-min-0,10,10,1.0,0.9,99.99999999999997,100.0,1.0,0.9,0.9,1.0,1.0,1.0
DiffSBDD,33,qed_sa,DiffSBDD,1jn2-P-rec-1val-png-lig-tt-docked-11-pocket10_1jn2-P-rec-1val-png-lig-tt-docked-11,10,10,1.0,0.9,99.99999999999997,100.0,1.0,0.9,0.9,0.9,1.0,1.0
DiffSBDD,33,contact_clash_rule,DiffSBDD,1jn2-P-rec-1val-png-lig-tt-docked-11-pocket10_1jn2-P-rec-1val-png-lig-tt-docked-11,10,10,1.0,0.7,300.00000000000006,300.0,1.0,0.7,0.9,0.7,0.9,1.0
DiffSBDD,33,full_audit_gate_qedsa_fixed_budget,DiffSBDD,1jn2-P-rec-1val-png-lig-tt-docked-11-pocket10_1jn2-P-rec-1val-png-lig-tt-docked-11,10,10,1.0,0.9,99.99999999999997,100.0,1.0,0.9,0.9,0.9,1.0,1.0
DiffSBDD,33,full_audit_gate_qedsa_no_backfill,DiffSBDD,1jn2-P-rec-1val-png-lig-tt-docked-11-pocket10_1jn2-P-rec-1val-png-lig-tt-docked-11,10,10,1.0,0.9,99.99999999999997,100.0,1.0,0.9,0.9,0.9,1.0,1.0
DiffSBDD,33,audit_failure_count_qedsa,DiffSBDD,1jn2-P-rec-1val-png-lig-tt-docked-11-pocket10_1jn2-P-rec-1val-png-lig-tt-docked-11,10,10,1.0,0.9,99.99999999999997,100.0,1.0,0.9,0.9,0.9,1.0,1.0
DiffSBDD,33,phys_logreg_full,DiffSBDD,1jn2-P-rec-1val-png-lig-tt-docked-11-pocket10_1jn2-P-rec-1val-png-lig-tt-docked-11,10,10,1.0,0.9,99.99999999999997,100.0,0.9,1.0,1.0,1.0,1.0,1.0
DiffSBDD,33,phys_hgb_full,DiffSBDD,1jn2-P-rec-1val-png-lig-tt-docked-11-pocket10_1jn2-P-rec-1val-png-lig-tt-docked-11,10,10,1.0,0.9,99.99999999999997,100.0,0.9,1.0,1.0,1.0,1.0,1.0
DiffSBDD,33,phys_rf_direct_excluded,DiffSBDD,1jn2-P-rec-1val-png-lig-tt-docked-11-pocket10_1jn2-P-rec-1val-png-lig-tt-docked-11,10,10,1.0,1.0,0.0,0.0,1.0,1.0,1.0,1.0,1.0,1.0
DiffSBDD,33,phys_rf_full,DiffSBDD,1jn2-P-rec-1val-png-lig-tt-docked-11-pocket10_1jn2-P-rec-1val-png-lig-tt-docked-11,10,10,1.0,1.0,0.0,0.0,1.0,1.0,1.0,1.0,1.0,1.0
DiffSBDD,33,qed_sa,DiffSBDD,1dxo-C-rec-1gg5-e09-lig-tt-min-0-pocket10_1dxo-C-rec-1gg5-e09-lig-tt-min-0,10,10,1.0,0.9,99.99999999999997,100.0,1.0,0.9,0.9,1.0,0.9,1.0
DiffSBDD,33,contact_clash_rule,DiffSBDD,1dxo-C-rec-1gg5-e09-lig-tt-min-0-pocket10_1dxo-C-rec-1gg5-e09-lig-tt-min-0,10,10,1.0,0.9,99.99999999999997,100.0,1.0,0.9,0.9,1.0,0.9,1.0
DiffSBDD,33,full_audit_gate_qedsa_fixed_budget,DiffSBDD,1dxo-C-rec-1gg5-e09-lig-tt-min-0-pocket10_1dxo-C-rec-1gg5-e09-lig-tt-min-0,10,10,1.0,0.9,99.99999999999997,100.0,1.0,0.9,0.9,1.0,0.9,1.0
DiffSBDD,33,full_audit_gate_qedsa_no_backfill,DiffSBDD,1dxo-C-rec-1gg5-e09-lig-tt-min-0-pocket10_1dxo-C-rec-1gg5-e09-lig-tt-min-0,10,10,1.0,0.9,99.99999999999997,100.0,1.0,0.9,0.9,1.0,0.9,1.0
DiffSBDD,33,audit_failure_count_qedsa,DiffSBDD,1dxo-C-rec-1gg5-e09-lig-tt-min-0-pocket10_1dxo-C-rec-1gg5-e09-lig-tt-min-0,10,10,1.0,0.9,99.99999999999997,100.0,1.0,0.9,0.9,1.0,0.9,1.0
DiffSBDD,33,phys_logreg_full,DiffSBDD,1dxo-C-rec-1gg5-e09-lig-tt-min-0-pocket10_1dxo-C-rec-1gg5-e09-lig-tt-min-0,10,10,1.0,1.0,0.0,0.0,1.0,1.0,1.0,1.0,1.0,1.0
DiffSBDD,33,phys_hgb_full,DiffSBDD,1dxo-C-rec-1gg5-e09-lig-tt-min-0-pocket10_1dxo-C-rec-1gg5-e09-lig-tt-min-0,10,10,1.0,0.9,99.99999999999997,100.0,1.0,0.9,1.0,1.0,0.9,1.0
DiffSBDD,33,phys_rf_direct_excluded,DiffSBDD,1dxo-C-rec-1gg5-e09-lig-tt-min-0-pocket10_1dxo-C-rec-1gg5-e09-lig-tt-min-0,10,10,1.0,0.9,99.99999999999997,100.0,1.0,0.9,1.0,1.0,0.9,1.0
DiffSBDD,33,phys_rf_full,DiffSBDD,1dxo-C-rec-1gg5-e09-lig-tt-min-0-pocket10_1dxo-C-rec-1gg5-e09-lig-tt-min-0,10,10,1.0,0.9,99.99999999999997,100.0,1.0,0.9,1.0,1.0,0.9,1.0
DiffSBDD,33,qed_sa,DiffSBDD,14gs-A-rec-20gs-cbd-lig-tt-min-0-pocket10_14gs-A-rec-20gs-cbd-lig-tt-min-0,10,10,1.0,1.0,0.0,0.0,1.0,1.0,1.0,1.0,1.0,1.0
DiffSBDD,33,contact_clash_rule,DiffSBDD,14gs-A-rec-20gs-cbd-lig-tt-min-0-pocket10_14gs-A-rec-20gs-cbd-lig-tt-min-0,10,10,1.0,1.0,0.0,0.0,1.0,1.0,1.0,1.0,1.0,1.0
DiffSBDD,33,full_audit_gate_qedsa_fixed_budget,DiffSBDD,14gs-A-rec-20gs-cbd-lig-tt-min-0-pocket10_14gs-A-rec-20gs-cbd-lig-tt-min-0,10,10,1.0,1.0,0.0,0.0,1.0,1.0,1.0,1.0,1.0,1.0
DiffSBDD,33,full_audit_gate_qedsa_no_backfill,DiffSBDD,14gs-A-rec-20gs-cbd-lig-tt-min-0-pocket10_14gs-A-rec-20gs-cbd-lig-tt-min-0,10,10,1.0,1.0,0.0,0.0,1.0,1.0,1.0,1.0,1.0,1.0
DiffSBDD,33,audit_failure_count_qedsa,DiffSBDD,14gs-A-rec-20gs-cbd-lig-tt-min-0-pocket10_14gs-A-rec-20gs-cbd-lig-tt-min-0,10,10,1.0,1.0,0.0,0.0,1.0,1.0,1.0,1.0,1.0,1.0
DiffSBDD,33,phys_logreg_full,DiffSBDD,14gs-A-rec-20gs-cbd-lig-tt-min-0-pocket10_14gs-A-rec-20gs-cbd-lig-tt-min-0,10,10,1.0,1.0,0.0,0.0,1.0,1.0,1.0,1.0,1.0,1.0
DiffSBDD,33,phys_hgb_full,DiffSBDD,14gs-A-rec-20gs-cbd-lig-tt-min-0-pocket10_14gs-A-rec-20gs-cbd-lig-tt-min-0,10,10,1.0,1.0,0.0,0.0,1.0,1.0,1.0,1.0,1.0,1.0
DiffSBDD,33,phys_rf_direct_excluded,DiffSBDD,14gs-A-rec-20gs-cbd-lig-tt-min-0-pocket10_14gs-A-rec-20gs-cbd-lig-tt-min-0,10,10,1.0,1.0,0.0,0.0,1.0,1.0,1.0,1.0,1.0,1.0
DiffSBDD,33,phys_rf_full,DiffSBDD,14gs-A-rec-20gs-cbd-lig-tt-min-0-pocket10_14gs-A-rec-20gs-cbd-lig-tt-min-0,10,10,1.0,1.0,0.0,0.0,1.0,1.0,1.0,1.0,1.0,1.0
DiffSBDD,33,qed_sa,DiffSBDD,2pqw-A-rec-2rhy-mlz-lig-tt-min-0-pocket10_2pqw-A-rec-2rhy-mlz-lig-tt-min-0,10,10,1.0,0.8,199.99999999999994,200.0,1.0,0.8,0.9,0.9,1.0,1.0
DiffSBDD,33,contact_clash_rule,DiffSBDD,2pqw-A-rec-2rhy-mlz-lig-tt-min-0-pocket10_2pqw-A-rec-2rhy-mlz-lig-tt-min-0,10,10,1.0,0.8,199.99999999999994,200.0,1.0,0.8,1.0,0.9,0.9,1.0
DiffSBDD,33,full_audit_gate_qedsa_fixed_budget,DiffSBDD,2pqw-A-rec-2rhy-mlz-lig-tt-min-0-pocket10_2pqw-A-rec-2rhy-mlz-lig-tt-min-0,10,10,1.0,0.8,199.99999999999994,200.0,1.0,0.8,0.9,0.9,1.0,1.0
DiffSBDD,33,full_audit_gate_qedsa_no_backfill,DiffSBDD,2pqw-A-rec-2rhy-mlz-lig-tt-min-0-pocket10_2pqw-A-rec-2rhy-mlz-lig-tt-min-0,10,10,1.0,0.8,199.99999999999994,200.0,1.0,0.8,0.9,0.9,1.0,1.0
DiffSBDD,33,audit_failure_count_qedsa,DiffSBDD,2pqw-A-rec-2rhy-mlz-lig-tt-min-0-pocket10_2pqw-A-rec-2rhy-mlz-lig-tt-min-0,10,10,1.0,0.8,199.99999999999994,200.0,1.0,0.8,0.9,0.9,1.0,1.0
DiffSBDD,33,phys_logreg_full,DiffSBDD,2pqw-A-rec-2rhy-mlz-lig-tt-min-0-pocket10_2pqw-A-rec-2rhy-mlz-lig-tt-min-0,10,10,1.0,1.0,0.0,0.0,1.0,1.0,1.0,1.0,1.0,1.0
DiffSBDD,33,phys_hgb_full,DiffSBDD,2pqw-A-rec-2rhy-mlz-lig-tt-min-0-pocket10_2pqw-A-rec-2rhy-mlz-lig-tt-min-0,10,10,1.0,1.0,0.0,0.0,1.0,1.0,1.0,1.0,1.0,1.0
DiffSBDD,33,phys_rf_direct_excluded,DiffSBDD,2pqw-A-rec-2rhy-mlz-lig-tt-min-0-pocket10_2pqw-A-rec-2rhy-mlz-lig-tt-min-0,10,10,1.0,1.0,0.0,0.0,1.0,1.0,1.0,1.0,1.0,1.0
DiffSBDD,33,phys_rf_full,DiffSBDD,2pqw-A-rec-2rhy-mlz-lig-tt-min-0-pocket10_2pqw-A-rec-2rhy-mlz-lig-tt-min-0,10,10,1.0,1.0,0.0,0.0,1.0,1.0,1.0,1.0,1.0,1.0
DiffSBDD,33,qed_sa,DiffSBDD,1a2g-A-rec-4jmv-1ly-lig-tt-min-0-pocket10_1a2g-A-rec-4jmv-1ly-lig-tt-min-0,10,10,1.0,1.0,0.0,0.0,1.0,1.0,1.0,1.0,1.0,1.0
DiffSBDD,33,contact_clash_rule,DiffSBDD,1a2g-A-rec-4jmv-1ly-lig-tt-min-0-pocket10_1a2g-A-rec-4jmv-1ly-lig-tt-min-0,10,10,1.0,1.0,0.0,0.0,1.0,1.0,1.0,1.0,1.0,1.0
DiffSBDD,33,full_audit_gate_qedsa_fixed_budget,DiffSBDD,1a2g-A-rec-4jmv-1ly-lig-tt-min-0-pocket10_1a2g-A-rec-4jmv-1ly-lig-tt-min-0,10,10,1.0,1.0,0.0,0.0,1.0,1.0,1.0,1.0,1.0,1.0
DiffSBDD,33,full_audit_gate_qedsa_no_backfill,DiffSBDD,1a2g-A-rec-4jmv-1ly-lig-tt-min-0-pocket10_1a2g-A-rec-4jmv-1ly-lig-tt-min-0,10,10,1.0,1.0,0.0,0.0,1.0,1.0,1.0,1.0,1.0,1.0
DiffSBDD,33,audit_failure_count_qedsa,DiffSBDD,1a2g-A-rec-4jmv-1ly-lig-tt-min-0-pocket10_1a2g-A-rec-4jmv-1ly-lig-tt-min-0,10,10,1.0,1.0,0.0,0.0,1.0,1.0,1.0,1.0,1.0,1.0
DiffSBDD,33,phys_logreg_full,DiffSBDD,1a2g-A-rec-4jmv-1ly-lig-tt-min-0-pocket10_1a2g-A-rec-4jmv-1ly-lig-tt-min-0,10,10,1.0,1.0,0.0,0.0,1.0,1.0,1.0,1.0,1.0,1.0
DiffSBDD,33,phys_hgb_full,DiffSBDD,1a2g-A-rec-4jmv-1ly-lig-tt-min-0-pocket10_1a2g-A-rec-4jmv-1ly-lig-tt-min-0,10,10,1.0,1.0,0.0,0.0,1.0,1.0,1.0,1.0,1.0,1.0
DiffSBDD,33,phys_rf_direct_excluded,DiffSBDD,1a2g-A-rec-4jmv-1ly-lig-tt-min-0-pocket10_1a2g-A-rec-4jmv-1ly-lig-tt-min-0,10,10,1.0,1.0,0.0,0.0,1.0,1.0,1.0,1.0,1.0,1.0
DiffSBDD,33,phys_rf_full,DiffSBDD,1a2g-A-rec-4jmv-1ly-lig-tt-min-0-pocket10_1a2g-A-rec-4jmv-1ly-lig-tt-min-0,10,10,1.0,1.0,0.0,0.0,1.0,1.0,1.0,1.0,1.0,1.0
DiffSBDD,33,qed_sa,DiffSBDD,2rhy-A-rec-2rhy-mlz-lig-tt-min-0-pocket10_2rhy-A-rec-2rhy-mlz-lig-tt-min-0,10,10,1.0,0.5,500.0,500.0,1.0,0.5,1.0,0.5,0.6,1.0
DiffSBDD,33,contact_clash_rule,DiffSBDD,2rhy-A-rec-2rhy-mlz-lig-tt-min-0-pocket10_2rhy-A-rec-2rhy-mlz-lig-tt-min-0,10,10,1.0,0.5,500.0,500.0,1.0,0.5,1.0,0.5,0.7,1.0
DiffSBDD,33,full_audit_gate_qedsa_fixed_budget,DiffSBDD,2rhy-A-rec-2rhy-mlz-lig-tt-min-0-pocket10_2rhy-A-rec-2rhy-mlz-lig-tt-min-0,10,10,1.0,0.7,300.00000000000006,300.0,1.0,0.7,1.0,0.7,0.8,1.0
DiffSBDD,33,full_audit_gate_qedsa_no_backfill,DiffSBDD,2rhy-A-rec-2rhy-mlz-lig-tt-min-0-pocket10_2rhy-A-rec-2rhy-mlz-lig-tt-min-0,10,10,1.0,0.7,300.00000000000006,300.0,1.0,0.7,1.0,0.7,0.8,1.0
DiffSBDD,33,audit_failure_count_qedsa,DiffSBDD,2rhy-A-rec-2rhy-mlz-lig-tt-min-0-pocket10_2rhy-A-rec-2rhy-mlz-lig-tt-min-0,10,10,1.0,0.7,300.00000000000006,300.0,1.0,0.7,1.0,0.7,0.8,1.0
DiffSBDD,33,phys_logreg_full,DiffSBDD,2rhy-A-rec-2rhy-mlz-lig-tt-min-0-pocket10_2rhy-A-rec-2rhy-mlz-lig-tt-min-0,10,10,1.0,1.0,0.0,0.0,1.0,1.0,1.0,1.0,1.0,1.0
DiffSBDD,33,phys_hgb_full,DiffSBDD,2rhy-A-rec-2rhy-mlz-lig-tt-min-0-pocket10_2rhy-A-rec-2rhy-mlz-lig-tt-min-0,10,10,1.0,1.0,0.0,0.0,1.0,1.0,1.0,1.0,1.0,1.0
DiffSBDD,33,phys_rf_direct_excluded,DiffSBDD,2rhy-A-rec-2rhy-mlz-lig-tt-min-0-pocket10_2rhy-A-rec-2rhy-mlz-lig-tt-min-0,10,10,1.0,1.0,0.0,0.0,1.0,1.0,1.0,1.0,1.0,1.0
DiffSBDD,33,phys_rf_full,DiffSBDD,2rhy-A-rec-2rhy-mlz-lig-tt-min-0-pocket10_2rhy-A-rec-2rhy-mlz-lig-tt-min-0,10,10,1.0,1.0,0.0,0.0,1.0,1.0,1.0,1.0,1.0,1.0
DiffSBDD,33,qed_sa,DiffSBDD,1d7j-A-rec-1tco-fk5-lig-tt-docked-0-pocket10_1d7j-A-rec-1tco-fk5-lig-tt-docked-0,10,10,1.0,0.8,199.99999999999994,200.0,1.0,0.8,1.0,0.9,0.8,1.0
DiffSBDD,33,contact_clash_rule,DiffSBDD,1d7j-A-rec-1tco-fk5-lig-tt-docked-0-pocket10_1d7j-A-rec-1tco-fk5-lig-tt-docked-0,10,10,1.0,0.8,199.99999999999994,200.0,1.0,0.8,1.0,0.8,0.8,1.0
DiffSBDD,33,full_audit_gate_qedsa_fixed_budget,DiffSBDD,1d7j-A-rec-1tco-fk5-lig-tt-docked-0-pocket10_1d7j-A-rec-1tco-fk5-lig-tt-docked-0,10,10,1.0,0.8,199.99999999999994,200.0,1.0,0.8,1.0,0.9,0.8,1.0
DiffSBDD,33,full_audit_gate_qedsa_no_backfill,DiffSBDD,1d7j-A-rec-1tco-fk5-lig-tt-docked-0-pocket10_1d7j-A-rec-1tco-fk5-lig-tt-docked-0,10,10,1.0,0.8,199.99999999999994,200.0,1.0,0.8,1.0,0.9,0.8,1.0
DiffSBDD,33,audit_failure_count_qedsa,DiffSBDD,1d7j-A-rec-1tco-fk5-lig-tt-docked-0-pocket10_1d7j-A-rec-1tco-fk5-lig-tt-docked-0,10,10,1.0,0.8,199.99999999999994,200.0,1.0,0.8,1.0,0.9,0.8,1.0
DiffSBDD,33,phys_logreg_full,DiffSBDD,1d7j-A-rec-1tco-fk5-lig-tt-docked-0-pocket10_1d7j-A-rec-1tco-fk5-lig-tt-docked-0,10,10,1.0,1.0,0.0,0.0,1.0,1.0,1.0,1.0,1.0,1.0
DiffSBDD,33,phys_hgb_full,DiffSBDD,1d7j-A-rec-1tco-fk5-lig-tt-docked-0-pocket10_1d7j-A-rec-1tco-fk5-lig-tt-docked-0,10,10,1.0,0.8,199.99999999999994,200.0,1.0,0.8,1.0,1.0,0.8,1.0
DiffSBDD,33,phys_rf_direct_excluded,DiffSBDD,1d7j-A-rec-1tco-fk5-lig-tt-docked-0-pocket10_1d7j-A-rec-1tco-fk5-lig-tt-docked-0,10,10,1.0,0.9,99.99999999999997,100.0,1.0,0.9,1.0,1.0,0.9,1.0
DiffSBDD,33,phys_rf_full,DiffSBDD,1d7j-A-rec-1tco-fk5-lig-tt-docked-0-pocket10_1d7j-A-rec-1tco-fk5-lig-tt-docked-0,10,10,1.0,1.0,0.0,0.0,1.0,1.0,1.0,1.0,1.0,1.0
DiffSBDD,33,qed_sa,DiffSBDD,2e6d-A-rec-2e6d-fum-lig-tt-min-0-pocket10_2e6d-A-rec-2e6d-fum-lig-tt-min-0,10,10,1.0,1.0,0.0,0.0,1.0,1.0,1.0,1.0,1.0,1.0
DiffSBDD,33,contact_clash_rule,DiffSBDD,2e6d-A-rec-2e6d-fum-lig-tt-min-0-pocket10_2e6d-A-rec-2e6d-fum-lig-tt-min-0,10,10,1.0,0.8,199.99999999999994,200.0,1.0,0.8,0.8,1.0,1.0,1.0
DiffSBDD,33,full_audit_gate_qedsa_fixed_budget,DiffSBDD,2e6d-A-rec-2e6d-fum-lig-tt-min-0-pocket10_2e6d-A-rec-2e6d-fum-lig-tt-min-0,10,10,1.0,0.9,99.99999999999997,100.0,0.9,1.0,1.0,1.0,1.0,1.0
DiffSBDD,33,full_audit_gate_qedsa_no_backfill,DiffSBDD,2e6d-A-rec-2e6d-fum-lig-tt-min-0-pocket10_2e6d-A-rec-2e6d-fum-lig-tt-min-0,10,10,1.0,0.9,99.99999999999997,100.0,0.9,1.0,1.0,1.0,1.0,1.0
DiffSBDD,33,audit_failure_count_qedsa,DiffSBDD,2e6d-A-rec-2e6d-fum-lig-tt-min-0-pocket10_2e6d-A-rec-2e6d-fum-lig-tt-min-0,10,10,1.0,0.9,99.99999999999997,100.0,0.9,1.0,1.0,1.0,1.0,1.0
DiffSBDD,33,phys_logreg_full,DiffSBDD,2e6d-A-rec-2e6d-fum-lig-tt-min-0-pocket10_2e6d-A-rec-2e6d-fum-lig-tt-min-0,10,10,1.0,1.0,0.0,0.0,1.0,1.0,1.0,1.0,1.0,1.0
DiffSBDD,33,phys_hgb_full,DiffSBDD,2e6d-A-rec-2e6d-fum-lig-tt-min-0-pocket10_2e6d-A-rec-2e6d-fum-lig-tt-min-0,10,10,1.0,0.9,99.99999999999997,100.0,1.0,0.9,1.0,0.9,0.9,1.0
DiffSBDD,33,phys_rf_direct_excluded,DiffSBDD,2e6d-A-rec-2e6d-fum-lig-tt-min-0-pocket10_2e6d-A-rec-2e6d-fum-lig-tt-min-0,10,10,1.0,1.0,0.0,0.0,1.0,1.0,1.0,1.0,1.0,1.0
DiffSBDD,33,phys_rf_full,DiffSBDD,2e6d-A-rec-2e6d-fum-lig-tt-min-0-pocket10_2e6d-A-rec-2e6d-fum-lig-tt-min-0,10,10,1.0,1.0,0.0,0.0,1.0,1.0,1.0,1.0,1.0,1.0
DiffSBDD,33,qed_sa,DiffSBDD,2azy-A-rec-2azy-chd-lig-tt-docked-0-pocket10_2azy-A-rec-2azy-chd-lig-tt-docked-0,10,10,1.0,0.9,99.99999999999997,100.0,0.9,1.0,1.0,1.0,1.0,1.0
DiffSBDD,33,contact_clash_rule,DiffSBDD,2azy-A-rec-2azy-chd-lig-tt-docked-0-pocket10_2azy-A-rec-2azy-chd-lig-tt-docked-0,10,10,1.0,0.9,99.99999999999997,100.0,0.9,1.0,1.0,1.0,1.0,1.0
DiffSBDD,33,full_audit_gate_qedsa_fixed_budget,DiffSBDD,2azy-A-rec-2azy-chd-lig-tt-docked-0-pocket10_2azy-A-rec-2azy-chd-lig-tt-docked-0,10,10,1.0,0.9,99.99999999999997,100.0,0.9,1.0,1.0,1.0,1.0,1.0
DiffSBDD,33,full_audit_gate_qedsa_no_backfill,DiffSBDD,2azy-A-rec-2azy-chd-lig-tt-docked-0-pocket10_2azy-A-rec-2azy-chd-lig-tt-docked-0,10,10,1.0,0.9,99.99999999999997,100.0,0.9,1.0,1.0,1.0,1.0,1.0
DiffSBDD,33,audit_failure_count_qedsa,DiffSBDD,2azy-A-rec-2azy-chd-lig-tt-docked-0-pocket10_2azy-A-rec-2azy-chd-lig-tt-docked-0,10,10,1.0,0.9,99.99999999999997,100.0,0.9,1.0,1.0,1.0,1.0,1.0
DiffSBDD,33,phys_logreg_full,DiffSBDD,2azy-A-rec-2azy-chd-lig-tt-docked-0-pocket10_2azy-A-rec-2azy-chd-lig-tt-docked-0,10,10,1.0,1.0,0.0,0.0,1.0,1.0,1.0,1.0,1.0,1.0
DiffSBDD,33,phys_hgb_full,DiffSBDD,2azy-A-rec-2azy-chd-lig-tt-docked-0-pocket10_2azy-A-rec-2azy-chd-lig-tt-docked-0,10,10,1.0,0.9,99.99999999999997,100.0,1.0,0.9,0.9,1.0,0.9,1.0
DiffSBDD,33,phys_rf_direct_excluded,DiffSBDD,2azy-A-rec-2azy-chd-lig-tt-docked-0-pocket10_2azy-A-rec-2azy-chd-lig-tt-docked-0,10,10,1.0,1.0,0.0,0.0,1.0,1.0,1.0,1.0,1.0,1.0
DiffSBDD,33,phys_rf_full,DiffSBDD,2azy-A-rec-2azy-chd-lig-tt-docked-0-pocket10_2azy-A-rec-2azy-chd-lig-tt-docked-0,10,10,1.0,1.0,0.0,0.0,1.0,1.0,1.0,1.0,1.0,1.0
DiffSBDD,33,qed_sa,DiffSBDD,2hcj-B-rec-2hcj-gdp-lig-tt-docked-0-pocket10_2hcj-B-rec-2hcj-gdp-lig-tt-docked-0,10,10,1.0,0.9,99.99999999999997,100.0,1.0,0.9,0.9,1.0,1.0,1.0
DiffSBDD,33,contact_clash_rule,DiffSBDD,2hcj-B-rec-2hcj-gdp-lig-tt-docked-0-pocket10_2hcj-B-rec-2hcj-gdp-lig-tt-docked-0,10,10,1.0,0.7,300.00000000000006,300.0,1.0,0.7,0.8,0.9,0.9,1.0
DiffSBDD,33,full_audit_gate_qedsa_fixed_budget,DiffSBDD,2hcj-B-rec-2hcj-gdp-lig-tt-docked-0-pocket10_2hcj-B-rec-2hcj-gdp-lig-tt-docked-0,10,10,1.0,0.9,99.99999999999997,100.0,1.0,0.9,0.9,1.0,1.0,1.0
DiffSBDD,33,full_audit_gate_qedsa_no_backfill,DiffSBDD,2hcj-B-rec-2hcj-gdp-lig-tt-docked-0-pocket10_2hcj-B-rec-2hcj-gdp-lig-tt-docked-0,10,10,1.0,0.9,99.99999999999997,100.0,1.0,0.9,0.9,1.0,1.0,1.0
DiffSBDD,33,audit_failure_count_qedsa,DiffSBDD,2hcj-B-rec-2hcj-gdp-lig-tt-docked-0-pocket10_2hcj-B-rec-2hcj-gdp-lig-tt-docked-0,10,10,1.0,0.9,99.99999999999997,100.0,1.0,0.9,0.9,1.0,1.0,1.0
DiffSBDD,33,phys_logreg_full,DiffSBDD,2hcj-B-rec-2hcj-gdp-lig-tt-docked-0-pocket10_2hcj-B-rec-2hcj-gdp-lig-tt-docked-0,10,10,1.0,0.9,99.99999999999997,100.0,1.0,0.9,0.9,1.0,1.0,1.0
DiffSBDD,33,phys_hgb_full,DiffSBDD,2hcj-B-rec-2hcj-gdp-lig-tt-docked-0-pocket10_2hcj-B-rec-2hcj-gdp-lig-tt-docked-0,10,10,1.0,1.0,0.0,0.0,1.0,1.0,1.0,1.0,1.0,1.0
DiffSBDD,33,phys_rf_direct_excluded,DiffSBDD,2hcj-B-rec-2hcj-gdp-lig-tt-docked-0-pocket10_2hcj-B-rec-2hcj-gdp-lig-tt-docked-0,10,10,1.0,0.8,199.99999999999994,200.0,1.0,0.8,0.8,1.0,1.0,1.0
DiffSBDD,33,phys_rf_full,DiffSBDD,2hcj-B-rec-2hcj-gdp-lig-tt-docked-0-pocket10_2hcj-B-rec-2hcj-gdp-lig-tt-docked-0,10,10,1.0,0.9,99.99999999999997,100.0,1.0,0.9,0.9,1.0,1.0,1.0
DiffSBDD,33,qed_sa,DiffSBDD,2e24-A-rec-1j0n-ceg-lig-tt-docked-14-pocket10_2e24-A-rec-1j0n-ceg-lig-tt-docked-14,10,10,1.0,1.0,0.0,0.0,1.0,1.0,1.0,1.0,1.0,1.0
DiffSBDD,33,contact_clash_rule,DiffSBDD,2e24-A-rec-1j0n-ceg-lig-tt-docked-14-pocket10_2e24-A-rec-1j0n-ceg-lig-tt-docked-14,10,10,1.0,1.0,0.0,0.0,1.0,1.0,1.0,1.0,1.0,1.0
DiffSBDD,33,full_audit_gate_qedsa_fixed_budget,DiffSBDD,2e24-A-rec-1j0n-ceg-lig-tt-docked-14-pocket10_2e24-A-rec-1j0n-ceg-lig-tt-docked-14,10,10,1.0,1.0,0.0,0.0,1.0,1.0,1.0,1.0,1.0,1.0
DiffSBDD,33,full_audit_gate_qedsa_no_backfill,DiffSBDD,2e24-A-rec-1j0n-ceg-lig-tt-docked-14-pocket10_2e24-A-rec-1j0n-ceg-lig-tt-docked-14,10,10,1.0,1.0,0.0,0.0,1.0,1.0,1.0,1.0,1.0,1.0
DiffSBDD,33,audit_failure_count_qedsa,DiffSBDD,2e24-A-rec-1j0n-ceg-lig-tt-docked-14-pocket10_2e24-A-rec-1j0n-ceg-lig-tt-docked-14,10,10,1.0,1.0,0.0,0.0,1.0,1.0,1.0,1.0,1.0,1.0
DiffSBDD,33,phys_logreg_full,DiffSBDD,2e24-A-rec-1j0n-ceg-lig-tt-docked-14-pocket10_2e24-A-rec-1j0n-ceg-lig-tt-docked-14,10,10,1.0,0.9,99.99999999999997,100.0,0.9,1.0,1.0,1.0,1.0,1.0
DiffSBDD,33,phys_hgb_full,DiffSBDD,2e24-A-rec-1j0n-ceg-lig-tt-docked-14-pocket10_2e24-A-rec-1j0n-ceg-lig-tt-docked-14,10,10,1.0,1.0,0.0,0.0,1.0,1.0,1.0,1.0,1.0,1.0
DiffSBDD,33,phys_rf_direct_excluded,DiffSBDD,2e24-A-rec-1j0n-ceg-lig-tt-docked-14-pocket10_2e24-A-rec-1j0n-ceg-lig-tt-docked-14,10,10,1.0,1.0,0.0,0.0,1.0,1.0,1.0,1.0,1.0,1.0
DiffSBDD,33,phys_rf_full,DiffSBDD,2e24-A-rec-1j0n-ceg-lig-tt-docked-14-pocket10_2e24-A-rec-1j0n-ceg-lig-tt-docked-14,10,10,1.0,1.0,0.0,0.0,1.0,1.0,1.0,1.0,1.0,1.0
DiffSBDD,33,qed_sa,DiffSBDD,2f2c-B-rec-1xo2-fse-lig-tt-min-0-pocket10_2f2c-B-rec-1xo2-fse-lig-tt-min-0,10,10,1.0,0.9,99.99999999999997,100.0,1.0,0.9,0.9,1.0,1.0,1.0
DiffSBDD,33,contact_clash_rule,DiffSBDD,2f2c-B-rec-1xo2-fse-lig-tt-min-0-pocket10_2f2c-B-rec-1xo2-fse-lig-tt-min-0,10,10,1.0,0.9,99.99999999999997,100.0,1.0,0.9,0.9,1.0,1.0,1.0
DiffSBDD,33,full_audit_gate_qedsa_fixed_budget,DiffSBDD,2f2c-B-rec-1xo2-fse-lig-tt-min-0-pocket10_2f2c-B-rec-1xo2-fse-lig-tt-min-0,10,10,1.0,0.9,99.99999999999997,100.0,1.0,0.9,0.9,1.0,1.0,1.0
DiffSBDD,33,full_audit_gate_qedsa_no_backfill,DiffSBDD,2f2c-B-rec-1xo2-fse-lig-tt-min-0-pocket10_2f2c-B-rec-1xo2-fse-lig-tt-min-0,10,10,1.0,0.9,99.99999999999997,100.0,1.0,0.9,0.9,1.0,1.0,1.0
DiffSBDD,33,audit_failure_count_qedsa,DiffSBDD,2f2c-B-rec-1xo2-fse-lig-tt-min-0-pocket10_2f2c-B-rec-1xo2-fse-lig-tt-min-0,10,10,1.0,0.9,99.99999999999997,100.0,1.0,0.9,0.9,1.0,1.0,1.0
DiffSBDD,33,phys_logreg_full,DiffSBDD,2f2c-B-rec-1xo2-fse-lig-tt-min-0-pocket10_2f2c-B-rec-1xo2-fse-lig-tt-min-0,10,10,1.0,0.9,99.99999999999997,100.0,1.0,0.9,0.9,1.0,1.0,1.0
DiffSBDD,33,phys_hgb_full,DiffSBDD,2f2c-B-rec-1xo2-fse-lig-tt-min-0-pocket10_2f2c-B-rec-1xo2-fse-lig-tt-min-0,10,10,1.0,0.9,99.99999999999997,100.0,1.0,0.9,0.9,1.0,1.0,1.0
DiffSBDD,33,phys_rf_direct_excluded,DiffSBDD,2f2c-B-rec-1xo2-fse-lig-tt-min-0-pocket10_2f2c-B-rec-1xo2-fse-lig-tt-min-0,10,10,1.0,0.9,99.99999999999997,100.0,1.0,0.9,0.9,1.0,1.0,1.0
DiffSBDD,33,phys_rf_full,DiffSBDD,2f2c-B-rec-1xo2-fse-lig-tt-min-0-pocket10_2f2c-B-rec-1xo2-fse-lig-tt-min-0,10,10,1.0,0.9,99.99999999999997,100.0,1.0,0.9,0.9,1.0,1.0,1.0
DiffSBDD,33,qed_sa,DiffSBDD,2cy0-A-rec-2d5c-skm-lig-tt-min-0-pocket10_2cy0-A-rec-2d5c-skm-lig-tt-min-0,10,10,1.0,0.8,199.99999999999994,200.0,1.0,0.8,1.0,0.8,0.8,1.0
DiffSBDD,33,contact_clash_rule,DiffSBDD,2cy0-A-rec-2d5c-skm-lig-tt-min-0-pocket10_2cy0-A-rec-2d5c-skm-lig-tt-min-0,10,10,1.0,0.8,199.99999999999994,200.0,1.0,0.8,1.0,0.8,0.8,1.0
DiffSBDD,33,full_audit_gate_qedsa_fixed_budget,DiffSBDD,2cy0-A-rec-2d5c-skm-lig-tt-min-0-pocket10_2cy0-A-rec-2d5c-skm-lig-tt-min-0,10,10,1.0,0.8,199.99999999999994,200.0,1.0,0.8,0.9,0.9,0.9,1.0
DiffSBDD,33,full_audit_gate_qedsa_no_backfill,DiffSBDD,2cy0-A-rec-2d5c-skm-lig-tt-min-0-pocket10_2cy0-A-rec-2d5c-skm-lig-tt-min-0,10,10,1.0,0.8,199.99999999999994,200.0,1.0,0.8,0.9,0.9,0.9,1.0
DiffSBDD,33,audit_failure_count_qedsa,DiffSBDD,2cy0-A-rec-2d5c-skm-lig-tt-min-0-pocket10_2cy0-A-rec-2d5c-skm-lig-tt-min-0,10,10,1.0,0.8,199.99999999999994,200.0,1.0,0.8,0.9,0.9,0.9,1.0
DiffSBDD,33,phys_logreg_full,DiffSBDD,2cy0-A-rec-2d5c-skm-lig-tt-min-0-pocket10_2cy0-A-rec-2d5c-skm-lig-tt-min-0,10,10,1.0,0.9,99.99999999999997,100.0,1.0,0.9,0.9,1.0,1.0,1.0
DiffSBDD,33,phys_hgb_full,DiffSBDD,2cy0-A-rec-2d5c-skm-lig-tt-min-0-pocket10_2cy0-A-rec-2d5c-skm-lig-tt-min-0,10,10,1.0,0.9,99.99999999999997,100.0,1.0,0.9,0.9,1.0,1.0,1.0
DiffSBDD,33,phys_rf_direct_excluded,DiffSBDD,2cy0-A-rec-2d5c-skm-lig-tt-min-0-pocket10_2cy0-A-rec-2d5c-skm-lig-tt-min-0,10,10,1.0,0.9,99.99999999999997,100.0,1.0,0.9,0.9,1.0,1.0,1.0
DiffSBDD,33,phys_rf_full,DiffSBDD,2cy0-A-rec-2d5c-skm-lig-tt-min-0-pocket10_2cy0-A-rec-2d5c-skm-lig-tt-min-0,10,10,1.0,0.9,99.99999999999997,100.0,1.0,0.9,0.9,1.0,1.0,1.0
DiffSBDD,33,qed_sa,DiffSBDD,1afs-A-rec-1afs-tes-lig-tt-min-0-pocket10_1afs-A-rec-1afs-tes-lig-tt-min-0,10,10,1.0,1.0,0.0,0.0,1.0,1.0,1.0,1.0,1.0,1.0
DiffSBDD,33,contact_clash_rule,DiffSBDD,1afs-A-rec-1afs-tes-lig-tt-min-0-pocket10_1afs-A-rec-1afs-tes-lig-tt-min-0,10,10,1.0,0.9,99.99999999999997,100.0,1.0,0.9,0.9,1.0,1.0,1.0
DiffSBDD,33,full_audit_gate_qedsa_fixed_budget,DiffSBDD,1afs-A-rec-1afs-tes-lig-tt-min-0-pocket10_1afs-A-rec-1afs-tes-lig-tt-min-0,10,10,1.0,1.0,0.0,0.0,1.0,1.0,1.0,1.0,1.0,1.0
DiffSBDD,33,full_audit_gate_qedsa_no_backfill,DiffSBDD,1afs-A-rec-1afs-tes-lig-tt-min-0-pocket10_1afs-A-rec-1afs-tes-lig-tt-min-0,10,10,1.0,1.0,0.0,0.0,1.0,1.0,1.0,1.0,1.0,1.0
DiffSBDD,33,audit_failure_count_qedsa,DiffSBDD,1afs-A-rec-1afs-tes-lig-tt-min-0-pocket10_1afs-A-rec-1afs-tes-lig-tt-min-0,10,10,1.0,1.0,0.0,0.0,1.0,1.0,1.0,1.0,1.0,1.0
DiffSBDD,33,phys_logreg_full,DiffSBDD,1afs-A-rec-1afs-tes-lig-tt-min-0-pocket10_1afs-A-rec-1afs-tes-lig-tt-min-0,10,10,1.0,1.0,0.0,0.0,1.0,1.0,1.0,1.0,1.0,1.0
DiffSBDD,33,phys_hgb_full,DiffSBDD,1afs-A-rec-1afs-tes-lig-tt-min-0-pocket10_1afs-A-rec-1afs-tes-lig-tt-min-0,10,10,1.0,1.0,0.0,0.0,1.0,1.0,1.0,1.0,1.0,1.0
DiffSBDD,33,phys_rf_direct_excluded,DiffSBDD,1afs-A-rec-1afs-tes-lig-tt-min-0-pocket10_1afs-A-rec-1afs-tes-lig-tt-min-0,10,10,1.0,1.0,0.0,0.0,1.0,1.0,1.0,1.0,1.0,1.0
DiffSBDD,33,phys_rf_full,DiffSBDD,1afs-A-rec-1afs-tes-lig-tt-min-0-pocket10_1afs-A-rec-1afs-tes-lig-tt-min-0,10,10,1.0,1.0,0.0,0.0,1.0,1.0,1.0,1.0,1.0,1.0
DiffSBDD,33,qed_sa,DiffSBDD,1rs9-A-rec-1dmk-itu-lig-tt-min-0-pocket10_1rs9-A-rec-1dmk-itu-lig-tt-min-0,10,10,1.0,0.9,99.99999999999997,100.0,0.9,1.0,1.0,1.0,1.0,1.0
DiffSBDD,33,contact_clash_rule,DiffSBDD,1rs9-A-rec-1dmk-itu-lig-tt-min-0-pocket10_1rs9-A-rec-1dmk-itu-lig-tt-min-0,10,10,1.0,0.9,99.99999999999997,100.0,0.9,1.0,1.0,1.0,1.0,1.0
DiffSBDD,33,full_audit_gate_qedsa_fixed_budget,DiffSBDD,1rs9-A-rec-1dmk-itu-lig-tt-min-0-pocket10_1rs9-A-rec-1dmk-itu-lig-tt-min-0,10,10,1.0,0.9,99.99999999999997,100.0,0.9,1.0,1.0,1.0,1.0,1.0
DiffSBDD,33,full_audit_gate_qedsa_no_backfill,DiffSBDD,1rs9-A-rec-1dmk-itu-lig-tt-min-0-pocket10_1rs9-A-rec-1dmk-itu-lig-tt-min-0,10,10,1.0,0.9,99.99999999999997,100.0,0.9,1.0,1.0,1.0,1.0,1.0
DiffSBDD,33,audit_failure_count_qedsa,DiffSBDD,1rs9-A-rec-1dmk-itu-lig-tt-min-0-pocket10_1rs9-A-rec-1dmk-itu-lig-tt-min-0,10,10,1.0,0.9,99.99999999999997,100.0,0.9,1.0,1.0,1.0,1.0,1.0
DiffSBDD,33,phys_logreg_full,DiffSBDD,1rs9-A-rec-1dmk-itu-lig-tt-min-0-pocket10_1rs9-A-rec-1dmk-itu-lig-tt-min-0,10,10,1.0,1.0,0.0,0.0,1.0,1.0,1.0,1.0,1.0,1.0
DiffSBDD,33,phys_hgb_full,DiffSBDD,1rs9-A-rec-1dmk-itu-lig-tt-min-0-pocket10_1rs9-A-rec-1dmk-itu-lig-tt-min-0,10,10,1.0,1.0,0.0,0.0,1.0,1.0,1.0,1.0,1.0,1.0
DiffSBDD,33,phys_rf_direct_excluded,DiffSBDD,1rs9-A-rec-1dmk-itu-lig-tt-min-0-pocket10_1rs9-A-rec-1dmk-itu-lig-tt-min-0,10,10,1.0,0.9,99.99999999999997,100.0,1.0,0.9,0.9,1.0,1.0,1.0
DiffSBDD,33,phys_rf_full,DiffSBDD,1rs9-A-rec-1dmk-itu-lig-tt-min-0-pocket10_1rs9-A-rec-1dmk-itu-lig-tt-min-0,10,10,1.0,1.0,0.0,0.0,1.0,1.0,1.0,1.0,1.0,1.0
DiffSBDD,33,qed_sa,DiffSBDD,2pc8-A-rec-1eqc-cts-lig-tt-docked-6-pocket10_2pc8-A-rec-1eqc-cts-lig-tt-docked-6,10,10,1.0,0.8,199.99999999999994,200.0,0.9,0.8888888888888888,1.0,0.8888888888888888,0.8888888888888888,1.0
DiffSBDD,33,contact_clash_rule,DiffSBDD,2pc8-A-rec-1eqc-cts-lig-tt-docked-6-pocket10_2pc8-A-rec-1eqc-cts-lig-tt-docked-6,10,10,1.0,0.8,199.99999999999994,200.0,1.0,0.8,1.0,0.8,0.9,1.0
DiffSBDD,33,full_audit_gate_qedsa_fixed_budget,DiffSBDD,2pc8-A-rec-1eqc-cts-lig-tt-docked-6-pocket10_2pc8-A-rec-1eqc-cts-lig-tt-docked-6,10,10,1.0,0.9,99.99999999999997,100.0,1.0,0.9,1.0,0.9,0.9,1.0
DiffSBDD,33,full_audit_gate_qedsa_no_backfill,DiffSBDD,2pc8-A-rec-1eqc-cts-lig-tt-docked-6-pocket10_2pc8-A-rec-1eqc-cts-lig-tt-docked-6,10,10,1.0,0.9,99.99999999999997,100.0,1.0,0.9,1.0,0.9,0.9,1.0
DiffSBDD,33,audit_failure_count_qedsa,DiffSBDD,2pc8-A-rec-1eqc-cts-lig-tt-docked-6-pocket10_2pc8-A-rec-1eqc-cts-lig-tt-docked-6,10,10,1.0,0.9,99.99999999999997,100.0,1.0,0.9,1.0,0.9,0.9,1.0
DiffSBDD,33,phys_logreg_full,DiffSBDD,2pc8-A-rec-1eqc-cts-lig-tt-docked-6-pocket10_2pc8-A-rec-1eqc-cts-lig-tt-docked-6,10,10,1.0,0.9,99.99999999999997,100.0,1.0,0.9,1.0,0.9,1.0,1.0
DiffSBDD,33,phys_hgb_full,DiffSBDD,2pc8-A-rec-1eqc-cts-lig-tt-docked-6-pocket10_2pc8-A-rec-1eqc-cts-lig-tt-docked-6,10,10,1.0,1.0,0.0,0.0,1.0,1.0,1.0,1.0,1.0,1.0
DiffSBDD,33,phys_rf_direct_excluded,DiffSBDD,2pc8-A-rec-1eqc-cts-lig-tt-docked-6-pocket10_2pc8-A-rec-1eqc-cts-lig-tt-docked-6,10,10,1.0,1.0,0.0,0.0,1.0,1.0,1.0,1.0,1.0,1.0
DiffSBDD,33,phys_rf_full,DiffSBDD,2pc8-A-rec-1eqc-cts-lig-tt-docked-6-pocket10_2pc8-A-rec-1eqc-cts-lig-tt-docked-6,10,10,1.0,1.0,0.0,0.0,1.0,1.0,1.0,1.0,1.0,1.0
DiffSBDD,33,qed_sa,DiffSBDD,1k9t-A-rec-2wlz-dio-lig-tt-min-0-pocket10_1k9t-A-rec-2wlz-dio-lig-tt-min-0,10,10,1.0,0.7,300.00000000000006,300.0,1.0,0.7,1.0,0.7,0.7,1.0
DiffSBDD,33,contact_clash_rule,DiffSBDD,1k9t-A-rec-2wlz-dio-lig-tt-min-0-pocket10_1k9t-A-rec-2wlz-dio-lig-tt-min-0,10,10,1.0,0.8,199.99999999999994,200.0,0.9,0.8888888888888888,1.0,0.8888888888888888,0.8888888888888888,1.0
DiffSBDD,33,full_audit_gate_qedsa_fixed_budget,DiffSBDD,1k9t-A-rec-2wlz-dio-lig-tt-min-0-pocket10_1k9t-A-rec-2wlz-dio-lig-tt-min-0,10,10,1.0,0.9,99.99999999999997,100.0,1.0,0.9,1.0,0.9,0.9,1.0
DiffSBDD,33,full_audit_gate_qedsa_no_backfill,DiffSBDD,1k9t-A-rec-2wlz-dio-lig-tt-min-0-pocket10_1k9t-A-rec-2wlz-dio-lig-tt-min-0,10,10,1.0,0.9,99.99999999999997,100.0,1.0,0.9,1.0,0.9,0.9,1.0
DiffSBDD,33,audit_failure_count_qedsa,DiffSBDD,1k9t-A-rec-2wlz-dio-lig-tt-min-0-pocket10_1k9t-A-rec-2wlz-dio-lig-tt-min-0,10,10,1.0,0.9,99.99999999999997,100.0,1.0,0.9,1.0,0.9,0.9,1.0
DiffSBDD,33,phys_logreg_full,DiffSBDD,1k9t-A-rec-2wlz-dio-lig-tt-min-0-pocket10_1k9t-A-rec-2wlz-dio-lig-tt-min-0,10,10,1.0,1.0,0.0,0.0,1.0,1.0,1.0,1.0,1.0,1.0
DiffSBDD,33,phys_hgb_full,DiffSBDD,1k9t-A-rec-2wlz-dio-lig-tt-min-0-pocket10_1k9t-A-rec-2wlz-dio-lig-tt-min-0,10,10,1.0,1.0,0.0,0.0,1.0,1.0,1.0,1.0,1.0,1.0
DiffSBDD,33,phys_rf_direct_excluded,DiffSBDD,1k9t-A-rec-2wlz-dio-lig-tt-min-0-pocket10_1k9t-A-rec-2wlz-dio-lig-tt-min-0,10,10,1.0,1.0,0.0,0.0,1.0,1.0,1.0,1.0,1.0,1.0
DiffSBDD,33,phys_rf_full,DiffSBDD,1k9t-A-rec-2wlz-dio-lig-tt-min-0-pocket10_1k9t-A-rec-2wlz-dio-lig-tt-min-0,10,10,1.0,1.0,0.0,0.0,1.0,1.0,1.0,1.0,1.0,1.0
DiffSBDD,33,qed_sa,DiffSBDD,1gg5-A-rec-1kbo-340-lig-tt-min-0-pocket10_1gg5-A-rec-1kbo-340-lig-tt-min-0,10,10,1.0,1.0,0.0,0.0,1.0,1.0,1.0,1.0,1.0,1.0
DiffSBDD,33,contact_clash_rule,DiffSBDD,1gg5-A-rec-1kbo-340-lig-tt-min-0-pocket10_1gg5-A-rec-1kbo-340-lig-tt-min-0,10,10,1.0,0.9,99.99999999999997,100.0,0.9,1.0,1.0,1.0,1.0,1.0
DiffSBDD,33,full_audit_gate_qedsa_fixed_budget,DiffSBDD,1gg5-A-rec-1kbo-340-lig-tt-min-0-pocket10_1gg5-A-rec-1kbo-340-lig-tt-min-0,10,10,1.0,1.0,0.0,0.0,1.0,1.0,1.0,1.0,1.0,1.0
DiffSBDD,33,full_audit_gate_qedsa_no_backfill,DiffSBDD,1gg5-A-rec-1kbo-340-lig-tt-min-0-pocket10_1gg5-A-rec-1kbo-340-lig-tt-min-0,10,10,1.0,1.0,0.0,0.0,1.0,1.0,1.0,1.0,1.0,1.0
DiffSBDD,33,audit_failure_count_qedsa,DiffSBDD,1gg5-A-rec-1kbo-340-lig-tt-min-0-pocket10_1gg5-A-rec-1kbo-340-lig-tt-min-0,10,10,1.0,1.0,0.0,0.0,1.0,1.0,1.0,1.0,1.0,1.0
DiffSBDD,33,phys_logreg_full,DiffSBDD,1gg5-A-rec-1kbo-340-lig-tt-min-0-pocket10_1gg5-A-rec-1kbo-340-lig-tt-min-0,10,10,1.0,0.8,199.99999999999994,200.0,1.0,0.8,0.8,1.0,1.0,1.0
DiffSBDD,33,phys_hgb_full,DiffSBDD,1gg5-A-rec-1kbo-340-lig-tt-min-0-pocket10_1gg5-A-rec-1kbo-340-lig-tt-min-0,10,10,1.0,1.0,0.0,0.0,1.0,1.0,1.0,1.0,1.0,1.0
DiffSBDD,33,phys_rf_direct_excluded,DiffSBDD,1gg5-A-rec-1kbo-340-lig-tt-min-0-pocket10_1gg5-A-rec-1kbo-340-lig-tt-min-0,10,10,1.0,1.0,0.0,0.0,1.0,1.0,1.0,1.0,1.0,1.0
DiffSBDD,33,phys_rf_full,DiffSBDD,1gg5-A-rec-1kbo-340-lig-tt-min-0-pocket10_1gg5-A-rec-1kbo-340-lig-tt-min-0,10,10,1.0,1.0,0.0,0.0,1.0,1.0,1.0,1.0,1.0,1.0
DiffSBDD,33,qed_sa,DiffSBDD,1h0i-A-rec-1e6z-ngo-lig-it2-tt-docked-15-pocket10_1h0i-A-rec-1e6z-ngo-lig-it2-tt-docked-15,10,10,1.0,0.7,300.00000000000006,300.0,0.9,0.7777777777777778,1.0,0.7777777777777778,0.7777777777777778,1.0
DiffSBDD,33,contact_clash_rule,DiffSBDD,1h0i-A-rec-1e6z-ngo-lig-it2-tt-docked-15-pocket10_1h0i-A-rec-1e6z-ngo-lig-it2-tt-docked-15,10,10,1.0,0.7,300.00000000000006,300.0,0.9,0.7777777777777778,1.0,0.7777777777777778,0.7777777777777778,1.0
DiffSBDD,33,full_audit_gate_qedsa_fixed_budget,DiffSBDD,1h0i-A-rec-1e6z-ngo-lig-it2-tt-docked-15-pocket10_1h0i-A-rec-1e6z-ngo-lig-it2-tt-docked-15,10,10,1.0,0.7,300.00000000000006,300.0,0.9,0.7777777777777778,1.0,0.7777777777777778,0.7777777777777778,1.0
DiffSBDD,33,full_audit_gate_qedsa_no_backfill,DiffSBDD,1h0i-A-rec-1e6z-ngo-lig-it2-tt-docked-15-pocket10_1h0i-A-rec-1e6z-ngo-lig-it2-tt-docked-15,10,10,1.0,0.7,300.00000000000006,300.0,0.9,0.7777777777777778,1.0,0.7777777777777778,0.7777777777777778,1.0
DiffSBDD,33,audit_failure_count_qedsa,DiffSBDD,1h0i-A-rec-1e6z-ngo-lig-it2-tt-docked-15-pocket10_1h0i-A-rec-1e6z-ngo-lig-it2-tt-docked-15,10,10,1.0,0.7,300.00000000000006,300.0,0.9,0.7777777777777778,1.0,0.7777777777777778,0.7777777777777778,1.0
DiffSBDD,33,phys_logreg_full,DiffSBDD,1h0i-A-rec-1e6z-ngo-lig-it2-tt-docked-15-pocket10_1h0i-A-rec-1e6z-ngo-lig-it2-tt-docked-15,10,10,1.0,0.9,99.99999999999997,100.0,1.0,0.9,0.9,1.0,1.0,1.0
DiffSBDD,33,phys_hgb_full,DiffSBDD,1h0i-A-rec-1e6z-ngo-lig-it2-tt-docked-15-pocket10_1h0i-A-rec-1e6z-ngo-lig-it2-tt-docked-15,10,10,1.0,0.9,99.99999999999997,100.0,1.0,0.9,0.9,1.0,1.0,1.0
DiffSBDD,33,phys_rf_direct_excluded,DiffSBDD,1h0i-A-rec-1e6z-ngo-lig-it2-tt-docked-15-pocket10_1h0i-A-rec-1e6z-ngo-lig-it2-tt-docked-15,10,10,1.0,1.0,0.0,0.0,1.0,1.0,1.0,1.0,1.0,1.0
DiffSBDD,33,phys_rf_full,DiffSBDD,1h0i-A-rec-1e6z-ngo-lig-it2-tt-docked-15-pocket10_1h0i-A-rec-1e6z-ngo-lig-it2-tt-docked-15,10,10,1.0,1.0,0.0,0.0,1.0,1.0,1.0,1.0,1.0,1.0
DiffSBDD,33,qed_sa,DiffSBDD,1ai4-A-rec-1ai5-mnp-lig-tt-docked-0-pocket10_1ai4-A-rec-1ai5-mnp-lig-tt-docked-0,10,10,1.0,1.0,0.0,0.0,1.0,1.0,1.0,1.0,1.0,1.0
DiffSBDD,33,contact_clash_rule,DiffSBDD,1ai4-A-rec-1ai5-mnp-lig-tt-docked-0-pocket10_1ai4-A-rec-1ai5-mnp-lig-tt-docked-0,10,10,1.0,1.0,0.0,0.0,1.0,1.0,1.0,1.0,1.0,1.0
DiffSBDD,33,full_audit_gate_qedsa_fixed_budget,DiffSBDD,1ai4-A-rec-1ai5-mnp-lig-tt-docked-0-pocket10_1ai4-A-rec-1ai5-mnp-lig-tt-docked-0,10,10,1.0,1.0,0.0,0.0,1.0,1.0,1.0,1.0,1.0,1.0
DiffSBDD,33,full_audit_gate_qedsa_no_backfill,DiffSBDD,1ai4-A-rec-1ai5-mnp-lig-tt-docked-0-pocket10_1ai4-A-rec-1ai5-mnp-lig-tt-docked-0,10,10,1.0,1.0,0.0,0.0,1.0,1.0,1.0,1.0,1.0,1.0
DiffSBDD,33,audit_failure_count_qedsa,DiffSBDD,1ai4-A-rec-1ai5-mnp-lig-tt-docked-0-pocket10_1ai4-A-rec-1ai5-mnp-lig-tt-docked-0,10,10,1.0,1.0,0.0,0.0,1.0,1.0,1.0,1.0,1.0,1.0
DiffSBDD,33,phys_logreg_full,DiffSBDD,1ai4-A-rec-1ai5-mnp-lig-tt-docked-0-pocket10_1ai4-A-rec-1ai5-mnp-lig-tt-docked-0,10,10,1.0,1.0,0.0,0.0,1.0,1.0,1.0,1.0,1.0,1.0
DiffSBDD,33,phys_hgb_full,DiffSBDD,1ai4-A-rec-1ai5-mnp-lig-tt-docked-0-pocket10_1ai4-A-rec-1ai5-mnp-lig-tt-docked-0,10,10,1.0,1.0,0.0,0.0,1.0,1.0,1.0,1.0,1.0,1.0
DiffSBDD,33,phys_rf_direct_excluded,DiffSBDD,1ai4-A-rec-1ai5-mnp-lig-tt-docked-0-pocket10_1ai4-A-rec-1ai5-mnp-lig-tt-docked-0,10,10,1.0,1.0,0.0,0.0,1.0,1.0,1.0,1.0,1.0,1.0
DiffSBDD,33,phys_rf_full,DiffSBDD,1ai4-A-rec-1ai5-mnp-lig-tt-docked-0-pocket10_1ai4-A-rec-1ai5-mnp-lig-tt-docked-0,10,10,1.0,1.0,0.0,0.0,1.0,1.0,1.0,1.0,1.0,1.0
DiffSBDD,33,qed_sa,DiffSBDD,1djy-A-rec-1djz-ip2-lig-tt-min-0-pocket10_1djy-A-rec-1djz-ip2-lig-tt-min-0,10,10,1.0,0.7,300.00000000000006,300.0,0.9,0.7777777777777778,0.8888888888888888,0.8888888888888888,0.8888888888888888,1.0
DiffSBDD,33,contact_clash_rule,DiffSBDD,1djy-A-rec-1djz-ip2-lig-tt-min-0-pocket10_1djy-A-rec-1djz-ip2-lig-tt-min-0,10,10,1.0,0.8,199.99999999999994,200.0,0.9,0.8888888888888888,1.0,0.8888888888888888,0.8888888888888888,1.0
DiffSBDD,33,full_audit_gate_qedsa_fixed_budget,DiffSBDD,1djy-A-rec-1djz-ip2-lig-tt-min-0-pocket10_1djy-A-rec-1djz-ip2-lig-tt-min-0,10,10,1.0,0.7,300.00000000000006,300.0,0.9,0.7777777777777778,0.8888888888888888,0.8888888888888888,0.8888888888888888,1.0
DiffSBDD,33,full_audit_gate_qedsa_no_backfill,DiffSBDD,1djy-A-rec-1djz-ip2-lig-tt-min-0-pocket10_1djy-A-rec-1djz-ip2-lig-tt-min-0,10,10,1.0,0.7,300.00000000000006,300.0,0.9,0.7777777777777778,0.8888888888888888,0.8888888888888888,0.8888888888888888,1.0
DiffSBDD,33,audit_failure_count_qedsa,DiffSBDD,1djy-A-rec-1djz-ip2-lig-tt-min-0-pocket10_1djy-A-rec-1djz-ip2-lig-tt-min-0,10,10,1.0,0.7,300.00000000000006,300.0,0.9,0.7777777777777778,0.8888888888888888,0.8888888888888888,0.8888888888888888,1.0
DiffSBDD,33,phys_logreg_full,DiffSBDD,1djy-A-rec-1djz-ip2-lig-tt-min-0-pocket10_1djy-A-rec-1djz-ip2-lig-tt-min-0,10,10,1.0,0.9,99.99999999999997,100.0,1.0,0.9,1.0,1.0,0.9,1.0
DiffSBDD,33,phys_hgb_full,DiffSBDD,1djy-A-rec-1djz-ip2-lig-tt-min-0-pocket10_1djy-A-rec-1djz-ip2-lig-tt-min-0,10,10,1.0,1.0,0.0,0.0,1.0,1.0,1.0,1.0,1.0,1.0
DiffSBDD,33,phys_rf_direct_excluded,DiffSBDD,1djy-A-rec-1djz-ip2-lig-tt-min-0-pocket10_1djy-A-rec-1djz-ip2-lig-tt-min-0,10,10,1.0,1.0,0.0,0.0,1.0,1.0,1.0,1.0,1.0,1.0
DiffSBDD,33,phys_rf_full,DiffSBDD,1djy-A-rec-1djz-ip2-lig-tt-min-0-pocket10_1djy-A-rec-1djz-ip2-lig-tt-min-0,10,10,1.0,1.0,0.0,0.0,1.0,1.0,1.0,1.0,1.0,1.0
DiffSBDD,33,qed_sa,DiffSBDD,1coy-A-rec-1coy-and-lig-tt-docked-0-pocket10_1coy-A-rec-1coy-and-lig-tt-docked-0,10,10,1.0,0.8,199.99999999999994,200.0,0.8,1.0,1.0,1.0,1.0,1.0
DiffSBDD,33,contact_clash_rule,DiffSBDD,1coy-A-rec-1coy-and-lig-tt-docked-0-pocket10_1coy-A-rec-1coy-and-lig-tt-docked-0,10,10,1.0,0.8,199.99999999999994,200.0,0.8,1.0,1.0,1.0,1.0,1.0
DiffSBDD,33,full_audit_gate_qedsa_fixed_budget,DiffSBDD,1coy-A-rec-1coy-and-lig-tt-docked-0-pocket10_1coy-A-rec-1coy-and-lig-tt-docked-0,10,10,1.0,0.8,199.99999999999994,200.0,0.8,1.0,1.0,1.0,1.0,1.0
DiffSBDD,33,full_audit_gate_qedsa_no_backfill,DiffSBDD,1coy-A-rec-1coy-and-lig-tt-docked-0-pocket10_1coy-A-rec-1coy-and-lig-tt-docked-0,10,10,1.0,0.8,199.99999999999994,200.0,0.8,1.0,1.0,1.0,1.0,1.0
DiffSBDD,33,audit_failure_count_qedsa,DiffSBDD,1coy-A-rec-1coy-and-lig-tt-docked-0-pocket10_1coy-A-rec-1coy-and-lig-tt-docked-0,10,10,1.0,0.8,199.99999999999994,200.0,0.8,1.0,1.0,1.0,1.0,1.0
DiffSBDD,33,phys_logreg_full,DiffSBDD,1coy-A-rec-1coy-and-lig-tt-docked-0-pocket10_1coy-A-rec-1coy-and-lig-tt-docked-0,10,10,1.0,1.0,0.0,0.0,1.0,1.0,1.0,1.0,1.0,1.0
DiffSBDD,33,phys_hgb_full,DiffSBDD,1coy-A-rec-1coy-and-lig-tt-docked-0-pocket10_1coy-A-rec-1coy-and-lig-tt-docked-0,10,10,1.0,1.0,0.0,0.0,1.0,1.0,1.0,1.0,1.0,1.0
DiffSBDD,33,phys_rf_direct_excluded,DiffSBDD,1coy-A-rec-1coy-and-lig-tt-docked-0-pocket10_1coy-A-rec-1coy-and-lig-tt-docked-0,10,10,1.0,1.0,0.0,0.0,1.0,1.0,1.0,1.0,1.0,1.0
DiffSBDD,33,phys_rf_full,DiffSBDD,1coy-A-rec-1coy-and-lig-tt-docked-0-pocket10_1coy-A-rec-1coy-and-lig-tt-docked-0,10,10,1.0,1.0,0.0,0.0,1.0,1.0,1.0,1.0,1.0,1.0
DiffSBDD,33,qed_sa,DiffSBDD,2jjg-A-rec-2jjg-plp-lig-tt-min-0-pocket10_2jjg-A-rec-2jjg-plp-lig-tt-min-0,10,10,1.0,0.9,99.99999999999997,100.0,1.0,0.9,0.9,1.0,1.0,1.0
DiffSBDD,33,contact_clash_rule,DiffSBDD,2jjg-A-rec-2jjg-plp-lig-tt-min-0-pocket10_2jjg-A-rec-2jjg-plp-lig-tt-min-0,10,10,1.0,0.9,99.99999999999997,100.0,1.0,0.9,0.9,1.0,1.0,1.0
DiffSBDD,33,full_audit_gate_qedsa_fixed_budget,DiffSBDD,2jjg-A-rec-2jjg-plp-lig-tt-min-0-pocket10_2jjg-A-rec-2jjg-plp-lig-tt-min-0,10,10,1.0,0.9,99.99999999999997,100.0,1.0,0.9,0.9,1.0,1.0,1.0
DiffSBDD,33,full_audit_gate_qedsa_no_backfill,DiffSBDD,2jjg-A-rec-2jjg-plp-lig-tt-min-0-pocket10_2jjg-A-rec-2jjg-plp-lig-tt-min-0,10,10,1.0,0.9,99.99999999999997,100.0,1.0,0.9,0.9,1.0,1.0,1.0
DiffSBDD,33,audit_failure_count_qedsa,DiffSBDD,2jjg-A-rec-2jjg-plp-lig-tt-min-0-pocket10_2jjg-A-rec-2jjg-plp-lig-tt-min-0,10,10,1.0,0.9,99.99999999999997,100.0,1.0,0.9,0.9,1.0,1.0,1.0
DiffSBDD,33,phys_logreg_full,DiffSBDD,2jjg-A-rec-2jjg-plp-lig-tt-min-0-pocket10_2jjg-A-rec-2jjg-plp-lig-tt-min-0,10,10,1.0,0.9,99.99999999999997,100.0,1.0,0.9,0.9,1.0,1.0,1.0
DiffSBDD,33,phys_hgb_full,DiffSBDD,2jjg-A-rec-2jjg-plp-lig-tt-min-0-pocket10_2jjg-A-rec-2jjg-plp-lig-tt-min-0,10,10,1.0,1.0,0.0,0.0,1.0,1.0,1.0,1.0,1.0,1.0
DiffSBDD,33,phys_rf_direct_excluded,DiffSBDD,2jjg-A-rec-2jjg-plp-lig-tt-min-0-pocket10_2jjg-A-rec-2jjg-plp-lig-tt-min-0,10,10,1.0,1.0,0.0,0.0,1.0,1.0,1.0,1.0,1.0,1.0
DiffSBDD,33,phys_rf_full,DiffSBDD,2jjg-A-rec-2jjg-plp-lig-tt-min-0-pocket10_2jjg-A-rec-2jjg-plp-lig-tt-min-0,10,10,1.0,1.0,0.0,0.0,1.0,1.0,1.0,1.0,1.0,1.0
DiffSBDD,33,qed_sa,DiffSBDD,1r1h-A-rec-1r1h-bir-lig-tt-docked-1-pocket10_1r1h-A-rec-1r1h-bir-lig-tt-docked-1,10,10,1.0,0.8,199.99999999999994,200.0,0.9,0.8888888888888888,0.8888888888888888,1.0,1.0,1.0
DiffSBDD,33,contact_clash_rule,DiffSBDD,1r1h-A-rec-1r1h-bir-lig-tt-docked-1-pocket10_1r1h-A-rec-1r1h-bir-lig-tt-docked-1,10,10,1.0,0.8,199.99999999999994,200.0,0.9,0.8888888888888888,0.8888888888888888,1.0,1.0,1.0
DiffSBDD,33,full_audit_gate_qedsa_fixed_budget,DiffSBDD,1r1h-A-rec-1r1h-bir-lig-tt-docked-1-pocket10_1r1h-A-rec-1r1h-bir-lig-tt-docked-1,10,10,1.0,0.8,199.99999999999994,200.0,0.9,0.8888888888888888,0.8888888888888888,1.0,1.0,1.0
DiffSBDD,33,full_audit_gate_qedsa_no_backfill,DiffSBDD,1r1h-A-rec-1r1h-bir-lig-tt-docked-1-pocket10_1r1h-A-rec-1r1h-bir-lig-tt-docked-1,10,10,1.0,0.8,199.99999999999994,200.0,0.9,0.8888888888888888,0.8888888888888888,1.0,1.0,1.0
DiffSBDD,33,audit_failure_count_qedsa,DiffSBDD,1r1h-A-rec-1r1h-bir-lig-tt-docked-1-pocket10_1r1h-A-rec-1r1h-bir-lig-tt-docked-1,10,10,1.0,0.8,199.99999999999994,200.0,0.9,0.8888888888888888,0.8888888888888888,1.0,1.0,1.0
DiffSBDD,33,phys_logreg_full,DiffSBDD,1r1h-A-rec-1r1h-bir-lig-tt-docked-1-pocket10_1r1h-A-rec-1r1h-bir-lig-tt-docked-1,10,10,1.0,0.9,99.99999999999997,100.0,1.0,0.9,0.9,1.0,1.0,1.0
DiffSBDD,33,phys_hgb_full,DiffSBDD,1r1h-A-rec-1r1h-bir-lig-tt-docked-1-pocket10_1r1h-A-rec-1r1h-bir-lig-tt-docked-1,10,10,1.0,0.9,99.99999999999997,100.0,1.0,0.9,0.9,1.0,1.0,1.0
DiffSBDD,33,phys_rf_direct_excluded,DiffSBDD,1r1h-A-rec-1r1h-bir-lig-tt-docked-1-pocket10_1r1h-A-rec-1r1h-bir-lig-tt-docked-1,10,10,1.0,1.0,0.0,0.0,1.0,1.0,1.0,1.0,1.0,1.0
DiffSBDD,33,phys_rf_full,DiffSBDD,1r1h-A-rec-1r1h-bir-lig-tt-docked-1-pocket10_1r1h-A-rec-1r1h-bir-lig-tt-docked-1,10,10,1.0,1.0,0.0,0.0,1.0,1.0,1.0,1.0,1.0,1.0
DiffSBDD,33,qed_sa,DiffSBDD,1l3l-A-rec-1l3l-lae-lig-tt-min-0-pocket10_1l3l-A-rec-1l3l-lae-lig-tt-min-0,10,10,1.0,0.7,300.00000000000006,300.0,1.0,0.7,0.9,0.8,0.8,1.0
DiffSBDD,33,contact_clash_rule,DiffSBDD,1l3l-A-rec-1l3l-lae-lig-tt-min-0-pocket10_1l3l-A-rec-1l3l-lae-lig-tt-min-0,10,10,1.0,0.8,199.99999999999994,200.0,1.0,0.8,0.9,0.9,0.9,1.0
DiffSBDD,33,full_audit_gate_qedsa_fixed_budget,DiffSBDD,1l3l-A-rec-1l3l-lae-lig-tt-min-0-pocket10_1l3l-A-rec-1l3l-lae-lig-tt-min-0,10,10,1.0,0.8,199.99999999999994,200.0,1.0,0.8,0.9,0.9,0.9,1.0
DiffSBDD,33,full_audit_gate_qedsa_no_backfill,DiffSBDD,1l3l-A-rec-1l3l-lae-lig-tt-min-0-pocket10_1l3l-A-rec-1l3l-lae-lig-tt-min-0,10,10,1.0,0.8,199.99999999999994,200.0,1.0,0.8,0.9,0.9,0.9,1.0
DiffSBDD,33,audit_failure_count_qedsa,DiffSBDD,1l3l-A-rec-1l3l-lae-lig-tt-min-0-pocket10_1l3l-A-rec-1l3l-lae-lig-tt-min-0,10,10,1.0,0.8,199.99999999999994,200.0,1.0,0.8,0.9,0.9,0.9,1.0
DiffSBDD,33,phys_logreg_full,DiffSBDD,1l3l-A-rec-1l3l-lae-lig-tt-min-0-pocket10_1l3l-A-rec-1l3l-lae-lig-tt-min-0,10,10,1.0,1.0,0.0,0.0,1.0,1.0,1.0,1.0,1.0,1.0
DiffSBDD,33,phys_hgb_full,DiffSBDD,1l3l-A-rec-1l3l-lae-lig-tt-min-0-pocket10_1l3l-A-rec-1l3l-lae-lig-tt-min-0,10,10,1.0,1.0,0.0,0.0,1.0,1.0,1.0,1.0,1.0,1.0
DiffSBDD,33,phys_rf_direct_excluded,DiffSBDD,1l3l-A-rec-1l3l-lae-lig-tt-min-0-pocket10_1l3l-A-rec-1l3l-lae-lig-tt-min-0,10,10,1.0,1.0,0.0,0.0,1.0,1.0,1.0,1.0,1.0,1.0
DiffSBDD,33,phys_rf_full,DiffSBDD,1l3l-A-rec-1l3l-lae-lig-tt-min-0-pocket10_1l3l-A-rec-1l3l-lae-lig-tt-min-0,10,10,1.0,1.0,0.0,0.0,1.0,1.0,1.0,1.0,1.0,1.0
DiffSBDD,33,qed_sa,DiffSBDD,1phk-A-rec-1phk-atp-lig-tt-min-0-pocket10_1phk-A-rec-1phk-atp-lig-tt-min-0,10,10,1.0,1.0,0.0,0.0,1.0,1.0,1.0,1.0,1.0,1.0
DiffSBDD,33,contact_clash_rule,DiffSBDD,1phk-A-rec-1phk-atp-lig-tt-min-0-pocket10_1phk-A-rec-1phk-atp-lig-tt-min-0,10,10,1.0,1.0,0.0,0.0,1.0,1.0,1.0,1.0,1.0,1.0
DiffSBDD,33,full_audit_gate_qedsa_fixed_budget,DiffSBDD,1phk-A-rec-1phk-atp-lig-tt-min-0-pocket10_1phk-A-rec-1phk-atp-lig-tt-min-0,10,10,1.0,1.0,0.0,0.0,1.0,1.0,1.0,1.0,1.0,1.0
DiffSBDD,33,full_audit_gate_qedsa_no_backfill,DiffSBDD,1phk-A-rec-1phk-atp-lig-tt-min-0-pocket10_1phk-A-rec-1phk-atp-lig-tt-min-0,10,10,1.0,1.0,0.0,0.0,1.0,1.0,1.0,1.0,1.0,1.0
DiffSBDD,33,audit_failure_count_qedsa,DiffSBDD,1phk-A-rec-1phk-atp-lig-tt-min-0-pocket10_1phk-A-rec-1phk-atp-lig-tt-min-0,10,10,1.0,1.0,0.0,0.0,1.0,1.0,1.0,1.0,1.0,1.0
DiffSBDD,33,phys_logreg_full,DiffSBDD,1phk-A-rec-1phk-atp-lig-tt-min-0-pocket10_1phk-A-rec-1phk-atp-lig-tt-min-0,10,10,1.0,0.9,99.99999999999997,100.0,1.0,0.9,0.9,1.0,1.0,1.0
DiffSBDD,33,phys_hgb_full,DiffSBDD,1phk-A-rec-1phk-atp-lig-tt-min-0-pocket10_1phk-A-rec-1phk-atp-lig-tt-min-0,10,10,1.0,1.0,0.0,0.0,1.0,1.0,1.0,1.0,1.0,1.0
DiffSBDD,33,phys_rf_direct_excluded,DiffSBDD,1phk-A-rec-1phk-atp-lig-tt-min-0-pocket10_1phk-A-rec-1phk-atp-lig-tt-min-0,10,10,1.0,1.0,0.0,0.0,1.0,1.0,1.0,1.0,1.0,1.0
DiffSBDD,33,phys_rf_full,DiffSBDD,1phk-A-rec-1phk-atp-lig-tt-min-0-pocket10_1phk-A-rec-1phk-atp-lig-tt-min-0,10,10,1.0,1.0,0.0,0.0,1.0,1.0,1.0,1.0,1.0,1.0
DiffSBDD,33,qed_sa,DiffSBDD,1umd-B-rec-1umb-tdp-lig-tt-docked-1-pocket10_1umd-B-rec-1umb-tdp-lig-tt-docked-1,10,10,1.0,0.8,199.99999999999994,200.0,0.9,0.8888888888888888,0.8888888888888888,1.0,1.0,1.0
DiffSBDD,33,contact_clash_rule,DiffSBDD,1umd-B-rec-1umb-tdp-lig-tt-docked-1-pocket10_1umd-B-rec-1umb-tdp-lig-tt-docked-1,10,10,1.0,0.8,199.99999999999994,200.0,0.9,0.8888888888888888,0.8888888888888888,1.0,1.0,1.0
DiffSBDD,33,full_audit_gate_qedsa_fixed_budget,DiffSBDD,1umd-B-rec-1umb-tdp-lig-tt-docked-1-pocket10_1umd-B-rec-1umb-tdp-lig-tt-docked-1,10,10,1.0,0.8,199.99999999999994,200.0,0.9,0.8888888888888888,0.8888888888888888,1.0,1.0,1.0
DiffSBDD,33,full_audit_gate_qedsa_no_backfill,DiffSBDD,1umd-B-rec-1umb-tdp-lig-tt-docked-1-pocket10_1umd-B-rec-1umb-tdp-lig-tt-docked-1,10,10,1.0,0.8,199.99999999999994,200.0,0.9,0.8888888888888888,0.8888888888888888,1.0,1.0,1.0
DiffSBDD,33,audit_failure_count_qedsa,DiffSBDD,1umd-B-rec-1umb-tdp-lig-tt-docked-1-pocket10_1umd-B-rec-1umb-tdp-lig-tt-docked-1,10,10,1.0,0.8,199.99999999999994,200.0,0.9,0.8888888888888888,0.8888888888888888,1.0,1.0,1.0
DiffSBDD,33,phys_logreg_full,DiffSBDD,1umd-B-rec-1umb-tdp-lig-tt-docked-1-pocket10_1umd-B-rec-1umb-tdp-lig-tt-docked-1,10,10,1.0,1.0,0.0,0.0,1.0,1.0,1.0,1.0,1.0,1.0
DiffSBDD,33,phys_hgb_full,DiffSBDD,1umd-B-rec-1umb-tdp-lig-tt-docked-1-pocket10_1umd-B-rec-1umb-tdp-lig-tt-docked-1,10,10,1.0,1.0,0.0,0.0,1.0,1.0,1.0,1.0,1.0,1.0
DiffSBDD,33,phys_rf_direct_excluded,DiffSBDD,1umd-B-rec-1umb-tdp-lig-tt-docked-1-pocket10_1umd-B-rec-1umb-tdp-lig-tt-docked-1,10,10,1.0,1.0,0.0,0.0,1.0,1.0,1.0,1.0,1.0,1.0
DiffSBDD,33,phys_rf_full,DiffSBDD,1umd-B-rec-1umb-tdp-lig-tt-docked-1-pocket10_1umd-B-rec-1umb-tdp-lig-tt-docked-1,10,10,1.0,1.0,0.0,0.0,1.0,1.0,1.0,1.0,1.0,1.0
DiffSBDD,33,qed_sa,DiffSBDD,1fmc-B-rec-1fmc-cho-lig-tt-docked-1-pocket10_1fmc-B-rec-1fmc-cho-lig-tt-docked-1,10,10,1.0,0.9,99.99999999999997,100.0,1.0,0.9,1.0,1.0,0.9,1.0
DiffSBDD,33,contact_clash_rule,DiffSBDD,1fmc-B-rec-1fmc-cho-lig-tt-docked-1-pocket10_1fmc-B-rec-1fmc-cho-lig-tt-docked-1,10,10,1.0,1.0,0.0,0.0,1.0,1.0,1.0,1.0,1.0,1.0
DiffSBDD,33,full_audit_gate_qedsa_fixed_budget,DiffSBDD,1fmc-B-rec-1fmc-cho-lig-tt-docked-1-pocket10_1fmc-B-rec-1fmc-cho-lig-tt-docked-1,10,10,1.0,0.9,99.99999999999997,100.0,1.0,0.9,1.0,1.0,0.9,1.0
DiffSBDD,33,full_audit_gate_qedsa_no_backfill,DiffSBDD,1fmc-B-rec-1fmc-cho-lig-tt-docked-1-pocket10_1fmc-B-rec-1fmc-cho-lig-tt-docked-1,10,10,1.0,0.9,99.99999999999997,100.0,1.0,0.9,1.0,1.0,0.9,1.0
DiffSBDD,33,audit_failure_count_qedsa,DiffSBDD,1fmc-B-rec-1fmc-cho-lig-tt-docked-1-pocket10_1fmc-B-rec-1fmc-cho-lig-tt-docked-1,10,10,1.0,0.9,99.99999999999997,100.0,1.0,0.9,1.0,1.0,0.9,1.0
DiffSBDD,33,phys_logreg_full,DiffSBDD,1fmc-B-rec-1fmc-cho-lig-tt-docked-1-pocket10_1fmc-B-rec-1fmc-cho-lig-tt-docked-1,10,10,1.0,1.0,0.0,0.0,1.0,1.0,1.0,1.0,1.0,1.0
DiffSBDD,33,phys_hgb_full,DiffSBDD,1fmc-B-rec-1fmc-cho-lig-tt-docked-1-pocket10_1fmc-B-rec-1fmc-cho-lig-tt-docked-1,10,10,1.0,1.0,0.0,0.0,1.0,1.0,1.0,1.0,1.0,1.0
DiffSBDD,33,phys_rf_direct_excluded,DiffSBDD,1fmc-B-rec-1fmc-cho-lig-tt-docked-1-pocket10_1fmc-B-rec-1fmc-cho-lig-tt-docked-1,10,10,1.0,1.0,0.0,0.0,1.0,1.0,1.0,1.0,1.0,1.0
DiffSBDD,33,phys_rf_full,DiffSBDD,1fmc-B-rec-1fmc-cho-lig-tt-docked-1-pocket10_1fmc-B-rec-1fmc-cho-lig-tt-docked-1,10,10,1.0,1.0,0.0,0.0,1.0,1.0,1.0,1.0,1.0,1.0
DiffSBDD,33,qed_sa,DiffSBDD,1h36-A-rec-1o79-r23-lig-tt-docked-5-pocket10_1h36-A-rec-1o79-r23-lig-tt-docked-5,10,10,1.0,0.9,99.99999999999997,100.0,0.9,1.0,1.0,1.0,1.0,1.0
DiffSBDD,33,contact_clash_rule,DiffSBDD,1h36-A-rec-1o79-r23-lig-tt-docked-5-pocket10_1h36-A-rec-1o79-r23-lig-tt-docked-5,10,10,1.0,0.9,99.99999999999997,100.0,0.9,1.0,1.0,1.0,1.0,1.0
DiffSBDD,33,full_audit_gate_qedsa_fixed_budget,DiffSBDD,1h36-A-rec-1o79-r23-lig-tt-docked-5-pocket10_1h36-A-rec-1o79-r23-lig-tt-docked-5,10,10,1.0,0.9,99.99999999999997,100.0,0.9,1.0,1.0,1.0,1.0,1.0
DiffSBDD,33,full_audit_gate_qedsa_no_backfill,DiffSBDD,1h36-A-rec-1o79-r23-lig-tt-docked-5-pocket10_1h36-A-rec-1o79-r23-lig-tt-docked-5,10,10,1.0,0.9,99.99999999999997,100.0,0.9,1.0,1.0,1.0,1.0,1.0
DiffSBDD,33,audit_failure_count_qedsa,DiffSBDD,1h36-A-rec-1o79-r23-lig-tt-docked-5-pocket10_1h36-A-rec-1o79-r23-lig-tt-docked-5,10,10,1.0,0.9,99.99999999999997,100.0,0.9,1.0,1.0,1.0,1.0,1.0
DiffSBDD,33,phys_logreg_full,DiffSBDD,1h36-A-rec-1o79-r23-lig-tt-docked-5-pocket10_1h36-A-rec-1o79-r23-lig-tt-docked-5,10,10,1.0,1.0,0.0,0.0,1.0,1.0,1.0,1.0,1.0,1.0
DiffSBDD,33,phys_hgb_full,DiffSBDD,1h36-A-rec-1o79-r23-lig-tt-docked-5-pocket10_1h36-A-rec-1o79-r23-lig-tt-docked-5,10,10,1.0,0.9,99.99999999999997,100.0,0.9,1.0,1.0,1.0,1.0,1.0
DiffSBDD,33,phys_rf_direct_excluded,DiffSBDD,1h36-A-rec-1o79-r23-lig-tt-docked-5-pocket10_1h36-A-rec-1o79-r23-lig-tt-docked-5,10,10,1.0,1.0,0.0,0.0,1.0,1.0,1.0,1.0,1.0,1.0
DiffSBDD,33,phys_rf_full,DiffSBDD,1h36-A-rec-1o79-r23-lig-tt-docked-5-pocket10_1h36-A-rec-1o79-r23-lig-tt-docked-5,10,10,1.0,1.0,0.0,0.0,1.0,1.0,1.0,1.0,1.0,1.0
DiffSBDD,33,qed_sa,DiffSBDD,2rma-A-rec-3rdd-ea4-lig-tt-docked-0-pocket10_2rma-A-rec-3rdd-ea4-lig-tt-docked-0,10,10,1.0,0.8,199.99999999999994,200.0,1.0,0.8,0.9,0.9,0.9,1.0
DiffSBDD,33,contact_clash_rule,DiffSBDD,2rma-A-rec-3rdd-ea4-lig-tt-docked-0-pocket10_2rma-A-rec-3rdd-ea4-lig-tt-docked-0,10,10,1.0,0.8,199.99999999999994,200.0,1.0,0.8,0.8,1.0,1.0,1.0
DiffSBDD,33,full_audit_gate_qedsa_fixed_budget,DiffSBDD,2rma-A-rec-3rdd-ea4-lig-tt-docked-0-pocket10_2rma-A-rec-3rdd-ea4-lig-tt-docked-0,10,10,1.0,0.9,99.99999999999997,100.0,1.0,0.9,0.9,1.0,1.0,1.0
DiffSBDD,33,full_audit_gate_qedsa_no_backfill,DiffSBDD,2rma-A-rec-3rdd-ea4-lig-tt-docked-0-pocket10_2rma-A-rec-3rdd-ea4-lig-tt-docked-0,10,10,1.0,0.9,99.99999999999997,100.0,1.0,0.9,0.9,1.0,1.0,1.0
DiffSBDD,33,audit_failure_count_qedsa,DiffSBDD,2rma-A-rec-3rdd-ea4-lig-tt-docked-0-pocket10_2rma-A-rec-3rdd-ea4-lig-tt-docked-0,10,10,1.0,0.9,99.99999999999997,100.0,1.0,0.9,0.9,1.0,1.0,1.0
DiffSBDD,33,phys_logreg_full,DiffSBDD,2rma-A-rec-3rdd-ea4-lig-tt-docked-0-pocket10_2rma-A-rec-3rdd-ea4-lig-tt-docked-0,10,10,1.0,1.0,0.0,0.0,1.0,1.0,1.0,1.0,1.0,1.0
DiffSBDD,33,phys_hgb_full,DiffSBDD,2rma-A-rec-3rdd-ea4-lig-tt-docked-0-pocket10_2rma-A-rec-3rdd-ea4-lig-tt-docked-0,10,10,1.0,1.0,0.0,0.0,1.0,1.0,1.0,1.0,1.0,1.0
DiffSBDD,33,phys_rf_direct_excluded,DiffSBDD,2rma-A-rec-3rdd-ea4-lig-tt-docked-0-pocket10_2rma-A-rec-3rdd-ea4-lig-tt-docked-0,10,10,1.0,1.0,0.0,0.0,1.0,1.0,1.0,1.0,1.0,1.0
DiffSBDD,33,phys_rf_full,DiffSBDD,2rma-A-rec-3rdd-ea4-lig-tt-docked-0-pocket10_2rma-A-rec-3rdd-ea4-lig-tt-docked-0,10,10,1.0,0.9,99.99999999999997,100.0,1.0,0.9,0.9,1.0,1.0,1.0
DiffSBDD,33,qed_sa,DiffSBDD,1e8h-A-rec-1e8h-adp-lig-tt-min-0-pocket10_1e8h-A-rec-1e8h-adp-lig-tt-min-0,10,10,1.0,1.0,0.0,0.0,1.0,1.0,1.0,1.0,1.0,1.0
DiffSBDD,33,contact_clash_rule,DiffSBDD,1e8h-A-rec-1e8h-adp-lig-tt-min-0-pocket10_1e8h-A-rec-1e8h-adp-lig-tt-min-0,10,10,1.0,1.0,0.0,0.0,1.0,1.0,1.0,1.0,1.0,1.0
DiffSBDD,33,full_audit_gate_qedsa_fixed_budget,DiffSBDD,1e8h-A-rec-1e8h-adp-lig-tt-min-0-pocket10_1e8h-A-rec-1e8h-adp-lig-tt-min-0,10,10,1.0,1.0,0.0,0.0,1.0,1.0,1.0,1.0,1.0,1.0
DiffSBDD,33,full_audit_gate_qedsa_no_backfill,DiffSBDD,1e8h-A-rec-1e8h-adp-lig-tt-min-0-pocket10_1e8h-A-rec-1e8h-adp-lig-tt-min-0,10,10,1.0,1.0,0.0,0.0,1.0,1.0,1.0,1.0,1.0,1.0
DiffSBDD,33,audit_failure_count_qedsa,DiffSBDD,1e8h-A-rec-1e8h-adp-lig-tt-min-0-pocket10_1e8h-A-rec-1e8h-adp-lig-tt-min-0,10,10,1.0,1.0,0.0,0.0,1.0,1.0,1.0,1.0,1.0,1.0
DiffSBDD,33,phys_logreg_full,DiffSBDD,1e8h-A-rec-1e8h-adp-lig-tt-min-0-pocket10_1e8h-A-rec-1e8h-adp-lig-tt-min-0,10,10,1.0,0.9,99.99999999999997,100.0,1.0,0.9,0.9,1.0,1.0,1.0
DiffSBDD,33,phys_hgb_full,DiffSBDD,1e8h-A-rec-1e8h-adp-lig-tt-min-0-pocket10_1e8h-A-rec-1e8h-adp-lig-tt-min-0,10,10,1.0,0.7,300.00000000000006,300.0,0.7,1.0,1.0,1.0,1.0,1.0
DiffSBDD,33,phys_rf_direct_excluded,DiffSBDD,1e8h-A-rec-1e8h-adp-lig-tt-min-0-pocket10_1e8h-A-rec-1e8h-adp-lig-tt-min-0,10,10,1.0,0.9,99.99999999999997,100.0,1.0,0.9,0.9,1.0,1.0,1.0
DiffSBDD,33,phys_rf_full,DiffSBDD,1e8h-A-rec-1e8h-adp-lig-tt-min-0-pocket10_1e8h-A-rec-1e8h-adp-lig-tt-min-0,10,10,1.0,0.9,99.99999999999997,100.0,1.0,0.9,0.9,1.0,1.0,1.0
DiffSBDD,33,qed_sa,DiffSBDD,2v3r-A-rec-1dy4-snp-lig-tt-docked-1-pocket10_2v3r-A-rec-1dy4-snp-lig-tt-docked-1,10,10,1.0,0.9,99.99999999999997,100.0,0.9,1.0,1.0,1.0,1.0,1.0
DiffSBDD,33,contact_clash_rule,DiffSBDD,2v3r-A-rec-1dy4-snp-lig-tt-docked-1-pocket10_2v3r-A-rec-1dy4-snp-lig-tt-docked-1,10,10,1.0,0.8,199.99999999999994,200.0,0.9,0.8888888888888888,0.8888888888888888,1.0,1.0,1.0
DiffSBDD,33,full_audit_gate_qedsa_fixed_budget,DiffSBDD,2v3r-A-rec-1dy4-snp-lig-tt-docked-1-pocket10_2v3r-A-rec-1dy4-snp-lig-tt-docked-1,10,10,1.0,0.9,99.99999999999997,100.0,0.9,1.0,1.0,1.0,1.0,1.0
DiffSBDD,33,full_audit_gate_qedsa_no_backfill,DiffSBDD,2v3r-A-rec-1dy4-snp-lig-tt-docked-1-pocket10_2v3r-A-rec-1dy4-snp-lig-tt-docked-1,10,10,1.0,0.9,99.99999999999997,100.0,0.9,1.0,1.0,1.0,1.0,1.0
DiffSBDD,33,audit_failure_count_qedsa,DiffSBDD,2v3r-A-rec-1dy4-snp-lig-tt-docked-1-pocket10_2v3r-A-rec-1dy4-snp-lig-tt-docked-1,10,10,1.0,0.9,99.99999999999997,100.0,0.9,1.0,1.0,1.0,1.0,1.0
DiffSBDD,33,phys_logreg_full,DiffSBDD,2v3r-A-rec-1dy4-snp-lig-tt-docked-1-pocket10_2v3r-A-rec-1dy4-snp-lig-tt-docked-1,10,10,1.0,1.0,0.0,0.0,1.0,1.0,1.0,1.0,1.0,1.0
DiffSBDD,33,phys_hgb_full,DiffSBDD,2v3r-A-rec-1dy4-snp-lig-tt-docked-1-pocket10_2v3r-A-rec-1dy4-snp-lig-tt-docked-1,10,10,1.0,1.0,0.0,0.0,1.0,1.0,1.0,1.0,1.0,1.0
DiffSBDD,33,phys_rf_direct_excluded,DiffSBDD,2v3r-A-rec-1dy4-snp-lig-tt-docked-1-pocket10_2v3r-A-rec-1dy4-snp-lig-tt-docked-1,10,10,1.0,1.0,0.0,0.0,1.0,1.0,1.0,1.0,1.0,1.0
DiffSBDD,33,phys_rf_full,DiffSBDD,2v3r-A-rec-1dy4-snp-lig-tt-docked-1-pocket10_2v3r-A-rec-1dy4-snp-lig-tt-docked-1,10,10,1.0,1.0,0.0,0.0,1.0,1.0,1.0,1.0,1.0,1.0
DiffSBDD,33,qed_sa,DiffSBDD,3chc-B-rec-3ch9-xrg-lig-tt-min-0-pocket10_3chc-B-rec-3ch9-xrg-lig-tt-min-0,10,10,1.0,1.0,0.0,0.0,1.0,1.0,1.0,1.0,1.0,1.0
DiffSBDD,33,contact_clash_rule,DiffSBDD,3chc-B-rec-3ch9-xrg-lig-tt-min-0-pocket10_3chc-B-rec-3ch9-xrg-lig-tt-min-0,10,10,1.0,0.9,99.99999999999997,100.0,1.0,0.9,0.9,1.0,0.9,1.0
DiffSBDD,33,full_audit_gate_qedsa_fixed_budget,DiffSBDD,3chc-B-rec-3ch9-xrg-lig-tt-min-0-pocket10_3chc-B-rec-3ch9-xrg-lig-tt-min-0,10,10,1.0,1.0,0.0,0.0,1.0,1.0,1.0,1.0,1.0,1.0
DiffSBDD,33,full_audit_gate_qedsa_no_backfill,DiffSBDD,3chc-B-rec-3ch9-xrg-lig-tt-min-0-pocket10_3chc-B-rec-3ch9-xrg-lig-tt-min-0,10,10,1.0,1.0,0.0,0.0,1.0,1.0,1.0,1.0,1.0,1.0
DiffSBDD,33,audit_failure_count_qedsa,DiffSBDD,3chc-B-rec-3ch9-xrg-lig-tt-min-0-pocket10_3chc-B-rec-3ch9-xrg-lig-tt-min-0,10,10,1.0,1.0,0.0,0.0,1.0,1.0,1.0,1.0,1.0,1.0
DiffSBDD,33,phys_logreg_full,DiffSBDD,3chc-B-rec-3ch9-xrg-lig-tt-min-0-pocket10_3chc-B-rec-3ch9-xrg-lig-tt-min-0,10,10,1.0,1.0,0.0,0.0,1.0,1.0,1.0,1.0,1.0,1.0
DiffSBDD,33,phys_hgb_full,DiffSBDD,3chc-B-rec-3ch9-xrg-lig-tt-min-0-pocket10_3chc-B-rec-3ch9-xrg-lig-tt-min-0,10,10,1.0,1.0,0.0,0.0,1.0,1.0,1.0,1.0,1.0,1.0
DiffSBDD,33,phys_rf_direct_excluded,DiffSBDD,3chc-B-rec-3ch9-xrg-lig-tt-min-0-pocket10_3chc-B-rec-3ch9-xrg-lig-tt-min-0,10,10,1.0,1.0,0.0,0.0,1.0,1.0,1.0,1.0,1.0,1.0
DiffSBDD,33,phys_rf_full,DiffSBDD,3chc-B-rec-3ch9-xrg-lig-tt-min-0-pocket10_3chc-B-rec-3ch9-xrg-lig-tt-min-0,10,10,1.0,1.0,0.0,0.0,1.0,1.0,1.0,1.0,1.0,1.0
DiffSBDD,33,qed_sa,DiffSBDD,2zen-A-rec-2afx-1bn-lig-tt-docked-7-pocket10_2zen-A-rec-2afx-1bn-lig-tt-docked-7,10,10,1.0,1.0,0.0,0.0,1.0,1.0,1.0,1.0,1.0,1.0
DiffSBDD,33,contact_clash_rule,DiffSBDD,2zen-A-rec-2afx-1bn-lig-tt-docked-7-pocket10_2zen-A-rec-2afx-1bn-lig-tt-docked-7,10,10,1.0,1.0,0.0,0.0,1.0,1.0,1.0,1.0,1.0,1.0
DiffSBDD,33,full_audit_gate_qedsa_fixed_budget,DiffSBDD,2zen-A-rec-2afx-1bn-lig-tt-docked-7-pocket10_2zen-A-rec-2afx-1bn-lig-tt-docked-7,10,10,1.0,1.0,0.0,0.0,1.0,1.0,1.0,1.0,1.0,1.0
DiffSBDD,33,full_audit_gate_qedsa_no_backfill,DiffSBDD,2zen-A-rec-2afx-1bn-lig-tt-docked-7-pocket10_2zen-A-rec-2afx-1bn-lig-tt-docked-7,10,10,1.0,1.0,0.0,0.0,1.0,1.0,1.0,1.0,1.0,1.0
DiffSBDD,33,audit_failure_count_qedsa,DiffSBDD,2zen-A-rec-2afx-1bn-lig-tt-docked-7-pocket10_2zen-A-rec-2afx-1bn-lig-tt-docked-7,10,10,1.0,1.0,0.0,0.0,1.0,1.0,1.0,1.0,1.0,1.0
DiffSBDD,33,phys_logreg_full,DiffSBDD,2zen-A-rec-2afx-1bn-lig-tt-docked-7-pocket10_2zen-A-rec-2afx-1bn-lig-tt-docked-7,10,10,1.0,1.0,0.0,0.0,1.0,1.0,1.0,1.0,1.0,1.0
DiffSBDD,33,phys_hgb_full,DiffSBDD,2zen-A-rec-2afx-1bn-lig-tt-docked-7-pocket10_2zen-A-rec-2afx-1bn-lig-tt-docked-7,10,10,1.0,1.0,0.0,0.0,1.0,1.0,1.0,1.0,1.0,1.0
DiffSBDD,33,phys_rf_direct_excluded,DiffSBDD,2zen-A-rec-2afx-1bn-lig-tt-docked-7-pocket10_2zen-A-rec-2afx-1bn-lig-tt-docked-7,10,10,1.0,1.0,0.0,0.0,1.0,1.0,1.0,1.0,1.0,1.0
DiffSBDD,33,phys_rf_full,DiffSBDD,2zen-A-rec-2afx-1bn-lig-tt-docked-7-pocket10_2zen-A-rec-2afx-1bn-lig-tt-docked-7,10,10,1.0,1.0,0.0,0.0,1.0,1.0,1.0,1.0,1.0,1.0
DiffSBDD,33,qed_sa,DiffSBDD,3ej8-A-rec-2nsi-itu-lig-tt-min-0-pocket10_3ej8-A-rec-2nsi-itu-lig-tt-min-0,10,10,1.0,1.0,0.0,0.0,1.0,1.0,1.0,1.0,1.0,1.0
DiffSBDD,33,contact_clash_rule,DiffSBDD,3ej8-A-rec-2nsi-itu-lig-tt-min-0-pocket10_3ej8-A-rec-2nsi-itu-lig-tt-min-0,10,10,1.0,1.0,0.0,0.0,1.0,1.0,1.0,1.0,1.0,1.0
DiffSBDD,33,full_audit_gate_qedsa_fixed_budget,DiffSBDD,3ej8-A-rec-2nsi-itu-lig-tt-min-0-pocket10_3ej8-A-rec-2nsi-itu-lig-tt-min-0,10,10,1.0,1.0,0.0,0.0,1.0,1.0,1.0,1.0,1.0,1.0
DiffSBDD,33,full_audit_gate_qedsa_no_backfill,DiffSBDD,3ej8-A-rec-2nsi-itu-lig-tt-min-0-pocket10_3ej8-A-rec-2nsi-itu-lig-tt-min-0,10,10,1.0,1.0,0.0,0.0,1.0,1.0,1.0,1.0,1.0,1.0
DiffSBDD,33,audit_failure_count_qedsa,DiffSBDD,3ej8-A-rec-2nsi-itu-lig-tt-min-0-pocket10_3ej8-A-rec-2nsi-itu-lig-tt-min-0,10,10,1.0,1.0,0.0,0.0,1.0,1.0,1.0,1.0,1.0,1.0
DiffSBDD,33,phys_logreg_full,DiffSBDD,3ej8-A-rec-2nsi-itu-lig-tt-min-0-pocket10_3ej8-A-rec-2nsi-itu-lig-tt-min-0,10,10,1.0,0.9,99.99999999999997,100.0,0.9,1.0,1.0,1.0,1.0,1.0
DiffSBDD,33,phys_hgb_full,DiffSBDD,3ej8-A-rec-2nsi-itu-lig-tt-min-0-pocket10_3ej8-A-rec-2nsi-itu-lig-tt-min-0,10,10,1.0,1.0,0.0,0.0,1.0,1.0,1.0,1.0,1.0,1.0
DiffSBDD,33,phys_rf_direct_excluded,DiffSBDD,3ej8-A-rec-2nsi-itu-lig-tt-min-0-pocket10_3ej8-A-rec-2nsi-itu-lig-tt-min-0,10,10,1.0,0.8,199.99999999999994,200.0,1.0,0.8,0.9,1.0,0.9,1.0
DiffSBDD,33,phys_rf_full,DiffSBDD,3ej8-A-rec-2nsi-itu-lig-tt-min-0-pocket10_3ej8-A-rec-2nsi-itu-lig-tt-min-0,10,10,1.0,0.9,99.99999999999997,100.0,1.0,0.9,0.9,1.0,1.0,1.0
DiffSBDD,33,qed_sa,DiffSBDD,2z3h-A-rec-1wn6-bst-lig-tt-docked-3-pocket10_2z3h-A-rec-1wn6-bst-lig-tt-docked-3,10,10,1.0,1.0,0.0,0.0,1.0,1.0,1.0,1.0,1.0,1.0
DiffSBDD,33,contact_clash_rule,DiffSBDD,2z3h-A-rec-1wn6-bst-lig-tt-docked-3-pocket10_2z3h-A-rec-1wn6-bst-lig-tt-docked-3,10,10,1.0,1.0,0.0,0.0,1.0,1.0,1.0,1.0,1.0,1.0
DiffSBDD,33,full_audit_gate_qedsa_fixed_budget,DiffSBDD,2z3h-A-rec-1wn6-bst-lig-tt-docked-3-pocket10_2z3h-A-rec-1wn6-bst-lig-tt-docked-3,10,10,1.0,1.0,0.0,0.0,1.0,1.0,1.0,1.0,1.0,1.0
DiffSBDD,33,full_audit_gate_qedsa_no_backfill,DiffSBDD,2z3h-A-rec-1wn6-bst-lig-tt-docked-3-pocket10_2z3h-A-rec-1wn6-bst-lig-tt-docked-3,10,10,1.0,1.0,0.0,0.0,1.0,1.0,1.0,1.0,1.0,1.0
DiffSBDD,33,audit_failure_count_qedsa,DiffSBDD,2z3h-A-rec-1wn6-bst-lig-tt-docked-3-pocket10_2z3h-A-rec-1wn6-bst-lig-tt-docked-3,10,10,1.0,1.0,0.0,0.0,1.0,1.0,1.0,1.0,1.0,1.0
DiffSBDD,33,phys_logreg_full,DiffSBDD,2z3h-A-rec-1wn6-bst-lig-tt-docked-3-pocket10_2z3h-A-rec-1wn6-bst-lig-tt-docked-3,10,10,1.0,0.9,99.99999999999997,100.0,1.0,0.9,0.9,1.0,1.0,1.0
DiffSBDD,33,phys_hgb_full,DiffSBDD,2z3h-A-rec-1wn6-bst-lig-tt-docked-3-pocket10_2z3h-A-rec-1wn6-bst-lig-tt-docked-3,10,10,1.0,1.0,0.0,0.0,1.0,1.0,1.0,1.0,1.0,1.0
DiffSBDD,33,phys_rf_direct_excluded,DiffSBDD,2z3h-A-rec-1wn6-bst-lig-tt-docked-3-pocket10_2z3h-A-rec-1wn6-bst-lig-tt-docked-3,10,10,1.0,0.9,99.99999999999997,100.0,1.0,0.9,0.9,1.0,1.0,1.0
DiffSBDD,33,phys_rf_full,DiffSBDD,2z3h-A-rec-1wn6-bst-lig-tt-docked-3-pocket10_2z3h-A-rec-1wn6-bst-lig-tt-docked-3,10,10,1.0,0.9,99.99999999999997,100.0,1.0,0.9,0.9,1.0,1.0,1.0
DiffSBDD,33,qed_sa,DiffSBDD,3gs6-A-rec-2oxn-oan-lig-tt-docked-4-pocket10_3gs6-A-rec-2oxn-oan-lig-tt-docked-4,10,10,1.0,0.8,199.99999999999994,200.0,0.9,0.8888888888888888,1.0,1.0,0.8888888888888888,1.0
DiffSBDD,33,contact_clash_rule,DiffSBDD,3gs6-A-rec-2oxn-oan-lig-tt-docked-4-pocket10_3gs6-A-rec-2oxn-oan-lig-tt-docked-4,10,10,1.0,0.8,199.99999999999994,200.0,0.9,0.8888888888888888,1.0,1.0,0.8888888888888888,1.0
DiffSBDD,33,full_audit_gate_qedsa_fixed_budget,DiffSBDD,3gs6-A-rec-2oxn-oan-lig-tt-docked-4-pocket10_3gs6-A-rec-2oxn-oan-lig-tt-docked-4,10,10,1.0,0.8,199.99999999999994,200.0,0.9,0.8888888888888888,1.0,1.0,0.8888888888888888,1.0
DiffSBDD,33,full_audit_gate_qedsa_no_backfill,DiffSBDD,3gs6-A-rec-2oxn-oan-lig-tt-docked-4-pocket10_3gs6-A-rec-2oxn-oan-lig-tt-docked-4,10,10,1.0,0.8,199.99999999999994,200.0,0.9,0.8888888888888888,1.0,1.0,0.8888888888888888,1.0
DiffSBDD,33,audit_failure_count_qedsa,DiffSBDD,3gs6-A-rec-2oxn-oan-lig-tt-docked-4-pocket10_3gs6-A-rec-2oxn-oan-lig-tt-docked-4,10,10,1.0,0.8,199.99999999999994,200.0,0.9,0.8888888888888888,1.0,1.0,0.8888888888888888,1.0
DiffSBDD,33,phys_logreg_full,DiffSBDD,3gs6-A-rec-2oxn-oan-lig-tt-docked-4-pocket10_3gs6-A-rec-2oxn-oan-lig-tt-docked-4,10,10,1.0,0.9,99.99999999999997,100.0,1.0,0.9,0.9,1.0,1.0,1.0
DiffSBDD,33,phys_hgb_full,DiffSBDD,3gs6-A-rec-2oxn-oan-lig-tt-docked-4-pocket10_3gs6-A-rec-2oxn-oan-lig-tt-docked-4,10,10,1.0,0.7,300.00000000000006,300.0,0.9,0.7777777777777778,1.0,0.7777777777777778,0.7777777777777778,1.0
DiffSBDD,33,phys_rf_direct_excluded,DiffSBDD,3gs6-A-rec-2oxn-oan-lig-tt-docked-4-pocket10_3gs6-A-rec-2oxn-oan-lig-tt-docked-4,10,10,1.0,0.8,199.99999999999994,200.0,0.9,0.8888888888888888,1.0,0.8888888888888888,0.8888888888888888,1.0
DiffSBDD,33,phys_rf_full,DiffSBDD,3gs6-A-rec-2oxn-oan-lig-tt-docked-4-pocket10_3gs6-A-rec-2oxn-oan-lig-tt-docked-4,10,10,1.0,0.9,99.99999999999997,100.0,0.9,1.0,1.0,1.0,1.0,1.0
DiffSBDD,33,qed_sa,DiffSBDD,3g51-A-rec-3g51-anp-lig-tt-min-0-pocket10_3g51-A-rec-3g51-anp-lig-tt-min-0,10,10,1.0,0.8,199.99999999999994,200.0,1.0,0.8,0.8,1.0,1.0,1.0
DiffSBDD,33,contact_clash_rule,DiffSBDD,3g51-A-rec-3g51-anp-lig-tt-min-0-pocket10_3g51-A-rec-3g51-anp-lig-tt-min-0,10,10,1.0,0.9,99.99999999999997,100.0,1.0,0.9,0.9,1.0,1.0,1.0
DiffSBDD,33,full_audit_gate_qedsa_fixed_budget,DiffSBDD,3g51-A-rec-3g51-anp-lig-tt-min-0-pocket10_3g51-A-rec-3g51-anp-lig-tt-min-0,10,10,1.0,0.8,199.99999999999994,200.0,1.0,0.8,0.8,1.0,1.0,1.0
DiffSBDD,33,full_audit_gate_qedsa_no_backfill,DiffSBDD,3g51-A-rec-3g51-anp-lig-tt-min-0-pocket10_3g51-A-rec-3g51-anp-lig-tt-min-0,10,10,1.0,0.8,199.99999999999994,200.0,1.0,0.8,0.8,1.0,1.0,1.0
DiffSBDD,33,audit_failure_count_qedsa,DiffSBDD,3g51-A-rec-3g51-anp-lig-tt-min-0-pocket10_3g51-A-rec-3g51-anp-lig-tt-min-0,10,10,1.0,0.8,199.99999999999994,200.0,1.0,0.8,0.8,1.0,1.0,1.0
DiffSBDD,33,phys_logreg_full,DiffSBDD,3g51-A-rec-3g51-anp-lig-tt-min-0-pocket10_3g51-A-rec-3g51-anp-lig-tt-min-0,10,10,1.0,0.9,99.99999999999997,100.0,1.0,0.9,0.9,1.0,1.0,1.0
DiffSBDD,33,phys_hgb_full,DiffSBDD,3g51-A-rec-3g51-anp-lig-tt-min-0-pocket10_3g51-A-rec-3g51-anp-lig-tt-min-0,10,10,1.0,1.0,0.0,0.0,1.0,1.0,1.0,1.0,1.0,1.0
DiffSBDD,33,phys_rf_direct_excluded,DiffSBDD,3g51-A-rec-3g51-anp-lig-tt-min-0-pocket10_3g51-A-rec-3g51-anp-lig-tt-min-0,10,10,1.0,0.9,99.99999999999997,100.0,1.0,0.9,0.9,1.0,1.0,1.0
DiffSBDD,33,phys_rf_full,DiffSBDD,3g51-A-rec-3g51-anp-lig-tt-min-0-pocket10_3g51-A-rec-3g51-anp-lig-tt-min-0,10,10,1.0,0.9,99.99999999999997,100.0,1.0,0.9,0.9,1.0,1.0,1.0
DiffSBDD,33,qed_sa,DiffSBDD,3l3n-A-rec-2iux-nxa-lig-tt-docked-2-pocket10_3l3n-A-rec-2iux-nxa-lig-tt-docked-2,10,10,1.0,0.8,199.99999999999994,200.0,0.9,0.8888888888888888,0.8888888888888888,1.0,1.0,1.0
DiffSBDD,33,contact_clash_rule,DiffSBDD,3l3n-A-rec-2iux-nxa-lig-tt-docked-2-pocket10_3l3n-A-rec-2iux-nxa-lig-tt-docked-2,10,10,1.0,0.9,99.99999999999997,100.0,0.9,1.0,1.0,1.0,1.0,1.0
DiffSBDD,33,full_audit_gate_qedsa_fixed_budget,DiffSBDD,3l3n-A-rec-2iux-nxa-lig-tt-docked-2-pocket10_3l3n-A-rec-2iux-nxa-lig-tt-docked-2,10,10,1.0,0.8,199.99999999999994,200.0,0.9,0.8888888888888888,0.8888888888888888,1.0,1.0,1.0
DiffSBDD,33,full_audit_gate_qedsa_no_backfill,DiffSBDD,3l3n-A-rec-2iux-nxa-lig-tt-docked-2-pocket10_3l3n-A-rec-2iux-nxa-lig-tt-docked-2,10,10,1.0,0.8,199.99999999999994,200.0,0.9,0.8888888888888888,0.8888888888888888,1.0,1.0,1.0
DiffSBDD,33,audit_failure_count_qedsa,DiffSBDD,3l3n-A-rec-2iux-nxa-lig-tt-docked-2-pocket10_3l3n-A-rec-2iux-nxa-lig-tt-docked-2,10,10,1.0,0.8,199.99999999999994,200.0,0.9,0.8888888888888888,0.8888888888888888,1.0,1.0,1.0
DiffSBDD,33,phys_logreg_full,DiffSBDD,3l3n-A-rec-2iux-nxa-lig-tt-docked-2-pocket10_3l3n-A-rec-2iux-nxa-lig-tt-docked-2,10,10,1.0,0.9,99.99999999999997,100.0,1.0,0.9,0.9,1.0,1.0,1.0
DiffSBDD,33,phys_hgb_full,DiffSBDD,3l3n-A-rec-2iux-nxa-lig-tt-docked-2-pocket10_3l3n-A-rec-2iux-nxa-lig-tt-docked-2,10,10,1.0,1.0,0.0,0.0,1.0,1.0,1.0,1.0,1.0,1.0
DiffSBDD,33,phys_rf_direct_excluded,DiffSBDD,3l3n-A-rec-2iux-nxa-lig-tt-docked-2-pocket10_3l3n-A-rec-2iux-nxa-lig-tt-docked-2,10,10,1.0,0.9,99.99999999999997,100.0,1.0,0.9,0.9,1.0,1.0,1.0
DiffSBDD,33,phys_rf_full,DiffSBDD,3l3n-A-rec-2iux-nxa-lig-tt-docked-2-pocket10_3l3n-A-rec-2iux-nxa-lig-tt-docked-2,10,10,1.0,0.9,99.99999999999997,100.0,1.0,0.9,0.9,1.0,1.0,1.0
DiffSBDD,33,qed_sa,DiffSBDD,3hy9-B-rec-3hyg-099-lig-tt-min-0-pocket10_3hy9-B-rec-3hyg-099-lig-tt-min-0,10,10,1.0,1.0,0.0,0.0,1.0,1.0,1.0,1.0,1.0,1.0
DiffSBDD,33,contact_clash_rule,DiffSBDD,3hy9-B-rec-3hyg-099-lig-tt-min-0-pocket10_3hy9-B-rec-3hyg-099-lig-tt-min-0,10,10,1.0,0.9,99.99999999999997,100.0,0.9,1.0,1.0,1.0,1.0,1.0
DiffSBDD,33,full_audit_gate_qedsa_fixed_budget,DiffSBDD,3hy9-B-rec-3hyg-099-lig-tt-min-0-pocket10_3hy9-B-rec-3hyg-099-lig-tt-min-0,10,10,1.0,1.0,0.0,0.0,1.0,1.0,1.0,1.0,1.0,1.0
DiffSBDD,33,full_audit_gate_qedsa_no_backfill,DiffSBDD,3hy9-B-rec-3hyg-099-lig-tt-min-0-pocket10_3hy9-B-rec-3hyg-099-lig-tt-min-0,10,10,1.0,1.0,0.0,0.0,1.0,1.0,1.0,1.0,1.0,1.0
DiffSBDD,33,audit_failure_count_qedsa,DiffSBDD,3hy9-B-rec-3hyg-099-lig-tt-min-0-pocket10_3hy9-B-rec-3hyg-099-lig-tt-min-0,10,10,1.0,1.0,0.0,0.0,1.0,1.0,1.0,1.0,1.0,1.0
DiffSBDD,33,phys_logreg_full,DiffSBDD,3hy9-B-rec-3hyg-099-lig-tt-min-0-pocket10_3hy9-B-rec-3hyg-099-lig-tt-min-0,10,10,1.0,1.0,0.0,0.0,1.0,1.0,1.0,1.0,1.0,1.0
DiffSBDD,33,phys_hgb_full,DiffSBDD,3hy9-B-rec-3hyg-099-lig-tt-min-0-pocket10_3hy9-B-rec-3hyg-099-lig-tt-min-0,10,10,1.0,1.0,0.0,0.0,1.0,1.0,1.0,1.0,1.0,1.0
DiffSBDD,33,phys_rf_direct_excluded,DiffSBDD,3hy9-B-rec-3hyg-099-lig-tt-min-0-pocket10_3hy9-B-rec-3hyg-099-lig-tt-min-0,10,10,1.0,1.0,0.0,0.0,1.0,1.0,1.0,1.0,1.0,1.0
DiffSBDD,33,phys_rf_full,DiffSBDD,3hy9-B-rec-3hyg-099-lig-tt-min-0-pocket10_3hy9-B-rec-3hyg-099-lig-tt-min-0,10,10,1.0,1.0,0.0,0.0,1.0,1.0,1.0,1.0,1.0,1.0
DiffSBDD,33,qed_sa,DiffSBDD,3b6h-A-rec-3b6h-mxd-lig-tt-min-0-pocket10_3b6h-A-rec-3b6h-mxd-lig-tt-min-0,10,10,1.0,0.9,99.99999999999997,100.0,1.0,0.9,0.9,1.0,1.0,1.0
DiffSBDD,33,contact_clash_rule,DiffSBDD,3b6h-A-rec-3b6h-mxd-lig-tt-min-0-pocket10_3b6h-A-rec-3b6h-mxd-lig-tt-min-0,10,10,1.0,0.9,99.99999999999997,100.0,1.0,0.9,1.0,1.0,0.9,1.0
DiffSBDD,33,full_audit_gate_qedsa_fixed_budget,DiffSBDD,3b6h-A-rec-3b6h-mxd-lig-tt-min-0-pocket10_3b6h-A-rec-3b6h-mxd-lig-tt-min-0,10,10,1.0,0.9,99.99999999999997,100.0,1.0,0.9,0.9,1.0,1.0,1.0
DiffSBDD,33,full_audit_gate_qedsa_no_backfill,DiffSBDD,3b6h-A-rec-3b6h-mxd-lig-tt-min-0-pocket10_3b6h-A-rec-3b6h-mxd-lig-tt-min-0,10,10,1.0,0.9,99.99999999999997,100.0,1.0,0.9,0.9,1.0,1.0,1.0
DiffSBDD,33,audit_failure_count_qedsa,DiffSBDD,3b6h-A-rec-3b6h-mxd-lig-tt-min-0-pocket10_3b6h-A-rec-3b6h-mxd-lig-tt-min-0,10,10,1.0,0.9,99.99999999999997,100.0,1.0,0.9,0.9,1.0,1.0,1.0
DiffSBDD,33,phys_logreg_full,DiffSBDD,3b6h-A-rec-3b6h-mxd-lig-tt-min-0-pocket10_3b6h-A-rec-3b6h-mxd-lig-tt-min-0,10,10,1.0,0.9,99.99999999999997,100.0,1.0,0.9,0.9,1.0,1.0,1.0
DiffSBDD,33,phys_hgb_full,DiffSBDD,3b6h-A-rec-3b6h-mxd-lig-tt-min-0-pocket10_3b6h-A-rec-3b6h-mxd-lig-tt-min-0,10,10,1.0,1.0,0.0,0.0,1.0,1.0,1.0,1.0,1.0,1.0
DiffSBDD,33,phys_rf_direct_excluded,DiffSBDD,3b6h-A-rec-3b6h-mxd-lig-tt-min-0-pocket10_3b6h-A-rec-3b6h-mxd-lig-tt-min-0,10,10,1.0,1.0,0.0,0.0,1.0,1.0,1.0,1.0,1.0,1.0
DiffSBDD,33,phys_rf_full,DiffSBDD,3b6h-A-rec-3b6h-mxd-lig-tt-min-0-pocket10_3b6h-A-rec-3b6h-mxd-lig-tt-min-0,10,10,1.0,0.9,99.99999999999997,100.0,1.0,0.9,1.0,1.0,0.9,1.0
DiffSBDD,33,qed_sa,DiffSBDD,3af2-A-rec-3af4-gcp-lig-tt-min-0-pocket10_3af2-A-rec-3af4-gcp-lig-tt-min-0,10,10,1.0,0.9,99.99999999999997,100.0,1.0,0.9,0.9,1.0,1.0,1.0
DiffSBDD,33,contact_clash_rule,DiffSBDD,3af2-A-rec-3af4-gcp-lig-tt-min-0-pocket10_3af2-A-rec-3af4-gcp-lig-tt-min-0,10,10,1.0,0.8,199.99999999999994,200.0,1.0,0.8,0.9,1.0,0.9,1.0
DiffSBDD,33,full_audit_gate_qedsa_fixed_budget,DiffSBDD,3af2-A-rec-3af4-gcp-lig-tt-min-0-pocket10_3af2-A-rec-3af4-gcp-lig-tt-min-0,10,10,1.0,0.9,99.99999999999997,100.0,1.0,0.9,0.9,1.0,1.0,1.0
DiffSBDD,33,full_audit_gate_qedsa_no_backfill,DiffSBDD,3af2-A-rec-3af4-gcp-lig-tt-min-0-pocket10_3af2-A-rec-3af4-gcp-lig-tt-min-0,10,10,1.0,0.9,99.99999999999997,100.0,1.0,0.9,0.9,1.0,1.0,1.0
DiffSBDD,33,audit_failure_count_qedsa,DiffSBDD,3af2-A-rec-3af4-gcp-lig-tt-min-0-pocket10_3af2-A-rec-3af4-gcp-lig-tt-min-0,10,10,1.0,0.9,99.99999999999997,100.0,1.0,0.9,0.9,1.0,1.0,1.0
DiffSBDD,33,phys_logreg_full,DiffSBDD,3af2-A-rec-3af4-gcp-lig-tt-min-0-pocket10_3af2-A-rec-3af4-gcp-lig-tt-min-0,10,10,1.0,1.0,0.0,0.0,1.0,1.0,1.0,1.0,1.0,1.0
DiffSBDD,33,phys_hgb_full,DiffSBDD,3af2-A-rec-3af4-gcp-lig-tt-min-0-pocket10_3af2-A-rec-3af4-gcp-lig-tt-min-0,10,10,1.0,0.9,99.99999999999997,100.0,1.0,0.9,0.9,1.0,1.0,1.0
DiffSBDD,33,phys_rf_direct_excluded,DiffSBDD,3af2-A-rec-3af4-gcp-lig-tt-min-0-pocket10_3af2-A-rec-3af4-gcp-lig-tt-min-0,10,10,1.0,0.9,99.99999999999997,100.0,1.0,0.9,0.9,1.0,1.0,1.0
DiffSBDD,33,phys_rf_full,DiffSBDD,3af2-A-rec-3af4-gcp-lig-tt-min-0-pocket10_3af2-A-rec-3af4-gcp-lig-tt-min-0,10,10,1.0,1.0,0.0,0.0,1.0,1.0,1.0,1.0,1.0,1.0
DiffSBDD,33,qed_sa,DiffSBDD,3li4-A-rec-2gvv-di9-lig-tt-min-0-pocket10_3li4-A-rec-2gvv-di9-lig-tt-min-0,10,10,1.0,0.8,199.99999999999994,200.0,1.0,0.8,1.0,1.0,0.8,1.0
DiffSBDD,33,contact_clash_rule,DiffSBDD,3li4-A-rec-2gvv-di9-lig-tt-min-0-pocket10_3li4-A-rec-2gvv-di9-lig-tt-min-0,10,10,1.0,0.8,199.99999999999994,200.0,1.0,0.8,1.0,1.0,0.8,1.0
DiffSBDD,33,full_audit_gate_qedsa_fixed_budget,DiffSBDD,3li4-A-rec-2gvv-di9-lig-tt-min-0-pocket10_3li4-A-rec-2gvv-di9-lig-tt-min-0,10,10,1.0,0.8,199.99999999999994,200.0,1.0,0.8,1.0,1.0,0.8,1.0
DiffSBDD,33,full_audit_gate_qedsa_no_backfill,DiffSBDD,3li4-A-rec-2gvv-di9-lig-tt-min-0-pocket10_3li4-A-rec-2gvv-di9-lig-tt-min-0,10,10,1.0,0.8,199.99999999999994,200.0,1.0,0.8,1.0,1.0,0.8,1.0
DiffSBDD,33,audit_failure_count_qedsa,DiffSBDD,3li4-A-rec-2gvv-di9-lig-tt-min-0-pocket10_3li4-A-rec-2gvv-di9-lig-tt-min-0,10,10,1.0,0.8,199.99999999999994,200.0,1.0,0.8,1.0,1.0,0.8,1.0
DiffSBDD,33,phys_logreg_full,DiffSBDD,3li4-A-rec-2gvv-di9-lig-tt-min-0-pocket10_3li4-A-rec-2gvv-di9-lig-tt-min-0,10,10,1.0,1.0,0.0,0.0,1.0,1.0,1.0,1.0,1.0,1.0
DiffSBDD,33,phys_hgb_full,DiffSBDD,3li4-A-rec-2gvv-di9-lig-tt-min-0-pocket10_3li4-A-rec-2gvv-di9-lig-tt-min-0,10,10,1.0,1.0,0.0,0.0,1.0,1.0,1.0,1.0,1.0,1.0
DiffSBDD,33,phys_rf_direct_excluded,DiffSBDD,3li4-A-rec-2gvv-di9-lig-tt-min-0-pocket10_3li4-A-rec-2gvv-di9-lig-tt-min-0,10,10,1.0,1.0,0.0,0.0,1.0,1.0,1.0,1.0,1.0,1.0
DiffSBDD,33,phys_rf_full,DiffSBDD,3li4-A-rec-2gvv-di9-lig-tt-min-0-pocket10_3li4-A-rec-2gvv-di9-lig-tt-min-0,10,10,1.0,1.0,0.0,0.0,1.0,1.0,1.0,1.0,1.0,1.0
DiffSBDD,33,qed_sa,DiffSBDD,3pnm-A-rec-3pnq-2ha-lig-tt-docked-10-pocket10_3pnm-A-rec-3pnq-2ha-lig-tt-docked-10,10,10,1.0,0.9,99.99999999999997,100.0,0.9,1.0,1.0,1.0,1.0,1.0
DiffSBDD,33,contact_clash_rule,DiffSBDD,3pnm-A-rec-3pnq-2ha-lig-tt-docked-10-pocket10_3pnm-A-rec-3pnq-2ha-lig-tt-docked-10,10,10,1.0,0.9,99.99999999999997,100.0,0.9,1.0,1.0,1.0,1.0,1.0
DiffSBDD,33,full_audit_gate_qedsa_fixed_budget,DiffSBDD,3pnm-A-rec-3pnq-2ha-lig-tt-docked-10-pocket10_3pnm-A-rec-3pnq-2ha-lig-tt-docked-10,10,10,1.0,0.9,99.99999999999997,100.0,0.9,1.0,1.0,1.0,1.0,1.0
DiffSBDD,33,full_audit_gate_qedsa_no_backfill,DiffSBDD,3pnm-A-rec-3pnq-2ha-lig-tt-docked-10-pocket10_3pnm-A-rec-3pnq-2ha-lig-tt-docked-10,10,10,1.0,0.9,99.99999999999997,100.0,0.9,1.0,1.0,1.0,1.0,1.0
DiffSBDD,33,audit_failure_count_qedsa,DiffSBDD,3pnm-A-rec-3pnq-2ha-lig-tt-docked-10-pocket10_3pnm-A-rec-3pnq-2ha-lig-tt-docked-10,10,10,1.0,0.9,99.99999999999997,100.0,0.9,1.0,1.0,1.0,1.0,1.0
DiffSBDD,33,phys_logreg_full,DiffSBDD,3pnm-A-rec-3pnq-2ha-lig-tt-docked-10-pocket10_3pnm-A-rec-3pnq-2ha-lig-tt-docked-10,10,10,1.0,1.0,0.0,0.0,1.0,1.0,1.0,1.0,1.0,1.0
DiffSBDD,33,phys_hgb_full,DiffSBDD,3pnm-A-rec-3pnq-2ha-lig-tt-docked-10-pocket10_3pnm-A-rec-3pnq-2ha-lig-tt-docked-10,10,10,1.0,1.0,0.0,0.0,1.0,1.0,1.0,1.0,1.0,1.0
DiffSBDD,33,phys_rf_direct_excluded,DiffSBDD,3pnm-A-rec-3pnq-2ha-lig-tt-docked-10-pocket10_3pnm-A-rec-3pnq-2ha-lig-tt-docked-10,10,10,1.0,1.0,0.0,0.0,1.0,1.0,1.0,1.0,1.0,1.0
DiffSBDD,33,phys_rf_full,DiffSBDD,3pnm-A-rec-3pnq-2ha-lig-tt-docked-10-pocket10_3pnm-A-rec-3pnq-2ha-lig-tt-docked-10,10,10,1.0,1.0,0.0,0.0,1.0,1.0,1.0,1.0,1.0,1.0
DiffSBDD,33,qed_sa,DiffSBDD,3kc1-A-rec-3kc1-2t6-lig-tt-min-0-pocket10_3kc1-A-rec-3kc1-2t6-lig-tt-min-0,10,10,1.0,1.0,0.0,0.0,1.0,1.0,1.0,1.0,1.0,1.0
DiffSBDD,33,contact_clash_rule,DiffSBDD,3kc1-A-rec-3kc1-2t6-lig-tt-min-0-pocket10_3kc1-A-rec-3kc1-2t6-lig-tt-min-0,10,10,1.0,1.0,0.0,0.0,1.0,1.0,1.0,1.0,1.0,1.0
DiffSBDD,33,full_audit_gate_qedsa_fixed_budget,DiffSBDD,3kc1-A-rec-3kc1-2t6-lig-tt-min-0-pocket10_3kc1-A-rec-3kc1-2t6-lig-tt-min-0,10,10,1.0,1.0,0.0,0.0,1.0,1.0,1.0,1.0,1.0,1.0
DiffSBDD,33,full_audit_gate_qedsa_no_backfill,DiffSBDD,3kc1-A-rec-3kc1-2t6-lig-tt-min-0-pocket10_3kc1-A-rec-3kc1-2t6-lig-tt-min-0,10,10,1.0,1.0,0.0,0.0,1.0,1.0,1.0,1.0,1.0,1.0
DiffSBDD,33,audit_failure_count_qedsa,DiffSBDD,3kc1-A-rec-3kc1-2t6-lig-tt-min-0-pocket10_3kc1-A-rec-3kc1-2t6-lig-tt-min-0,10,10,1.0,1.0,0.0,0.0,1.0,1.0,1.0,1.0,1.0,1.0
DiffSBDD,33,phys_logreg_full,DiffSBDD,3kc1-A-rec-3kc1-2t6-lig-tt-min-0-pocket10_3kc1-A-rec-3kc1-2t6-lig-tt-min-0,10,10,1.0,0.9,99.99999999999997,100.0,1.0,0.9,0.9,1.0,1.0,1.0
DiffSBDD,33,phys_hgb_full,DiffSBDD,3kc1-A-rec-3kc1-2t6-lig-tt-min-0-pocket10_3kc1-A-rec-3kc1-2t6-lig-tt-min-0,10,10,1.0,0.9,99.99999999999997,100.0,1.0,0.9,0.9,1.0,1.0,1.0
DiffSBDD,33,phys_rf_direct_excluded,DiffSBDD,3kc1-A-rec-3kc1-2t6-lig-tt-min-0-pocket10_3kc1-A-rec-3kc1-2t6-lig-tt-min-0,10,10,1.0,1.0,0.0,0.0,1.0,1.0,1.0,1.0,1.0,1.0
DiffSBDD,33,phys_rf_full,DiffSBDD,3kc1-A-rec-3kc1-2t6-lig-tt-min-0-pocket10_3kc1-A-rec-3kc1-2t6-lig-tt-min-0,10,10,1.0,1.0,0.0,0.0,1.0,1.0,1.0,1.0,1.0,1.0
DiffSBDD,33,qed_sa,DiffSBDD,3pdh-A-rec-4buz-ocz-lig-tt-min-0-pocket10_3pdh-A-rec-4buz-ocz-lig-tt-min-0,10,10,1.0,1.0,0.0,0.0,1.0,1.0,1.0,1.0,1.0,1.0
DiffSBDD,33,contact_clash_rule,DiffSBDD,3pdh-A-rec-4buz-ocz-lig-tt-min-0-pocket10_3pdh-A-rec-4buz-ocz-lig-tt-min-0,10,10,1.0,1.0,0.0,0.0,1.0,1.0,1.0,1.0,1.0,1.0
DiffSBDD,33,full_audit_gate_qedsa_fixed_budget,DiffSBDD,3pdh-A-rec-4buz-ocz-lig-tt-min-0-pocket10_3pdh-A-rec-4buz-ocz-lig-tt-min-0,10,10,1.0,1.0,0.0,0.0,1.0,1.0,1.0,1.0,1.0,1.0
DiffSBDD,33,full_audit_gate_qedsa_no_backfill,DiffSBDD,3pdh-A-rec-4buz-ocz-lig-tt-min-0-pocket10_3pdh-A-rec-4buz-ocz-lig-tt-min-0,10,10,1.0,1.0,0.0,0.0,1.0,1.0,1.0,1.0,1.0,1.0
DiffSBDD,33,audit_failure_count_qedsa,DiffSBDD,3pdh-A-rec-4buz-ocz-lig-tt-min-0-pocket10_3pdh-A-rec-4buz-ocz-lig-tt-min-0,10,10,1.0,1.0,0.0,0.0,1.0,1.0,1.0,1.0,1.0,1.0
DiffSBDD,33,phys_logreg_full,DiffSBDD,3pdh-A-rec-4buz-ocz-lig-tt-min-0-pocket10_3pdh-A-rec-4buz-ocz-lig-tt-min-0,10,10,1.0,1.0,0.0,0.0,1.0,1.0,1.0,1.0,1.0,1.0
DiffSBDD,33,phys_hgb_full,DiffSBDD,3pdh-A-rec-4buz-ocz-lig-tt-min-0-pocket10_3pdh-A-rec-4buz-ocz-lig-tt-min-0,10,10,1.0,0.9,99.99999999999997,100.0,1.0,0.9,0.9,1.0,1.0,1.0
DiffSBDD,33,phys_rf_direct_excluded,DiffSBDD,3pdh-A-rec-4buz-ocz-lig-tt-min-0-pocket10_3pdh-A-rec-4buz-ocz-lig-tt-min-0,10,10,1.0,1.0,0.0,0.0,1.0,1.0,1.0,1.0,1.0,1.0
DiffSBDD,33,phys_rf_full,DiffSBDD,3pdh-A-rec-4buz-ocz-lig-tt-min-0-pocket10_3pdh-A-rec-4buz-ocz-lig-tt-min-0,10,10,1.0,1.0,0.0,0.0,1.0,1.0,1.0,1.0,1.0,1.0
DiffSBDD,33,qed_sa,DiffSBDD,3dzh-A-rec-3u4i-cvr-lig-tt-docked-0-pocket10_3dzh-A-rec-3u4i-cvr-lig-tt-docked-0,10,10,1.0,1.0,0.0,0.0,1.0,1.0,1.0,1.0,1.0,1.0
DiffSBDD,33,contact_clash_rule,DiffSBDD,3dzh-A-rec-3u4i-cvr-lig-tt-docked-0-pocket10_3dzh-A-rec-3u4i-cvr-lig-tt-docked-0,10,10,1.0,1.0,0.0,0.0,1.0,1.0,1.0,1.0,1.0,1.0
DiffSBDD,33,full_audit_gate_qedsa_fixed_budget,DiffSBDD,3dzh-A-rec-3u4i-cvr-lig-tt-docked-0-pocket10_3dzh-A-rec-3u4i-cvr-lig-tt-docked-0,10,10,1.0,1.0,0.0,0.0,1.0,1.0,1.0,1.0,1.0,1.0
DiffSBDD,33,full_audit_gate_qedsa_no_backfill,DiffSBDD,3dzh-A-rec-3u4i-cvr-lig-tt-docked-0-pocket10_3dzh-A-rec-3u4i-cvr-lig-tt-docked-0,10,10,1.0,1.0,0.0,0.0,1.0,1.0,1.0,1.0,1.0,1.0
DiffSBDD,33,audit_failure_count_qedsa,DiffSBDD,3dzh-A-rec-3u4i-cvr-lig-tt-docked-0-pocket10_3dzh-A-rec-3u4i-cvr-lig-tt-docked-0,10,10,1.0,1.0,0.0,0.0,1.0,1.0,1.0,1.0,1.0,1.0
DiffSBDD,33,phys_logreg_full,DiffSBDD,3dzh-A-rec-3u4i-cvr-lig-tt-docked-0-pocket10_3dzh-A-rec-3u4i-cvr-lig-tt-docked-0,10,10,1.0,0.9,99.99999999999997,100.0,1.0,0.9,0.9,1.0,1.0,1.0
DiffSBDD,33,phys_hgb_full,DiffSBDD,3dzh-A-rec-3u4i-cvr-lig-tt-docked-0-pocket10_3dzh-A-rec-3u4i-cvr-lig-tt-docked-0,10,10,1.0,1.0,0.0,0.0,1.0,1.0,1.0,1.0,1.0,1.0
DiffSBDD,33,phys_rf_direct_excluded,DiffSBDD,3dzh-A-rec-3u4i-cvr-lig-tt-docked-0-pocket10_3dzh-A-rec-3u4i-cvr-lig-tt-docked-0,10,10,1.0,1.0,0.0,0.0,1.0,1.0,1.0,1.0,1.0,1.0
DiffSBDD,33,phys_rf_full,DiffSBDD,3dzh-A-rec-3u4i-cvr-lig-tt-docked-0-pocket10_3dzh-A-rec-3u4i-cvr-lig-tt-docked-0,10,10,1.0,1.0,0.0,0.0,1.0,1.0,1.0,1.0,1.0,1.0
DiffSBDD,33,qed_sa,DiffSBDD,4aua-A-rec-4aua-4au-lig-it2-tt-docked-7-pocket10_4aua-A-rec-4aua-4au-lig-it2-tt-docked-7,10,10,1.0,1.0,0.0,0.0,1.0,1.0,1.0,1.0,1.0,1.0
DiffSBDD,33,contact_clash_rule,DiffSBDD,4aua-A-rec-4aua-4au-lig-it2-tt-docked-7-pocket10_4aua-A-rec-4aua-4au-lig-it2-tt-docked-7,10,10,1.0,1.0,0.0,0.0,1.0,1.0,1.0,1.0,1.0,1.0
DiffSBDD,33,full_audit_gate_qedsa_fixed_budget,DiffSBDD,4aua-A-rec-4aua-4au-lig-it2-tt-docked-7-pocket10_4aua-A-rec-4aua-4au-lig-it2-tt-docked-7,10,10,1.0,1.0,0.0,0.0,1.0,1.0,1.0,1.0,1.0,1.0
DiffSBDD,33,full_audit_gate_qedsa_no_backfill,DiffSBDD,4aua-A-rec-4aua-4au-lig-it2-tt-docked-7-pocket10_4aua-A-rec-4aua-4au-lig-it2-tt-docked-7,10,10,1.0,1.0,0.0,0.0,1.0,1.0,1.0,1.0,1.0,1.0
DiffSBDD,33,audit_failure_count_qedsa,DiffSBDD,4aua-A-rec-4aua-4au-lig-it2-tt-docked-7-pocket10_4aua-A-rec-4aua-4au-lig-it2-tt-docked-7,10,10,1.0,1.0,0.0,0.0,1.0,1.0,1.0,1.0,1.0,1.0
DiffSBDD,33,phys_logreg_full,DiffSBDD,4aua-A-rec-4aua-4au-lig-it2-tt-docked-7-pocket10_4aua-A-rec-4aua-4au-lig-it2-tt-docked-7,10,10,1.0,1.0,0.0,0.0,1.0,1.0,1.0,1.0,1.0,1.0
DiffSBDD,33,phys_hgb_full,DiffSBDD,4aua-A-rec-4aua-4au-lig-it2-tt-docked-7-pocket10_4aua-A-rec-4aua-4au-lig-it2-tt-docked-7,10,10,1.0,1.0,0.0,0.0,1.0,1.0,1.0,1.0,1.0,1.0
DiffSBDD,33,phys_rf_direct_excluded,DiffSBDD,4aua-A-rec-4aua-4au-lig-it2-tt-docked-7-pocket10_4aua-A-rec-4aua-4au-lig-it2-tt-docked-7,10,10,1.0,1.0,0.0,0.0,1.0,1.0,1.0,1.0,1.0,1.0
DiffSBDD,33,phys_rf_full,DiffSBDD,4aua-A-rec-4aua-4au-lig-it2-tt-docked-7-pocket10_4aua-A-rec-4aua-4au-lig-it2-tt-docked-7,10,10,1.0,1.0,0.0,0.0,1.0,1.0,1.0,1.0,1.0,1.0
DiffSBDD,33,qed_sa,DiffSBDD,3daf-A-rec-3daf-feg-lig-tt-docked-0-pocket10_3daf-A-rec-3daf-feg-lig-tt-docked-0,10,10,1.0,0.8,199.99999999999994,200.0,0.9,0.8888888888888888,1.0,1.0,0.8888888888888888,1.0
DiffSBDD,33,contact_clash_rule,DiffSBDD,3daf-A-rec-3daf-feg-lig-tt-docked-0-pocket10_3daf-A-rec-3daf-feg-lig-tt-docked-0,10,10,1.0,0.8,199.99999999999994,200.0,0.9,0.8888888888888888,0.8888888888888888,1.0,1.0,1.0
DiffSBDD,33,full_audit_gate_qedsa_fixed_budget,DiffSBDD,3daf-A-rec-3daf-feg-lig-tt-docked-0-pocket10_3daf-A-rec-3daf-feg-lig-tt-docked-0,10,10,1.0,0.8,199.99999999999994,200.0,0.9,0.8888888888888888,1.0,1.0,0.8888888888888888,1.0
DiffSBDD,33,full_audit_gate_qedsa_no_backfill,DiffSBDD,3daf-A-rec-3daf-feg-lig-tt-docked-0-pocket10_3daf-A-rec-3daf-feg-lig-tt-docked-0,10,10,1.0,0.8,199.99999999999994,200.0,0.9,0.8888888888888888,1.0,1.0,0.8888888888888888,1.0
DiffSBDD,33,audit_failure_count_qedsa,DiffSBDD,3daf-A-rec-3daf-feg-lig-tt-docked-0-pocket10_3daf-A-rec-3daf-feg-lig-tt-docked-0,10,10,1.0,0.8,199.99999999999994,200.0,0.9,0.8888888888888888,1.0,1.0,0.8888888888888888,1.0
DiffSBDD,33,phys_logreg_full,DiffSBDD,3daf-A-rec-3daf-feg-lig-tt-docked-0-pocket10_3daf-A-rec-3daf-feg-lig-tt-docked-0,10,10,1.0,0.8,199.99999999999994,200.0,1.0,0.8,0.9,1.0,0.9,1.0
DiffSBDD,33,phys_hgb_full,DiffSBDD,3daf-A-rec-3daf-feg-lig-tt-docked-0-pocket10_3daf-A-rec-3daf-feg-lig-tt-docked-0,10,10,1.0,0.9,99.99999999999997,100.0,1.0,0.9,0.9,1.0,1.0,1.0
DiffSBDD,33,phys_rf_direct_excluded,DiffSBDD,3daf-A-rec-3daf-feg-lig-tt-docked-0-pocket10_3daf-A-rec-3daf-feg-lig-tt-docked-0,10,10,1.0,0.9,99.99999999999997,100.0,1.0,0.9,1.0,1.0,0.9,1.0
DiffSBDD,33,phys_rf_full,DiffSBDD,3daf-A-rec-3daf-feg-lig-tt-docked-0-pocket10_3daf-A-rec-3daf-feg-lig-tt-docked-0,10,10,1.0,0.9,99.99999999999997,100.0,1.0,0.9,1.0,1.0,0.9,1.0
DiffSBDD,33,qed_sa,DiffSBDD,3jyh-A-rec-3n0t-opy-lig-tt-min-0-pocket10_3jyh-A-rec-3n0t-opy-lig-tt-min-0,10,10,1.0,0.9,99.99999999999997,100.0,0.9,1.0,1.0,1.0,1.0,1.0
DiffSBDD,33,contact_clash_rule,DiffSBDD,3jyh-A-rec-3n0t-opy-lig-tt-min-0-pocket10_3jyh-A-rec-3n0t-opy-lig-tt-min-0,10,10,1.0,0.9,99.99999999999997,100.0,0.9,1.0,1.0,1.0,1.0,1.0
DiffSBDD,33,full_audit_gate_qedsa_fixed_budget,DiffSBDD,3jyh-A-rec-3n0t-opy-lig-tt-min-0-pocket10_3jyh-A-rec-3n0t-opy-lig-tt-min-0,10,10,1.0,0.9,99.99999999999997,100.0,0.9,1.0,1.0,1.0,1.0,1.0
DiffSBDD,33,full_audit_gate_qedsa_no_backfill,DiffSBDD,3jyh-A-rec-3n0t-opy-lig-tt-min-0-pocket10_3jyh-A-rec-3n0t-opy-lig-tt-min-0,10,10,1.0,0.9,99.99999999999997,100.0,0.9,1.0,1.0,1.0,1.0,1.0
DiffSBDD,33,audit_failure_count_qedsa,DiffSBDD,3jyh-A-rec-3n0t-opy-lig-tt-min-0-pocket10_3jyh-A-rec-3n0t-opy-lig-tt-min-0,10,10,1.0,0.9,99.99999999999997,100.0,0.9,1.0,1.0,1.0,1.0,1.0
DiffSBDD,33,phys_logreg_full,DiffSBDD,3jyh-A-rec-3n0t-opy-lig-tt-min-0-pocket10_3jyh-A-rec-3n0t-opy-lig-tt-min-0,10,10,1.0,0.9,99.99999999999997,100.0,1.0,0.9,0.9,1.0,1.0,1.0
DiffSBDD,33,phys_hgb_full,DiffSBDD,3jyh-A-rec-3n0t-opy-lig-tt-min-0-pocket10_3jyh-A-rec-3n0t-opy-lig-tt-min-0,10,10,1.0,1.0,0.0,0.0,1.0,1.0,1.0,1.0,1.0,1.0
DiffSBDD,33,phys_rf_direct_excluded,DiffSBDD,3jyh-A-rec-3n0t-opy-lig-tt-min-0-pocket10_3jyh-A-rec-3n0t-opy-lig-tt-min-0,10,10,1.0,0.8,199.99999999999994,200.0,0.9,0.8888888888888888,0.8888888888888888,1.0,1.0,1.0
DiffSBDD,33,phys_rf_full,DiffSBDD,3jyh-A-rec-3n0t-opy-lig-tt-min-0-pocket10_3jyh-A-rec-3n0t-opy-lig-tt-min-0,10,10,1.0,1.0,0.0,0.0,1.0,1.0,1.0,1.0,1.0,1.0
DiffSBDD,33,qed_sa,DiffSBDD,3w83-B-rec-2e6d-fum-lig-tt-min-0-pocket10_3w83-B-rec-2e6d-fum-lig-tt-min-0,10,10,1.0,0.9,99.99999999999997,100.0,1.0,0.9,0.9,1.0,1.0,1.0
DiffSBDD,33,contact_clash_rule,DiffSBDD,3w83-B-rec-2e6d-fum-lig-tt-min-0-pocket10_3w83-B-rec-2e6d-fum-lig-tt-min-0,10,10,1.0,0.9,99.99999999999997,100.0,0.9,1.0,1.0,1.0,1.0,1.0
DiffSBDD,33,full_audit_gate_qedsa_fixed_budget,DiffSBDD,3w83-B-rec-2e6d-fum-lig-tt-min-0-pocket10_3w83-B-rec-2e6d-fum-lig-tt-min-0,10,10,1.0,0.9,99.99999999999997,100.0,1.0,0.9,0.9,1.0,1.0,1.0
DiffSBDD,33,full_audit_gate_qedsa_no_backfill,DiffSBDD,3w83-B-rec-2e6d-fum-lig-tt-min-0-pocket10_3w83-B-rec-2e6d-fum-lig-tt-min-0,10,10,1.0,0.9,99.99999999999997,100.0,1.0,0.9,0.9,1.0,1.0,1.0
DiffSBDD,33,audit_failure_count_qedsa,DiffSBDD,3w83-B-rec-2e6d-fum-lig-tt-min-0-pocket10_3w83-B-rec-2e6d-fum-lig-tt-min-0,10,10,1.0,0.9,99.99999999999997,100.0,1.0,0.9,0.9,1.0,1.0,1.0
DiffSBDD,33,phys_logreg_full,DiffSBDD,3w83-B-rec-2e6d-fum-lig-tt-min-0-pocket10_3w83-B-rec-2e6d-fum-lig-tt-min-0,10,10,1.0,1.0,0.0,0.0,1.0,1.0,1.0,1.0,1.0,1.0
DiffSBDD,33,phys_hgb_full,DiffSBDD,3w83-B-rec-2e6d-fum-lig-tt-min-0-pocket10_3w83-B-rec-2e6d-fum-lig-tt-min-0,10,10,1.0,1.0,0.0,0.0,1.0,1.0,1.0,1.0,1.0,1.0
DiffSBDD,33,phys_rf_direct_excluded,DiffSBDD,3w83-B-rec-2e6d-fum-lig-tt-min-0-pocket10_3w83-B-rec-2e6d-fum-lig-tt-min-0,10,10,1.0,1.0,0.0,0.0,1.0,1.0,1.0,1.0,1.0,1.0
DiffSBDD,33,phys_rf_full,DiffSBDD,3w83-B-rec-2e6d-fum-lig-tt-min-0-pocket10_3w83-B-rec-2e6d-fum-lig-tt-min-0,10,10,1.0,0.9,99.99999999999997,100.0,1.0,0.9,0.9,1.0,1.0,1.0
DiffSBDD,33,qed_sa,DiffSBDD,3tym-A-rec-3n5v-xfh-lig-tt-min-0-pocket10_3tym-A-rec-3n5v-xfh-lig-tt-min-0,10,10,1.0,0.9,99.99999999999997,100.0,1.0,0.9,1.0,1.0,0.9,1.0
DiffSBDD,33,contact_clash_rule,DiffSBDD,3tym-A-rec-3n5v-xfh-lig-tt-min-0-pocket10_3tym-A-rec-3n5v-xfh-lig-tt-min-0,10,10,1.0,0.9,99.99999999999997,100.0,1.0,0.9,0.9,1.0,0.9,1.0
DiffSBDD,33,full_audit_gate_qedsa_fixed_budget,DiffSBDD,3tym-A-rec-3n5v-xfh-lig-tt-min-0-pocket10_3tym-A-rec-3n5v-xfh-lig-tt-min-0,10,10,1.0,0.9,99.99999999999997,100.0,1.0,0.9,1.0,1.0,0.9,1.0
DiffSBDD,33,full_audit_gate_qedsa_no_backfill,DiffSBDD,3tym-A-rec-3n5v-xfh-lig-tt-min-0-pocket10_3tym-A-rec-3n5v-xfh-lig-tt-min-0,10,10,1.0,0.9,99.99999999999997,100.0,1.0,0.9,1.0,1.0,0.9,1.0
DiffSBDD,33,audit_failure_count_qedsa,DiffSBDD,3tym-A-rec-3n5v-xfh-lig-tt-min-0-pocket10_3tym-A-rec-3n5v-xfh-lig-tt-min-0,10,10,1.0,0.9,99.99999999999997,100.0,1.0,0.9,1.0,1.0,0.9,1.0
DiffSBDD,33,phys_logreg_full,DiffSBDD,3tym-A-rec-3n5v-xfh-lig-tt-min-0-pocket10_3tym-A-rec-3n5v-xfh-lig-tt-min-0,10,10,1.0,1.0,0.0,0.0,1.0,1.0,1.0,1.0,1.0,1.0
DiffSBDD,33,phys_hgb_full,DiffSBDD,3tym-A-rec-3n5v-xfh-lig-tt-min-0-pocket10_3tym-A-rec-3n5v-xfh-lig-tt-min-0,10,10,1.0,1.0,0.0,0.0,1.0,1.0,1.0,1.0,1.0,1.0
DiffSBDD,33,phys_rf_direct_excluded,DiffSBDD,3tym-A-rec-3n5v-xfh-lig-tt-min-0-pocket10_3tym-A-rec-3n5v-xfh-lig-tt-min-0,10,10,1.0,0.9,99.99999999999997,100.0,0.9,1.0,1.0,1.0,1.0,1.0
DiffSBDD,33,phys_rf_full,DiffSBDD,3tym-A-rec-3n5v-xfh-lig-tt-min-0-pocket10_3tym-A-rec-3n5v-xfh-lig-tt-min-0,10,10,1.0,0.9,99.99999999999997,100.0,1.0,0.9,0.9,1.0,1.0,1.0
DiffSBDD,33,qed_sa,DiffSBDD,3o96-A-rec-3o96-iqo-lig-tt-docked-2-pocket10_3o96-A-rec-3o96-iqo-lig-tt-docked-2,10,10,1.0,1.0,0.0,0.0,1.0,1.0,1.0,1.0,1.0,1.0
DiffSBDD,33,contact_clash_rule,DiffSBDD,3o96-A-rec-3o96-iqo-lig-tt-docked-2-pocket10_3o96-A-rec-3o96-iqo-lig-tt-docked-2,10,10,1.0,1.0,0.0,0.0,1.0,1.0,1.0,1.0,1.0,1.0
DiffSBDD,33,full_audit_gate_qedsa_fixed_budget,DiffSBDD,3o96-A-rec-3o96-iqo-lig-tt-docked-2-pocket10_3o96-A-rec-3o96-iqo-lig-tt-docked-2,10,10,1.0,1.0,0.0,0.0,1.0,1.0,1.0,1.0,1.0,1.0
DiffSBDD,33,full_audit_gate_qedsa_no_backfill,DiffSBDD,3o96-A-rec-3o96-iqo-lig-tt-docked-2-pocket10_3o96-A-rec-3o96-iqo-lig-tt-docked-2,10,10,1.0,1.0,0.0,0.0,1.0,1.0,1.0,1.0,1.0,1.0
DiffSBDD,33,audit_failure_count_qedsa,DiffSBDD,3o96-A-rec-3o96-iqo-lig-tt-docked-2-pocket10_3o96-A-rec-3o96-iqo-lig-tt-docked-2,10,10,1.0,1.0,0.0,0.0,1.0,1.0,1.0,1.0,1.0,1.0
DiffSBDD,33,phys_logreg_full,DiffSBDD,3o96-A-rec-3o96-iqo-lig-tt-docked-2-pocket10_3o96-A-rec-3o96-iqo-lig-tt-docked-2,10,10,1.0,1.0,0.0,0.0,1.0,1.0,1.0,1.0,1.0,1.0
DiffSBDD,33,phys_hgb_full,DiffSBDD,3o96-A-rec-3o96-iqo-lig-tt-docked-2-pocket10_3o96-A-rec-3o96-iqo-lig-tt-docked-2,10,10,1.0,1.0,0.0,0.0,1.0,1.0,1.0,1.0,1.0,1.0
DiffSBDD,33,phys_rf_direct_excluded,DiffSBDD,3o96-A-rec-3o96-iqo-lig-tt-docked-2-pocket10_3o96-A-rec-3o96-iqo-lig-tt-docked-2,10,10,1.0,1.0,0.0,0.0,1.0,1.0,1.0,1.0,1.0,1.0
DiffSBDD,33,phys_rf_full,DiffSBDD,3o96-A-rec-3o96-iqo-lig-tt-docked-2-pocket10_3o96-A-rec-3o96-iqo-lig-tt-docked-2,10,10,1.0,1.0,0.0,0.0,1.0,1.0,1.0,1.0,1.0,1.0
DiffSBDD,33,qed_sa,DiffSBDD,3nfb-A-rec-3nfb-oae-lig-tt-docked-2-pocket10_3nfb-A-rec-3nfb-oae-lig-tt-docked-2,10,10,1.0,1.0,0.0,0.0,1.0,1.0,1.0,1.0,1.0,1.0
DiffSBDD,33,contact_clash_rule,DiffSBDD,3nfb-A-rec-3nfb-oae-lig-tt-docked-2-pocket10_3nfb-A-rec-3nfb-oae-lig-tt-docked-2,10,10,1.0,1.0,0.0,0.0,1.0,1.0,1.0,1.0,1.0,1.0
DiffSBDD,33,full_audit_gate_qedsa_fixed_budget,DiffSBDD,3nfb-A-rec-3nfb-oae-lig-tt-docked-2-pocket10_3nfb-A-rec-3nfb-oae-lig-tt-docked-2,10,10,1.0,1.0,0.0,0.0,1.0,1.0,1.0,1.0,1.0,1.0
DiffSBDD,33,full_audit_gate_qedsa_no_backfill,DiffSBDD,3nfb-A-rec-3nfb-oae-lig-tt-docked-2-pocket10_3nfb-A-rec-3nfb-oae-lig-tt-docked-2,10,10,1.0,1.0,0.0,0.0,1.0,1.0,1.0,1.0,1.0,1.0
DiffSBDD,33,audit_failure_count_qedsa,DiffSBDD,3nfb-A-rec-3nfb-oae-lig-tt-docked-2-pocket10_3nfb-A-rec-3nfb-oae-lig-tt-docked-2,10,10,1.0,1.0,0.0,0.0,1.0,1.0,1.0,1.0,1.0,1.0
DiffSBDD,33,phys_logreg_full,DiffSBDD,3nfb-A-rec-3nfb-oae-lig-tt-docked-2-pocket10_3nfb-A-rec-3nfb-oae-lig-tt-docked-2,10,10,1.0,1.0,0.0,0.0,1.0,1.0,1.0,1.0,1.0,1.0
DiffSBDD,33,phys_hgb_full,DiffSBDD,3nfb-A-rec-3nfb-oae-lig-tt-docked-2-pocket10_3nfb-A-rec-3nfb-oae-lig-tt-docked-2,10,10,1.0,1.0,0.0,0.0,1.0,1.0,1.0,1.0,1.0,1.0
DiffSBDD,33,phys_rf_direct_excluded,DiffSBDD,3nfb-A-rec-3nfb-oae-lig-tt-docked-2-pocket10_3nfb-A-rec-3nfb-oae-lig-tt-docked-2,10,10,1.0,1.0,0.0,0.0,1.0,1.0,1.0,1.0,1.0,1.0
DiffSBDD,33,phys_rf_full,DiffSBDD,3nfb-A-rec-3nfb-oae-lig-tt-docked-2-pocket10_3nfb-A-rec-3nfb-oae-lig-tt-docked-2,10,10,1.0,1.0,0.0,0.0,1.0,1.0,1.0,1.0,1.0,1.0
DiffSBDD,33,qed_sa,DiffSBDD,3u9f-C-rec-3u9f-clm-lig-tt-min-0-pocket10_3u9f-C-rec-3u9f-clm-lig-tt-min-0,10,10,1.0,1.0,0.0,0.0,1.0,1.0,1.0,1.0,1.0,1.0
DiffSBDD,33,contact_clash_rule,DiffSBDD,3u9f-C-rec-3u9f-clm-lig-tt-min-0-pocket10_3u9f-C-rec-3u9f-clm-lig-tt-min-0,10,10,1.0,1.0,0.0,0.0,1.0,1.0,1.0,1.0,1.0,1.0
DiffSBDD,33,full_audit_gate_qedsa_fixed_budget,DiffSBDD,3u9f-C-rec-3u9f-clm-lig-tt-min-0-pocket10_3u9f-C-rec-3u9f-clm-lig-tt-min-0,10,10,1.0,1.0,0.0,0.0,1.0,1.0,1.0,1.0,1.0,1.0
DiffSBDD,33,full_audit_gate_qedsa_no_backfill,DiffSBDD,3u9f-C-rec-3u9f-clm-lig-tt-min-0-pocket10_3u9f-C-rec-3u9f-clm-lig-tt-min-0,10,10,1.0,1.0,0.0,0.0,1.0,1.0,1.0,1.0,1.0,1.0
DiffSBDD,33,audit_failure_count_qedsa,DiffSBDD,3u9f-C-rec-3u9f-clm-lig-tt-min-0-pocket10_3u9f-C-rec-3u9f-clm-lig-tt-min-0,10,10,1.0,1.0,0.0,0.0,1.0,1.0,1.0,1.0,1.0,1.0
DiffSBDD,33,phys_logreg_full,DiffSBDD,3u9f-C-rec-3u9f-clm-lig-tt-min-0-pocket10_3u9f-C-rec-3u9f-clm-lig-tt-min-0,10,10,1.0,1.0,0.0,0.0,1.0,1.0,1.0,1.0,1.0,1.0
DiffSBDD,33,phys_hgb_full,DiffSBDD,3u9f-C-rec-3u9f-clm-lig-tt-min-0-pocket10_3u9f-C-rec-3u9f-clm-lig-tt-min-0,10,10,1.0,1.0,0.0,0.0,1.0,1.0,1.0,1.0,1.0,1.0
DiffSBDD,33,phys_rf_direct_excluded,DiffSBDD,3u9f-C-rec-3u9f-clm-lig-tt-min-0-pocket10_3u9f-C-rec-3u9f-clm-lig-tt-min-0,10,10,1.0,1.0,0.0,0.0,1.0,1.0,1.0,1.0,1.0,1.0
DiffSBDD,33,phys_rf_full,DiffSBDD,3u9f-C-rec-3u9f-clm-lig-tt-min-0-pocket10_3u9f-C-rec-3u9f-clm-lig-tt-min-0,10,10,1.0,1.0,0.0,0.0,1.0,1.0,1.0,1.0,1.0,1.0
DiffSBDD,33,qed_sa,DiffSBDD,4azf-A-rec-5lxc-7aa-lig-tt-min-0-pocket10_4azf-A-rec-5lxc-7aa-lig-tt-min-0,10,10,1.0,1.0,0.0,0.0,1.0,1.0,1.0,1.0,1.0,1.0
DiffSBDD,33,contact_clash_rule,DiffSBDD,4azf-A-rec-5lxc-7aa-lig-tt-min-0-pocket10_4azf-A-rec-5lxc-7aa-lig-tt-min-0,10,10,1.0,1.0,0.0,0.0,1.0,1.0,1.0,1.0,1.0,1.0
DiffSBDD,33,full_audit_gate_qedsa_fixed_budget,DiffSBDD,4azf-A-rec-5lxc-7aa-lig-tt-min-0-pocket10_4azf-A-rec-5lxc-7aa-lig-tt-min-0,10,10,1.0,1.0,0.0,0.0,1.0,1.0,1.0,1.0,1.0,1.0
DiffSBDD,33,full_audit_gate_qedsa_no_backfill,DiffSBDD,4azf-A-rec-5lxc-7aa-lig-tt-min-0-pocket10_4azf-A-rec-5lxc-7aa-lig-tt-min-0,10,10,1.0,1.0,0.0,0.0,1.0,1.0,1.0,1.0,1.0,1.0
DiffSBDD,33,audit_failure_count_qedsa,DiffSBDD,4azf-A-rec-5lxc-7aa-lig-tt-min-0-pocket10_4azf-A-rec-5lxc-7aa-lig-tt-min-0,10,10,1.0,1.0,0.0,0.0,1.0,1.0,1.0,1.0,1.0,1.0
DiffSBDD,33,phys_logreg_full,DiffSBDD,4azf-A-rec-5lxc-7aa-lig-tt-min-0-pocket10_4azf-A-rec-5lxc-7aa-lig-tt-min-0,10,10,1.0,1.0,0.0,0.0,1.0,1.0,1.0,1.0,1.0,1.0
DiffSBDD,33,phys_hgb_full,DiffSBDD,4azf-A-rec-5lxc-7aa-lig-tt-min-0-pocket10_4azf-A-rec-5lxc-7aa-lig-tt-min-0,10,10,1.0,1.0,0.0,0.0,1.0,1.0,1.0,1.0,1.0,1.0
DiffSBDD,33,phys_rf_direct_excluded,DiffSBDD,4azf-A-rec-5lxc-7aa-lig-tt-min-0-pocket10_4azf-A-rec-5lxc-7aa-lig-tt-min-0,10,10,1.0,1.0,0.0,0.0,1.0,1.0,1.0,1.0,1.0,1.0
DiffSBDD,33,phys_rf_full,DiffSBDD,4azf-A-rec-5lxc-7aa-lig-tt-min-0-pocket10_4azf-A-rec-5lxc-7aa-lig-tt-min-0,10,10,1.0,1.0,0.0,0.0,1.0,1.0,1.0,1.0,1.0,1.0
DiffSBDD,33,qed_sa,DiffSBDD,4d7o-A-rec-3n5z-xfm-lig-tt-min-0-pocket10_4d7o-A-rec-3n5z-xfm-lig-tt-min-0,10,10,1.0,1.0,0.0,0.0,1.0,1.0,1.0,1.0,1.0,1.0
DiffSBDD,33,contact_clash_rule,DiffSBDD,4d7o-A-rec-3n5z-xfm-lig-tt-min-0-pocket10_4d7o-A-rec-3n5z-xfm-lig-tt-min-0,10,10,1.0,1.0,0.0,0.0,1.0,1.0,1.0,1.0,1.0,1.0
DiffSBDD,33,full_audit_gate_qedsa_fixed_budget,DiffSBDD,4d7o-A-rec-3n5z-xfm-lig-tt-min-0-pocket10_4d7o-A-rec-3n5z-xfm-lig-tt-min-0,10,10,1.0,1.0,0.0,0.0,1.0,1.0,1.0,1.0,1.0,1.0
DiffSBDD,33,full_audit_gate_qedsa_no_backfill,DiffSBDD,4d7o-A-rec-3n5z-xfm-lig-tt-min-0-pocket10_4d7o-A-rec-3n5z-xfm-lig-tt-min-0,10,10,1.0,1.0,0.0,0.0,1.0,1.0,1.0,1.0,1.0,1.0
DiffSBDD,33,audit_failure_count_qedsa,DiffSBDD,4d7o-A-rec-3n5z-xfm-lig-tt-min-0-pocket10_4d7o-A-rec-3n5z-xfm-lig-tt-min-0,10,10,1.0,1.0,0.0,0.0,1.0,1.0,1.0,1.0,1.0,1.0
DiffSBDD,33,phys_logreg_full,DiffSBDD,4d7o-A-rec-3n5z-xfm-lig-tt-min-0-pocket10_4d7o-A-rec-3n5z-xfm-lig-tt-min-0,10,10,1.0,1.0,0.0,0.0,1.0,1.0,1.0,1.0,1.0,1.0
DiffSBDD,33,phys_hgb_full,DiffSBDD,4d7o-A-rec-3n5z-xfm-lig-tt-min-0-pocket10_4d7o-A-rec-3n5z-xfm-lig-tt-min-0,10,10,1.0,1.0,0.0,0.0,1.0,1.0,1.0,1.0,1.0,1.0
DiffSBDD,33,phys_rf_direct_excluded,DiffSBDD,4d7o-A-rec-3n5z-xfm-lig-tt-min-0-pocket10_4d7o-A-rec-3n5z-xfm-lig-tt-min-0,10,10,1.0,1.0,0.0,0.0,1.0,1.0,1.0,1.0,1.0,1.0
DiffSBDD,33,phys_rf_full,DiffSBDD,4d7o-A-rec-3n5z-xfm-lig-tt-min-0-pocket10_4d7o-A-rec-3n5z-xfm-lig-tt-min-0,10,10,1.0,1.0,0.0,0.0,1.0,1.0,1.0,1.0,1.0,1.0
DiffSBDD,33,qed_sa,DiffSBDD,4bel-A-rec-2ewy-dbo-lig-tt-min-0-pocket10_4bel-A-rec-2ewy-dbo-lig-tt-min-0,10,10,1.0,1.0,0.0,0.0,1.0,1.0,1.0,1.0,1.0,1.0
DiffSBDD,33,contact_clash_rule,DiffSBDD,4bel-A-rec-2ewy-dbo-lig-tt-min-0-pocket10_4bel-A-rec-2ewy-dbo-lig-tt-min-0,10,10,1.0,1.0,0.0,0.0,1.0,1.0,1.0,1.0,1.0,1.0
DiffSBDD,33,full_audit_gate_qedsa_fixed_budget,DiffSBDD,4bel-A-rec-2ewy-dbo-lig-tt-min-0-pocket10_4bel-A-rec-2ewy-dbo-lig-tt-min-0,10,10,1.0,1.0,0.0,0.0,1.0,1.0,1.0,1.0,1.0,1.0
DiffSBDD,33,full_audit_gate_qedsa_no_backfill,DiffSBDD,4bel-A-rec-2ewy-dbo-lig-tt-min-0-pocket10_4bel-A-rec-2ewy-dbo-lig-tt-min-0,10,10,1.0,1.0,0.0,0.0,1.0,1.0,1.0,1.0,1.0,1.0
DiffSBDD,33,audit_failure_count_qedsa,DiffSBDD,4bel-A-rec-2ewy-dbo-lig-tt-min-0-pocket10_4bel-A-rec-2ewy-dbo-lig-tt-min-0,10,10,1.0,1.0,0.0,0.0,1.0,1.0,1.0,1.0,1.0,1.0
DiffSBDD,33,phys_logreg_full,DiffSBDD,4bel-A-rec-2ewy-dbo-lig-tt-min-0-pocket10_4bel-A-rec-2ewy-dbo-lig-tt-min-0,10,10,1.0,1.0,0.0,0.0,1.0,1.0,1.0,1.0,1.0,1.0
DiffSBDD,33,phys_hgb_full,DiffSBDD,4bel-A-rec-2ewy-dbo-lig-tt-min-0-pocket10_4bel-A-rec-2ewy-dbo-lig-tt-min-0,10,10,1.0,1.0,0.0,0.0,1.0,1.0,1.0,1.0,1.0,1.0
DiffSBDD,33,phys_rf_direct_excluded,DiffSBDD,4bel-A-rec-2ewy-dbo-lig-tt-min-0-pocket10_4bel-A-rec-2ewy-dbo-lig-tt-min-0,10,10,1.0,1.0,0.0,0.0,1.0,1.0,1.0,1.0,1.0,1.0
DiffSBDD,33,phys_rf_full,DiffSBDD,4bel-A-rec-2ewy-dbo-lig-tt-min-0-pocket10_4bel-A-rec-2ewy-dbo-lig-tt-min-0,10,10,1.0,1.0,0.0,0.0,1.0,1.0,1.0,1.0,1.0,1.0
DiffSBDD,33,qed_sa,DiffSBDD,4aaw-A-rec-4ac3-r83-lig-tt-min-0-pocket10_4aaw-A-rec-4ac3-r83-lig-tt-min-0,10,10,1.0,0.9,99.99999999999997,100.0,1.0,0.9,0.9,1.0,1.0,1.0
DiffSBDD,33,contact_clash_rule,DiffSBDD,4aaw-A-rec-4ac3-r83-lig-tt-min-0-pocket10_4aaw-A-rec-4ac3-r83-lig-tt-min-0,10,10,1.0,1.0,0.0,0.0,1.0,1.0,1.0,1.0,1.0,1.0
DiffSBDD,33,full_audit_gate_qedsa_fixed_budget,DiffSBDD,4aaw-A-rec-4ac3-r83-lig-tt-min-0-pocket10_4aaw-A-rec-4ac3-r83-lig-tt-min-0,10,10,1.0,0.9,99.99999999999997,100.0,1.0,0.9,0.9,1.0,1.0,1.0
DiffSBDD,33,full_audit_gate_qedsa_no_backfill,DiffSBDD,4aaw-A-rec-4ac3-r83-lig-tt-min-0-pocket10_4aaw-A-rec-4ac3-r83-lig-tt-min-0,10,10,1.0,0.9,99.99999999999997,100.0,1.0,0.9,0.9,1.0,1.0,1.0
DiffSBDD,33,audit_failure_count_qedsa,DiffSBDD,4aaw-A-rec-4ac3-r83-lig-tt-min-0-pocket10_4aaw-A-rec-4ac3-r83-lig-tt-min-0,10,10,1.0,0.9,99.99999999999997,100.0,1.0,0.9,0.9,1.0,1.0,1.0
DiffSBDD,33,phys_logreg_full,DiffSBDD,4aaw-A-rec-4ac3-r83-lig-tt-min-0-pocket10_4aaw-A-rec-4ac3-r83-lig-tt-min-0,10,10,1.0,1.0,0.0,0.0,1.0,1.0,1.0,1.0,1.0,1.0
DiffSBDD,33,phys_hgb_full,DiffSBDD,4aaw-A-rec-4ac3-r83-lig-tt-min-0-pocket10_4aaw-A-rec-4ac3-r83-lig-tt-min-0,10,10,1.0,1.0,0.0,0.0,1.0,1.0,1.0,1.0,1.0,1.0
DiffSBDD,33,phys_rf_direct_excluded,DiffSBDD,4aaw-A-rec-4ac3-r83-lig-tt-min-0-pocket10_4aaw-A-rec-4ac3-r83-lig-tt-min-0,10,10,1.0,0.9,99.99999999999997,100.0,1.0,0.9,0.9,1.0,1.0,1.0
DiffSBDD,33,phys_rf_full,DiffSBDD,4aaw-A-rec-4ac3-r83-lig-tt-min-0-pocket10_4aaw-A-rec-4ac3-r83-lig-tt-min-0,10,10,1.0,1.0,0.0,0.0,1.0,1.0,1.0,1.0,1.0,1.0
DiffSBDD,33,qed_sa,DiffSBDD,3v4t-A-rec-4e7f-udp-lig-tt-min-0-pocket10_3v4t-A-rec-4e7f-udp-lig-tt-min-0,10,10,1.0,0.8,199.99999999999994,200.0,0.8,1.0,1.0,1.0,1.0,1.0
DiffSBDD,33,contact_clash_rule,DiffSBDD,3v4t-A-rec-4e7f-udp-lig-tt-min-0-pocket10_3v4t-A-rec-4e7f-udp-lig-tt-min-0,10,10,1.0,1.0,0.0,0.0,1.0,1.0,1.0,1.0,1.0,1.0
DiffSBDD,33,full_audit_gate_qedsa_fixed_budget,DiffSBDD,3v4t-A-rec-4e7f-udp-lig-tt-min-0-pocket10_3v4t-A-rec-4e7f-udp-lig-tt-min-0,10,10,1.0,0.8,199.99999999999994,200.0,0.8,1.0,1.0,1.0,1.0,1.0
DiffSBDD,33,full_audit_gate_qedsa_no_backfill,DiffSBDD,3v4t-A-rec-4e7f-udp-lig-tt-min-0-pocket10_3v4t-A-rec-4e7f-udp-lig-tt-min-0,10,10,1.0,0.8,199.99999999999994,200.0,0.8,1.0,1.0,1.0,1.0,1.0
DiffSBDD,33,audit_failure_count_qedsa,DiffSBDD,3v4t-A-rec-4e7f-udp-lig-tt-min-0-pocket10_3v4t-A-rec-4e7f-udp-lig-tt-min-0,10,10,1.0,0.8,199.99999999999994,200.0,0.8,1.0,1.0,1.0,1.0,1.0
DiffSBDD,33,phys_logreg_full,DiffSBDD,3v4t-A-rec-4e7f-udp-lig-tt-min-0-pocket10_3v4t-A-rec-4e7f-udp-lig-tt-min-0,10,10,1.0,1.0,0.0,0.0,1.0,1.0,1.0,1.0,1.0,1.0
DiffSBDD,33,phys_hgb_full,DiffSBDD,3v4t-A-rec-4e7f-udp-lig-tt-min-0-pocket10_3v4t-A-rec-4e7f-udp-lig-tt-min-0,10,10,1.0,1.0,0.0,0.0,1.0,1.0,1.0,1.0,1.0,1.0
DiffSBDD,33,phys_rf_direct_excluded,DiffSBDD,3v4t-A-rec-4e7f-udp-lig-tt-min-0-pocket10_3v4t-A-rec-4e7f-udp-lig-tt-min-0,10,10,1.0,0.9,99.99999999999997,100.0,0.9,1.0,1.0,1.0,1.0,1.0
DiffSBDD,33,phys_rf_full,DiffSBDD,3v4t-A-rec-4e7f-udp-lig-tt-min-0-pocket10_3v4t-A-rec-4e7f-udp-lig-tt-min-0,10,10,1.0,0.9,99.99999999999997,100.0,0.9,1.0,1.0,1.0,1.0,1.0
DiffSBDD,33,qed_sa,DiffSBDD,4f1m-A-rec-4f1m-acp-lig-tt-min-0-pocket10_4f1m-A-rec-4f1m-acp-lig-tt-min-0,10,10,1.0,1.0,0.0,0.0,1.0,1.0,1.0,1.0,1.0,1.0
DiffSBDD,33,contact_clash_rule,DiffSBDD,4f1m-A-rec-4f1m-acp-lig-tt-min-0-pocket10_4f1m-A-rec-4f1m-acp-lig-tt-min-0,10,10,1.0,1.0,0.0,0.0,1.0,1.0,1.0,1.0,1.0,1.0
DiffSBDD,33,full_audit_gate_qedsa_fixed_budget,DiffSBDD,4f1m-A-rec-4f1m-acp-lig-tt-min-0-pocket10_4f1m-A-rec-4f1m-acp-lig-tt-min-0,10,10,1.0,1.0,0.0,0.0,1.0,1.0,1.0,1.0,1.0,1.0
DiffSBDD,33,full_audit_gate_qedsa_no_backfill,DiffSBDD,4f1m-A-rec-4f1m-acp-lig-tt-min-0-pocket10_4f1m-A-rec-4f1m-acp-lig-tt-min-0,10,10,1.0,1.0,0.0,0.0,1.0,1.0,1.0,1.0,1.0,1.0
DiffSBDD,33,audit_failure_count_qedsa,DiffSBDD,4f1m-A-rec-4f1m-acp-lig-tt-min-0-pocket10_4f1m-A-rec-4f1m-acp-lig-tt-min-0,10,10,1.0,1.0,0.0,0.0,1.0,1.0,1.0,1.0,1.0,1.0
DiffSBDD,33,phys_logreg_full,DiffSBDD,4f1m-A-rec-4f1m-acp-lig-tt-min-0-pocket10_4f1m-A-rec-4f1m-acp-lig-tt-min-0,10,10,1.0,1.0,0.0,0.0,1.0,1.0,1.0,1.0,1.0,1.0
DiffSBDD,33,phys_hgb_full,DiffSBDD,4f1m-A-rec-4f1m-acp-lig-tt-min-0-pocket10_4f1m-A-rec-4f1m-acp-lig-tt-min-0,10,10,1.0,1.0,0.0,0.0,1.0,1.0,1.0,1.0,1.0,1.0
DiffSBDD,33,phys_rf_direct_excluded,DiffSBDD,4f1m-A-rec-4f1m-acp-lig-tt-min-0-pocket10_4f1m-A-rec-4f1m-acp-lig-tt-min-0,10,10,1.0,1.0,0.0,0.0,1.0,1.0,1.0,1.0,1.0,1.0
DiffSBDD,33,phys_rf_full,DiffSBDD,4f1m-A-rec-4f1m-acp-lig-tt-min-0-pocket10_4f1m-A-rec-4f1m-acp-lig-tt-min-0,10,10,1.0,1.0,0.0,0.0,1.0,1.0,1.0,1.0,1.0,1.0
DiffSBDD,33,qed_sa,DiffSBDD,3u5y-B-rec-3u57-dh8-lig-tt-min-0-pocket10_3u5y-B-rec-3u57-dh8-lig-tt-min-0,10,10,1.0,0.9,99.99999999999997,100.0,0.9,1.0,1.0,1.0,1.0,1.0
DiffSBDD,33,contact_clash_rule,DiffSBDD,3u5y-B-rec-3u57-dh8-lig-tt-min-0-pocket10_3u5y-B-rec-3u57-dh8-lig-tt-min-0,10,10,1.0,1.0,0.0,0.0,1.0,1.0,1.0,1.0,1.0,1.0
DiffSBDD,33,full_audit_gate_qedsa_fixed_budget,DiffSBDD,3u5y-B-rec-3u57-dh8-lig-tt-min-0-pocket10_3u5y-B-rec-3u57-dh8-lig-tt-min-0,10,10,1.0,0.9,99.99999999999997,100.0,0.9,1.0,1.0,1.0,1.0,1.0
DiffSBDD,33,full_audit_gate_qedsa_no_backfill,DiffSBDD,3u5y-B-rec-3u57-dh8-lig-tt-min-0-pocket10_3u5y-B-rec-3u57-dh8-lig-tt-min-0,10,10,1.0,0.9,99.99999999999997,100.0,0.9,1.0,1.0,1.0,1.0,1.0
DiffSBDD,33,audit_failure_count_qedsa,DiffSBDD,3u5y-B-rec-3u57-dh8-lig-tt-min-0-pocket10_3u5y-B-rec-3u57-dh8-lig-tt-min-0,10,10,1.0,0.9,99.99999999999997,100.0,0.9,1.0,1.0,1.0,1.0,1.0
DiffSBDD,33,phys_logreg_full,DiffSBDD,3u5y-B-rec-3u57-dh8-lig-tt-min-0-pocket10_3u5y-B-rec-3u57-dh8-lig-tt-min-0,10,10,1.0,1.0,0.0,0.0,1.0,1.0,1.0,1.0,1.0,1.0
DiffSBDD,33,phys_hgb_full,DiffSBDD,3u5y-B-rec-3u57-dh8-lig-tt-min-0-pocket10_3u5y-B-rec-3u57-dh8-lig-tt-min-0,10,10,1.0,1.0,0.0,0.0,1.0,1.0,1.0,1.0,1.0,1.0
DiffSBDD,33,phys_rf_direct_excluded,DiffSBDD,3u5y-B-rec-3u57-dh8-lig-tt-min-0-pocket10_3u5y-B-rec-3u57-dh8-lig-tt-min-0,10,10,1.0,1.0,0.0,0.0,1.0,1.0,1.0,1.0,1.0,1.0
DiffSBDD,33,phys_rf_full,DiffSBDD,3u5y-B-rec-3u57-dh8-lig-tt-min-0-pocket10_3u5y-B-rec-3u57-dh8-lig-tt-min-0,10,10,1.0,1.0,0.0,0.0,1.0,1.0,1.0,1.0,1.0,1.0
DiffSBDD,33,qed_sa,DiffSBDD,4g3d-B-rec-4idv-13v-lig-tt-min-0-pocket10_4g3d-B-rec-4idv-13v-lig-tt-min-0,10,10,1.0,0.9,99.99999999999997,100.0,0.9,1.0,1.0,1.0,1.0,1.0
DiffSBDD,33,contact_clash_rule,DiffSBDD,4g3d-B-rec-4idv-13v-lig-tt-min-0-pocket10_4g3d-B-rec-4idv-13v-lig-tt-min-0,10,10,1.0,1.0,0.0,0.0,1.0,1.0,1.0,1.0,1.0,1.0
DiffSBDD,33,full_audit_gate_qedsa_fixed_budget,DiffSBDD,4g3d-B-rec-4idv-13v-lig-tt-min-0-pocket10_4g3d-B-rec-4idv-13v-lig-tt-min-0,10,10,1.0,0.9,99.99999999999997,100.0,0.9,1.0,1.0,1.0,1.0,1.0
DiffSBDD,33,full_audit_gate_qedsa_no_backfill,DiffSBDD,4g3d-B-rec-4idv-13v-lig-tt-min-0-pocket10_4g3d-B-rec-4idv-13v-lig-tt-min-0,10,10,1.0,0.9,99.99999999999997,100.0,0.9,1.0,1.0,1.0,1.0,1.0
DiffSBDD,33,audit_failure_count_qedsa,DiffSBDD,4g3d-B-rec-4idv-13v-lig-tt-min-0-pocket10_4g3d-B-rec-4idv-13v-lig-tt-min-0,10,10,1.0,0.9,99.99999999999997,100.0,0.9,1.0,1.0,1.0,1.0,1.0
DiffSBDD,33,phys_logreg_full,DiffSBDD,4g3d-B-rec-4idv-13v-lig-tt-min-0-pocket10_4g3d-B-rec-4idv-13v-lig-tt-min-0,10,10,1.0,1.0,0.0,0.0,1.0,1.0,1.0,1.0,1.0,1.0
DiffSBDD,33,phys_hgb_full,DiffSBDD,4g3d-B-rec-4idv-13v-lig-tt-min-0-pocket10_4g3d-B-rec-4idv-13v-lig-tt-min-0,10,10,1.0,1.0,0.0,0.0,1.0,1.0,1.0,1.0,1.0,1.0
DiffSBDD,33,phys_rf_direct_excluded,DiffSBDD,4g3d-B-rec-4idv-13v-lig-tt-min-0-pocket10_4g3d-B-rec-4idv-13v-lig-tt-min-0,10,10,1.0,1.0,0.0,0.0,1.0,1.0,1.0,1.0,1.0,1.0
DiffSBDD,33,phys_rf_full,DiffSBDD,4g3d-B-rec-4idv-13v-lig-tt-min-0-pocket10_4g3d-B-rec-4idv-13v-lig-tt-min-0,10,10,1.0,1.0,0.0,0.0,1.0,1.0,1.0,1.0,1.0,1.0
DiffSBDD,33,qed_sa,DiffSBDD,4gvd-A-rec-4nxr-ans-lig-tt-min-0-pocket10_4gvd-A-rec-4nxr-ans-lig-tt-min-0,10,10,1.0,1.0,0.0,0.0,1.0,1.0,1.0,1.0,1.0,1.0
DiffSBDD,33,contact_clash_rule,DiffSBDD,4gvd-A-rec-4nxr-ans-lig-tt-min-0-pocket10_4gvd-A-rec-4nxr-ans-lig-tt-min-0,10,10,1.0,0.9,99.99999999999997,100.0,1.0,0.9,0.9,1.0,0.9,1.0
DiffSBDD,33,full_audit_gate_qedsa_fixed_budget,DiffSBDD,4gvd-A-rec-4nxr-ans-lig-tt-min-0-pocket10_4gvd-A-rec-4nxr-ans-lig-tt-min-0,10,10,1.0,1.0,0.0,0.0,1.0,1.0,1.0,1.0,1.0,1.0
DiffSBDD,33,full_audit_gate_qedsa_no_backfill,DiffSBDD,4gvd-A-rec-4nxr-ans-lig-tt-min-0-pocket10_4gvd-A-rec-4nxr-ans-lig-tt-min-0,10,10,1.0,1.0,0.0,0.0,1.0,1.0,1.0,1.0,1.0,1.0
DiffSBDD,33,audit_failure_count_qedsa,DiffSBDD,4gvd-A-rec-4nxr-ans-lig-tt-min-0-pocket10_4gvd-A-rec-4nxr-ans-lig-tt-min-0,10,10,1.0,1.0,0.0,0.0,1.0,1.0,1.0,1.0,1.0,1.0
DiffSBDD,33,phys_logreg_full,DiffSBDD,4gvd-A-rec-4nxr-ans-lig-tt-min-0-pocket10_4gvd-A-rec-4nxr-ans-lig-tt-min-0,10,10,1.0,1.0,0.0,0.0,1.0,1.0,1.0,1.0,1.0,1.0
DiffSBDD,33,phys_hgb_full,DiffSBDD,4gvd-A-rec-4nxr-ans-lig-tt-min-0-pocket10_4gvd-A-rec-4nxr-ans-lig-tt-min-0,10,10,1.0,1.0,0.0,0.0,1.0,1.0,1.0,1.0,1.0,1.0
DiffSBDD,33,phys_rf_direct_excluded,DiffSBDD,4gvd-A-rec-4nxr-ans-lig-tt-min-0-pocket10_4gvd-A-rec-4nxr-ans-lig-tt-min-0,10,10,1.0,1.0,0.0,0.0,1.0,1.0,1.0,1.0,1.0,1.0
DiffSBDD,33,phys_rf_full,DiffSBDD,4gvd-A-rec-4nxr-ans-lig-tt-min-0-pocket10_4gvd-A-rec-4nxr-ans-lig-tt-min-0,10,10,1.0,1.0,0.0,0.0,1.0,1.0,1.0,1.0,1.0,1.0
DiffSBDD,33,qed_sa,DiffSBDD,4h3c-A-rec-5cqj-53q-lig-tt-docked-2-pocket10_4h3c-A-rec-5cqj-53q-lig-tt-docked-2,10,10,1.0,1.0,0.0,0.0,1.0,1.0,1.0,1.0,1.0,1.0
DiffSBDD,33,contact_clash_rule,DiffSBDD,4h3c-A-rec-5cqj-53q-lig-tt-docked-2-pocket10_4h3c-A-rec-5cqj-53q-lig-tt-docked-2,10,10,1.0,1.0,0.0,0.0,1.0,1.0,1.0,1.0,1.0,1.0
DiffSBDD,33,full_audit_gate_qedsa_fixed_budget,DiffSBDD,4h3c-A-rec-5cqj-53q-lig-tt-docked-2-pocket10_4h3c-A-rec-5cqj-53q-lig-tt-docked-2,10,10,1.0,1.0,0.0,0.0,1.0,1.0,1.0,1.0,1.0,1.0
DiffSBDD,33,full_audit_gate_qedsa_no_backfill,DiffSBDD,4h3c-A-rec-5cqj-53q-lig-tt-docked-2-pocket10_4h3c-A-rec-5cqj-53q-lig-tt-docked-2,10,10,1.0,1.0,0.0,0.0,1.0,1.0,1.0,1.0,1.0,1.0
DiffSBDD,33,audit_failure_count_qedsa,DiffSBDD,4h3c-A-rec-5cqj-53q-lig-tt-docked-2-pocket10_4h3c-A-rec-5cqj-53q-lig-tt-docked-2,10,10,1.0,1.0,0.0,0.0,1.0,1.0,1.0,1.0,1.0,1.0
DiffSBDD,33,phys_logreg_full,DiffSBDD,4h3c-A-rec-5cqj-53q-lig-tt-docked-2-pocket10_4h3c-A-rec-5cqj-53q-lig-tt-docked-2,10,10,1.0,1.0,0.0,0.0,1.0,1.0,1.0,1.0,1.0,1.0
DiffSBDD,33,phys_hgb_full,DiffSBDD,4h3c-A-rec-5cqj-53q-lig-tt-docked-2-pocket10_4h3c-A-rec-5cqj-53q-lig-tt-docked-2,10,10,1.0,1.0,0.0,0.0,1.0,1.0,1.0,1.0,1.0,1.0
DiffSBDD,33,phys_rf_direct_excluded,DiffSBDD,4h3c-A-rec-5cqj-53q-lig-tt-docked-2-pocket10_4h3c-A-rec-5cqj-53q-lig-tt-docked-2,10,10,1.0,1.0,0.0,0.0,1.0,1.0,1.0,1.0,1.0,1.0
DiffSBDD,33,phys_rf_full,DiffSBDD,4h3c-A-rec-5cqj-53q-lig-tt-docked-2-pocket10_4h3c-A-rec-5cqj-53q-lig-tt-docked-2,10,10,1.0,1.0,0.0,0.0,1.0,1.0,1.0,1.0,1.0,1.0
DiffSBDD,33,qed_sa,DiffSBDD,4q8b-B-rec-4q8b-sxx-lig-tt-min-0-pocket10_4q8b-B-rec-4q8b-sxx-lig-tt-min-0,10,10,1.0,0.9,99.99999999999997,100.0,1.0,0.9,1.0,0.9,1.0,1.0
DiffSBDD,33,contact_clash_rule,DiffSBDD,4q8b-B-rec-4q8b-sxx-lig-tt-min-0-pocket10_4q8b-B-rec-4q8b-sxx-lig-tt-min-0,10,10,1.0,0.9,99.99999999999997,100.0,1.0,0.9,1.0,0.9,1.0,1.0
DiffSBDD,33,full_audit_gate_qedsa_fixed_budget,DiffSBDD,4q8b-B-rec-4q8b-sxx-lig-tt-min-0-pocket10_4q8b-B-rec-4q8b-sxx-lig-tt-min-0,10,10,1.0,0.9,99.99999999999997,100.0,1.0,0.9,1.0,0.9,1.0,1.0
DiffSBDD,33,full_audit_gate_qedsa_no_backfill,DiffSBDD,4q8b-B-rec-4q8b-sxx-lig-tt-min-0-pocket10_4q8b-B-rec-4q8b-sxx-lig-tt-min-0,10,10,1.0,0.9,99.99999999999997,100.0,1.0,0.9,1.0,0.9,1.0,1.0
DiffSBDD,33,audit_failure_count_qedsa,DiffSBDD,4q8b-B-rec-4q8b-sxx-lig-tt-min-0-pocket10_4q8b-B-rec-4q8b-sxx-lig-tt-min-0,10,10,1.0,0.9,99.99999999999997,100.0,1.0,0.9,1.0,0.9,1.0,1.0
DiffSBDD,33,phys_logreg_full,DiffSBDD,4q8b-B-rec-4q8b-sxx-lig-tt-min-0-pocket10_4q8b-B-rec-4q8b-sxx-lig-tt-min-0,10,10,1.0,1.0,0.0,0.0,1.0,1.0,1.0,1.0,1.0,1.0
DiffSBDD,33,phys_hgb_full,DiffSBDD,4q8b-B-rec-4q8b-sxx-lig-tt-min-0-pocket10_4q8b-B-rec-4q8b-sxx-lig-tt-min-0,10,10,1.0,1.0,0.0,0.0,1.0,1.0,1.0,1.0,1.0,1.0
DiffSBDD,33,phys_rf_direct_excluded,DiffSBDD,4q8b-B-rec-4q8b-sxx-lig-tt-min-0-pocket10_4q8b-B-rec-4q8b-sxx-lig-tt-min-0,10,10,1.0,1.0,0.0,0.0,1.0,1.0,1.0,1.0,1.0,1.0
DiffSBDD,33,phys_rf_full,DiffSBDD,4q8b-B-rec-4q8b-sxx-lig-tt-min-0-pocket10_4q8b-B-rec-4q8b-sxx-lig-tt-min-0,10,10,1.0,1.0,0.0,0.0,1.0,1.0,1.0,1.0,1.0,1.0
DiffSBDD,33,qed_sa,DiffSBDD,4u5s-A-rec-4u54-3c5-lig-tt-min-0-pocket10_4u5s-A-rec-4u54-3c5-lig-tt-min-0,10,10,1.0,0.8,199.99999999999994,200.0,1.0,0.8,0.9,0.9,0.9,1.0
DiffSBDD,33,contact_clash_rule,DiffSBDD,4u5s-A-rec-4u54-3c5-lig-tt-min-0-pocket10_4u5s-A-rec-4u54-3c5-lig-tt-min-0,10,10,1.0,0.6,400.0,400.0,1.0,0.6,0.9,0.8,0.7,1.0
DiffSBDD,33,full_audit_gate_qedsa_fixed_budget,DiffSBDD,4u5s-A-rec-4u54-3c5-lig-tt-min-0-pocket10_4u5s-A-rec-4u54-3c5-lig-tt-min-0,10,10,1.0,0.8,199.99999999999994,200.0,1.0,0.8,0.9,0.9,0.9,1.0
DiffSBDD,33,full_audit_gate_qedsa_no_backfill,DiffSBDD,4u5s-A-rec-4u54-3c5-lig-tt-min-0-pocket10_4u5s-A-rec-4u54-3c5-lig-tt-min-0,10,10,1.0,0.8,199.99999999999994,200.0,1.0,0.8,0.9,0.9,0.9,1.0
DiffSBDD,33,audit_failure_count_qedsa,DiffSBDD,4u5s-A-rec-4u54-3c5-lig-tt-min-0-pocket10_4u5s-A-rec-4u54-3c5-lig-tt-min-0,10,10,1.0,0.8,199.99999999999994,200.0,1.0,0.8,0.9,0.9,0.9,1.0
DiffSBDD,33,phys_logreg_full,DiffSBDD,4u5s-A-rec-4u54-3c5-lig-tt-min-0-pocket10_4u5s-A-rec-4u54-3c5-lig-tt-min-0,10,10,1.0,1.0,0.0,0.0,1.0,1.0,1.0,1.0,1.0,1.0
DiffSBDD,33,phys_hgb_full,DiffSBDD,4u5s-A-rec-4u54-3c5-lig-tt-min-0-pocket10_4u5s-A-rec-4u54-3c5-lig-tt-min-0,10,10,1.0,1.0,0.0,0.0,1.0,1.0,1.0,1.0,1.0,1.0
DiffSBDD,33,phys_rf_direct_excluded,DiffSBDD,4u5s-A-rec-4u54-3c5-lig-tt-min-0-pocket10_4u5s-A-rec-4u54-3c5-lig-tt-min-0,10,10,1.0,1.0,0.0,0.0,1.0,1.0,1.0,1.0,1.0,1.0
DiffSBDD,33,phys_rf_full,DiffSBDD,4u5s-A-rec-4u54-3c5-lig-tt-min-0-pocket10_4u5s-A-rec-4u54-3c5-lig-tt-min-0,10,10,1.0,1.0,0.0,0.0,1.0,1.0,1.0,1.0,1.0,1.0
DiffSBDD,33,qed_sa,DiffSBDD,4rn0-B-rec-4rn1-l8g-lig-tt-min-0-pocket10_4rn0-B-rec-4rn1-l8g-lig-tt-min-0,10,10,1.0,0.9,99.99999999999997,100.0,1.0,0.9,1.0,0.9,0.9,1.0
DiffSBDD,33,contact_clash_rule,DiffSBDD,4rn0-B-rec-4rn1-l8g-lig-tt-min-0-pocket10_4rn0-B-rec-4rn1-l8g-lig-tt-min-0,10,10,1.0,0.6,400.0,400.0,0.9,0.6666666666666666,1.0,0.7777777777777778,0.6666666666666666,1.0
DiffSBDD,33,full_audit_gate_qedsa_fixed_budget,DiffSBDD,4rn0-B-rec-4rn1-l8g-lig-tt-min-0-pocket10_4rn0-B-rec-4rn1-l8g-lig-tt-min-0,10,10,1.0,1.0,0.0,0.0,1.0,1.0,1.0,1.0,1.0,1.0
DiffSBDD,33,full_audit_gate_qedsa_no_backfill,DiffSBDD,4rn0-B-rec-4rn1-l8g-lig-tt-min-0-pocket10_4rn0-B-rec-4rn1-l8g-lig-tt-min-0,10,10,1.0,1.0,0.0,0.0,1.0,1.0,1.0,1.0,1.0,1.0
DiffSBDD,33,audit_failure_count_qedsa,DiffSBDD,4rn0-B-rec-4rn1-l8g-lig-tt-min-0-pocket10_4rn0-B-rec-4rn1-l8g-lig-tt-min-0,10,10,1.0,1.0,0.0,0.0,1.0,1.0,1.0,1.0,1.0,1.0
DiffSBDD,33,phys_logreg_full,DiffSBDD,4rn0-B-rec-4rn1-l8g-lig-tt-min-0-pocket10_4rn0-B-rec-4rn1-l8g-lig-tt-min-0,10,10,1.0,1.0,0.0,0.0,1.0,1.0,1.0,1.0,1.0,1.0
DiffSBDD,33,phys_hgb_full,DiffSBDD,4rn0-B-rec-4rn1-l8g-lig-tt-min-0-pocket10_4rn0-B-rec-4rn1-l8g-lig-tt-min-0,10,10,1.0,1.0,0.0,0.0,1.0,1.0,1.0,1.0,1.0,1.0
DiffSBDD,33,phys_rf_direct_excluded,DiffSBDD,4rn0-B-rec-4rn1-l8g-lig-tt-min-0-pocket10_4rn0-B-rec-4rn1-l8g-lig-tt-min-0,10,10,1.0,1.0,0.0,0.0,1.0,1.0,1.0,1.0,1.0,1.0
DiffSBDD,33,phys_rf_full,DiffSBDD,4rn0-B-rec-4rn1-l8g-lig-tt-min-0-pocket10_4rn0-B-rec-4rn1-l8g-lig-tt-min-0,10,10,1.0,1.0,0.0,0.0,1.0,1.0,1.0,1.0,1.0,1.0
DiffSBDD,33,qed_sa,DiffSBDD,4iiy-A-rec-3tle-gsu-lig-tt-docked-12-pocket10_4iiy-A-rec-3tle-gsu-lig-tt-docked-12,10,10,1.0,0.9,99.99999999999997,100.0,1.0,0.9,1.0,1.0,0.9,1.0
DiffSBDD,33,contact_clash_rule,DiffSBDD,4iiy-A-rec-3tle-gsu-lig-tt-docked-12-pocket10_4iiy-A-rec-3tle-gsu-lig-tt-docked-12,10,10,1.0,0.9,99.99999999999997,100.0,1.0,0.9,1.0,1.0,0.9,1.0
DiffSBDD,33,full_audit_gate_qedsa_fixed_budget,DiffSBDD,4iiy-A-rec-3tle-gsu-lig-tt-docked-12-pocket10_4iiy-A-rec-3tle-gsu-lig-tt-docked-12,10,10,1.0,0.9,99.99999999999997,100.0,1.0,0.9,1.0,1.0,0.9,1.0
DiffSBDD,33,full_audit_gate_qedsa_no_backfill,DiffSBDD,4iiy-A-rec-3tle-gsu-lig-tt-docked-12-pocket10_4iiy-A-rec-3tle-gsu-lig-tt-docked-12,10,10,1.0,0.9,99.99999999999997,100.0,1.0,0.9,1.0,1.0,0.9,1.0
DiffSBDD,33,audit_failure_count_qedsa,DiffSBDD,4iiy-A-rec-3tle-gsu-lig-tt-docked-12-pocket10_4iiy-A-rec-3tle-gsu-lig-tt-docked-12,10,10,1.0,0.9,99.99999999999997,100.0,1.0,0.9,1.0,1.0,0.9,1.0
DiffSBDD,33,phys_logreg_full,DiffSBDD,4iiy-A-rec-3tle-gsu-lig-tt-docked-12-pocket10_4iiy-A-rec-3tle-gsu-lig-tt-docked-12,10,10,1.0,1.0,0.0,0.0,1.0,1.0,1.0,1.0,1.0,1.0
DiffSBDD,33,phys_hgb_full,DiffSBDD,4iiy-A-rec-3tle-gsu-lig-tt-docked-12-pocket10_4iiy-A-rec-3tle-gsu-lig-tt-docked-12,10,10,1.0,0.9,99.99999999999997,100.0,1.0,0.9,0.9,1.0,1.0,1.0
DiffSBDD,33,phys_rf_direct_excluded,DiffSBDD,4iiy-A-rec-3tle-gsu-lig-tt-docked-12-pocket10_4iiy-A-rec-3tle-gsu-lig-tt-docked-12,10,10,1.0,0.9,99.99999999999997,100.0,1.0,0.9,0.9,1.0,1.0,1.0
DiffSBDD,33,phys_rf_full,DiffSBDD,4iiy-A-rec-3tle-gsu-lig-tt-docked-12-pocket10_4iiy-A-rec-3tle-gsu-lig-tt-docked-12,10,10,1.0,1.0,0.0,0.0,1.0,1.0,1.0,1.0,1.0,1.0
DiffSBDD,33,qed_sa,DiffSBDD,4tqr-A-rec-2xca-doc-lig-tt-min-0-pocket10_4tqr-A-rec-2xca-doc-lig-tt-min-0,10,10,1.0,0.7,300.00000000000006,300.0,1.0,0.7,1.0,0.7,0.7,1.0
DiffSBDD,33,contact_clash_rule,DiffSBDD,4tqr-A-rec-2xca-doc-lig-tt-min-0-pocket10_4tqr-A-rec-2xca-doc-lig-tt-min-0,10,10,1.0,0.9,99.99999999999997,100.0,1.0,0.9,1.0,1.0,0.9,1.0
DiffSBDD,33,full_audit_gate_qedsa_fixed_budget,DiffSBDD,4tqr-A-rec-2xca-doc-lig-tt-min-0-pocket10_4tqr-A-rec-2xca-doc-lig-tt-min-0,10,10,1.0,1.0,0.0,0.0,1.0,1.0,1.0,1.0,1.0,1.0
DiffSBDD,33,full_audit_gate_qedsa_no_backfill,DiffSBDD,4tqr-A-rec-2xca-doc-lig-tt-min-0-pocket10_4tqr-A-rec-2xca-doc-lig-tt-min-0,10,10,1.0,1.0,0.0,0.0,1.0,1.0,1.0,1.0,1.0,1.0
DiffSBDD,33,audit_failure_count_qedsa,DiffSBDD,4tqr-A-rec-2xca-doc-lig-tt-min-0-pocket10_4tqr-A-rec-2xca-doc-lig-tt-min-0,10,10,1.0,1.0,0.0,0.0,1.0,1.0,1.0,1.0,1.0,1.0
DiffSBDD,33,phys_logreg_full,DiffSBDD,4tqr-A-rec-2xca-doc-lig-tt-min-0-pocket10_4tqr-A-rec-2xca-doc-lig-tt-min-0,10,10,1.0,1.0,0.0,0.0,1.0,1.0,1.0,1.0,1.0,1.0
DiffSBDD,33,phys_hgb_full,DiffSBDD,4tqr-A-rec-2xca-doc-lig-tt-min-0-pocket10_4tqr-A-rec-2xca-doc-lig-tt-min-0,10,10,1.0,0.9,99.99999999999997,100.0,1.0,0.9,0.9,1.0,1.0,1.0
DiffSBDD,33,phys_rf_direct_excluded,DiffSBDD,4tqr-A-rec-2xca-doc-lig-tt-min-0-pocket10_4tqr-A-rec-2xca-doc-lig-tt-min-0,10,10,1.0,1.0,0.0,0.0,1.0,1.0,1.0,1.0,1.0,1.0
DiffSBDD,33,phys_rf_full,DiffSBDD,4tqr-A-rec-2xca-doc-lig-tt-min-0-pocket10_4tqr-A-rec-2xca-doc-lig-tt-min-0,10,10,1.0,1.0,0.0,0.0,1.0,1.0,1.0,1.0,1.0,1.0
DiffSBDD,33,qed_sa,DiffSBDD,4rv4-A-rec-4rv4-prp-lig-tt-docked-2-pocket10_4rv4-A-rec-4rv4-prp-lig-tt-docked-2,10,10,1.0,0.8,199.99999999999994,200.0,1.0,0.8,0.9,1.0,0.9,1.0
DiffSBDD,33,contact_clash_rule,DiffSBDD,4rv4-A-rec-4rv4-prp-lig-tt-docked-2-pocket10_4rv4-A-rec-4rv4-prp-lig-tt-docked-2,10,10,1.0,0.9,99.99999999999997,100.0,1.0,0.9,0.9,1.0,1.0,1.0
DiffSBDD,33,full_audit_gate_qedsa_fixed_budget,DiffSBDD,4rv4-A-rec-4rv4-prp-lig-tt-docked-2-pocket10_4rv4-A-rec-4rv4-prp-lig-tt-docked-2,10,10,1.0,0.8,199.99999999999994,200.0,1.0,0.8,0.9,1.0,0.9,1.0
DiffSBDD,33,full_audit_gate_qedsa_no_backfill,DiffSBDD,4rv4-A-rec-4rv4-prp-lig-tt-docked-2-pocket10_4rv4-A-rec-4rv4-prp-lig-tt-docked-2,10,10,1.0,0.8,199.99999999999994,200.0,1.0,0.8,0.9,1.0,0.9,1.0
DiffSBDD,33,audit_failure_count_qedsa,DiffSBDD,4rv4-A-rec-4rv4-prp-lig-tt-docked-2-pocket10_4rv4-A-rec-4rv4-prp-lig-tt-docked-2,10,10,1.0,0.8,199.99999999999994,200.0,1.0,0.8,0.9,1.0,0.9,1.0
DiffSBDD,33,phys_logreg_full,DiffSBDD,4rv4-A-rec-4rv4-prp-lig-tt-docked-2-pocket10_4rv4-A-rec-4rv4-prp-lig-tt-docked-2,10,10,1.0,0.9,99.99999999999997,100.0,1.0,0.9,0.9,1.0,1.0,1.0
DiffSBDD,33,phys_hgb_full,DiffSBDD,4rv4-A-rec-4rv4-prp-lig-tt-docked-2-pocket10_4rv4-A-rec-4rv4-prp-lig-tt-docked-2,10,10,1.0,0.9,99.99999999999997,100.0,1.0,0.9,0.9,1.0,1.0,1.0
DiffSBDD,33,phys_rf_direct_excluded,DiffSBDD,4rv4-A-rec-4rv4-prp-lig-tt-docked-2-pocket10_4rv4-A-rec-4rv4-prp-lig-tt-docked-2,10,10,1.0,1.0,0.0,0.0,1.0,1.0,1.0,1.0,1.0,1.0
DiffSBDD,33,phys_rf_full,DiffSBDD,4rv4-A-rec-4rv4-prp-lig-tt-docked-2-pocket10_4rv4-A-rec-4rv4-prp-lig-tt-docked-2,10,10,1.0,0.9,99.99999999999997,100.0,1.0,0.9,0.9,1.0,1.0,1.0
DiffSBDD,33,qed_sa,DiffSBDD,4lfu-A-rec-4y13-480-lig-tt-min-0-pocket10_4lfu-A-rec-4y13-480-lig-tt-min-0,10,10,1.0,1.0,0.0,0.0,1.0,1.0,1.0,1.0,1.0,1.0
DiffSBDD,33,contact_clash_rule,DiffSBDD,4lfu-A-rec-4y13-480-lig-tt-min-0-pocket10_4lfu-A-rec-4y13-480-lig-tt-min-0,10,10,1.0,1.0,0.0,0.0,1.0,1.0,1.0,1.0,1.0,1.0
DiffSBDD,33,full_audit_gate_qedsa_fixed_budget,DiffSBDD,4lfu-A-rec-4y13-480-lig-tt-min-0-pocket10_4lfu-A-rec-4y13-480-lig-tt-min-0,10,10,1.0,1.0,0.0,0.0,1.0,1.0,1.0,1.0,1.0,1.0
DiffSBDD,33,full_audit_gate_qedsa_no_backfill,DiffSBDD,4lfu-A-rec-4y13-480-lig-tt-min-0-pocket10_4lfu-A-rec-4y13-480-lig-tt-min-0,10,10,1.0,1.0,0.0,0.0,1.0,1.0,1.0,1.0,1.0,1.0
DiffSBDD,33,audit_failure_count_qedsa,DiffSBDD,4lfu-A-rec-4y13-480-lig-tt-min-0-pocket10_4lfu-A-rec-4y13-480-lig-tt-min-0,10,10,1.0,1.0,0.0,0.0,1.0,1.0,1.0,1.0,1.0,1.0
DiffSBDD,33,phys_logreg_full,DiffSBDD,4lfu-A-rec-4y13-480-lig-tt-min-0-pocket10_4lfu-A-rec-4y13-480-lig-tt-min-0,10,10,1.0,1.0,0.0,0.0,1.0,1.0,1.0,1.0,1.0,1.0
DiffSBDD,33,phys_hgb_full,DiffSBDD,4lfu-A-rec-4y13-480-lig-tt-min-0-pocket10_4lfu-A-rec-4y13-480-lig-tt-min-0,10,10,1.0,0.9,99.99999999999997,100.0,0.9,1.0,1.0,1.0,1.0,1.0
DiffSBDD,33,phys_rf_direct_excluded,DiffSBDD,4lfu-A-rec-4y13-480-lig-tt-min-0-pocket10_4lfu-A-rec-4y13-480-lig-tt-min-0,10,10,1.0,0.9,99.99999999999997,100.0,0.9,1.0,1.0,1.0,1.0,1.0
DiffSBDD,33,phys_rf_full,DiffSBDD,4lfu-A-rec-4y13-480-lig-tt-min-0-pocket10_4lfu-A-rec-4y13-480-lig-tt-min-0,10,10,1.0,1.0,0.0,0.0,1.0,1.0,1.0,1.0,1.0,1.0
DiffSBDD,33,qed_sa,DiffSBDD,4pxz-A-rec-4pxz-6ad-lig-tt-min-0-pocket10_4pxz-A-rec-4pxz-6ad-lig-tt-min-0,10,10,1.0,1.0,0.0,0.0,1.0,1.0,1.0,1.0,1.0,1.0
DiffSBDD,33,contact_clash_rule,DiffSBDD,4pxz-A-rec-4pxz-6ad-lig-tt-min-0-pocket10_4pxz-A-rec-4pxz-6ad-lig-tt-min-0,10,10,1.0,1.0,0.0,0.0,1.0,1.0,1.0,1.0,1.0,1.0
DiffSBDD,33,full_audit_gate_qedsa_fixed_budget,DiffSBDD,4pxz-A-rec-4pxz-6ad-lig-tt-min-0-pocket10_4pxz-A-rec-4pxz-6ad-lig-tt-min-0,10,10,1.0,1.0,0.0,0.0,1.0,1.0,1.0,1.0,1.0,1.0
DiffSBDD,33,full_audit_gate_qedsa_no_backfill,DiffSBDD,4pxz-A-rec-4pxz-6ad-lig-tt-min-0-pocket10_4pxz-A-rec-4pxz-6ad-lig-tt-min-0,10,10,1.0,1.0,0.0,0.0,1.0,1.0,1.0,1.0,1.0,1.0
DiffSBDD,33,audit_failure_count_qedsa,DiffSBDD,4pxz-A-rec-4pxz-6ad-lig-tt-min-0-pocket10_4pxz-A-rec-4pxz-6ad-lig-tt-min-0,10,10,1.0,1.0,0.0,0.0,1.0,1.0,1.0,1.0,1.0,1.0
DiffSBDD,33,phys_logreg_full,DiffSBDD,4pxz-A-rec-4pxz-6ad-lig-tt-min-0-pocket10_4pxz-A-rec-4pxz-6ad-lig-tt-min-0,10,10,1.0,1.0,0.0,0.0,1.0,1.0,1.0,1.0,1.0,1.0
DiffSBDD,33,phys_hgb_full,DiffSBDD,4pxz-A-rec-4pxz-6ad-lig-tt-min-0-pocket10_4pxz-A-rec-4pxz-6ad-lig-tt-min-0,10,10,1.0,1.0,0.0,0.0,1.0,1.0,1.0,1.0,1.0,1.0
DiffSBDD,33,phys_rf_direct_excluded,DiffSBDD,4pxz-A-rec-4pxz-6ad-lig-tt-min-0-pocket10_4pxz-A-rec-4pxz-6ad-lig-tt-min-0,10,10,1.0,1.0,0.0,0.0,1.0,1.0,1.0,1.0,1.0,1.0
DiffSBDD,33,phys_rf_full,DiffSBDD,4pxz-A-rec-4pxz-6ad-lig-tt-min-0-pocket10_4pxz-A-rec-4pxz-6ad-lig-tt-min-0,10,10,1.0,1.0,0.0,0.0,1.0,1.0,1.0,1.0,1.0,1.0
DiffSBDD,33,qed_sa,DiffSBDD,4iwq-A-rec-4jlc-su6-lig-tt-min-0-pocket10_4iwq-A-rec-4jlc-su6-lig-tt-min-0,10,10,1.0,0.8,199.99999999999994,200.0,1.0,0.8,0.8,1.0,1.0,1.0
DiffSBDD,33,contact_clash_rule,DiffSBDD,4iwq-A-rec-4jlc-su6-lig-tt-min-0-pocket10_4iwq-A-rec-4jlc-su6-lig-tt-min-0,10,10,1.0,0.8,199.99999999999994,200.0,1.0,0.8,0.8,1.0,1.0,1.0
DiffSBDD,33,full_audit_gate_qedsa_fixed_budget,DiffSBDD,4iwq-A-rec-4jlc-su6-lig-tt-min-0-pocket10_4iwq-A-rec-4jlc-su6-lig-tt-min-0,10,10,1.0,0.8,199.99999999999994,200.0,1.0,0.8,0.8,1.0,1.0,1.0
DiffSBDD,33,full_audit_gate_qedsa_no_backfill,DiffSBDD,4iwq-A-rec-4jlc-su6-lig-tt-min-0-pocket10_4iwq-A-rec-4jlc-su6-lig-tt-min-0,10,10,1.0,0.8,199.99999999999994,200.0,1.0,0.8,0.8,1.0,1.0,1.0
DiffSBDD,33,audit_failure_count_qedsa,DiffSBDD,4iwq-A-rec-4jlc-su6-lig-tt-min-0-pocket10_4iwq-A-rec-4jlc-su6-lig-tt-min-0,10,10,1.0,0.8,199.99999999999994,200.0,1.0,0.8,0.8,1.0,1.0,1.0
DiffSBDD,33,phys_logreg_full,DiffSBDD,4iwq-A-rec-4jlc-su6-lig-tt-min-0-pocket10_4iwq-A-rec-4jlc-su6-lig-tt-min-0,10,10,1.0,1.0,0.0,0.0,1.0,1.0,1.0,1.0,1.0,1.0
DiffSBDD,33,phys_hgb_full,DiffSBDD,4iwq-A-rec-4jlc-su6-lig-tt-min-0-pocket10_4iwq-A-rec-4jlc-su6-lig-tt-min-0,10,10,1.0,0.8,199.99999999999994,200.0,1.0,0.8,0.8,1.0,1.0,1.0
DiffSBDD,33,phys_rf_direct_excluded,DiffSBDD,4iwq-A-rec-4jlc-su6-lig-tt-min-0-pocket10_4iwq-A-rec-4jlc-su6-lig-tt-min-0,10,10,1.0,1.0,0.0,0.0,1.0,1.0,1.0,1.0,1.0,1.0
DiffSBDD,33,phys_rf_full,DiffSBDD,4iwq-A-rec-4jlc-su6-lig-tt-min-0-pocket10_4iwq-A-rec-4jlc-su6-lig-tt-min-0,10,10,1.0,1.0,0.0,0.0,1.0,1.0,1.0,1.0,1.0,1.0
DiffSBDD,33,qed_sa,DiffSBDD,4p6p-A-rec-4p77-5rp-lig-tt-docked-0-pocket10_4p6p-A-rec-4p77-5rp-lig-tt-docked-0,10,10,1.0,0.9,99.99999999999997,100.0,1.0,0.9,1.0,0.9,0.9,1.0
DiffSBDD,33,contact_clash_rule,DiffSBDD,4p6p-A-rec-4p77-5rp-lig-tt-docked-0-pocket10_4p6p-A-rec-4p77-5rp-lig-tt-docked-0,10,10,1.0,0.9,99.99999999999997,100.0,1.0,0.9,0.9,1.0,1.0,1.0
DiffSBDD,33,full_audit_gate_qedsa_fixed_budget,DiffSBDD,4p6p-A-rec-4p77-5rp-lig-tt-docked-0-pocket10_4p6p-A-rec-4p77-5rp-lig-tt-docked-0,10,10,1.0,0.9,99.99999999999997,100.0,1.0,0.9,1.0,0.9,0.9,1.0
DiffSBDD,33,full_audit_gate_qedsa_no_backfill,DiffSBDD,4p6p-A-rec-4p77-5rp-lig-tt-docked-0-pocket10_4p6p-A-rec-4p77-5rp-lig-tt-docked-0,10,10,1.0,0.9,99.99999999999997,100.0,1.0,0.9,1.0,0.9,0.9,1.0
DiffSBDD,33,audit_failure_count_qedsa,DiffSBDD,4p6p-A-rec-4p77-5rp-lig-tt-docked-0-pocket10_4p6p-A-rec-4p77-5rp-lig-tt-docked-0,10,10,1.0,0.9,99.99999999999997,100.0,1.0,0.9,1.0,0.9,0.9,1.0
DiffSBDD,33,phys_logreg_full,DiffSBDD,4p6p-A-rec-4p77-5rp-lig-tt-docked-0-pocket10_4p6p-A-rec-4p77-5rp-lig-tt-docked-0,10,10,1.0,1.0,0.0,0.0,1.0,1.0,1.0,1.0,1.0,1.0
DiffSBDD,33,phys_hgb_full,DiffSBDD,4p6p-A-rec-4p77-5rp-lig-tt-docked-0-pocket10_4p6p-A-rec-4p77-5rp-lig-tt-docked-0,10,10,1.0,1.0,0.0,0.0,1.0,1.0,1.0,1.0,1.0,1.0
DiffSBDD,33,phys_rf_direct_excluded,DiffSBDD,4p6p-A-rec-4p77-5rp-lig-tt-docked-0-pocket10_4p6p-A-rec-4p77-5rp-lig-tt-docked-0,10,10,1.0,1.0,0.0,0.0,1.0,1.0,1.0,1.0,1.0,1.0
DiffSBDD,33,phys_rf_full,DiffSBDD,4p6p-A-rec-4p77-5rp-lig-tt-docked-0-pocket10_4p6p-A-rec-4p77-5rp-lig-tt-docked-0,10,10,1.0,1.0,0.0,0.0,1.0,1.0,1.0,1.0,1.0,1.0
DiffSBDD,33,qed_sa,DiffSBDD,4kcq-A-rec-4cwv-hw8-lig-tt-min-0-pocket10_4kcq-A-rec-4cwv-hw8-lig-tt-min-0,10,10,1.0,0.9,99.99999999999997,100.0,1.0,0.9,1.0,1.0,0.9,1.0
DiffSBDD,33,contact_clash_rule,DiffSBDD,4kcq-A-rec-4cwv-hw8-lig-tt-min-0-pocket10_4kcq-A-rec-4cwv-hw8-lig-tt-min-0,10,10,1.0,0.9,99.99999999999997,100.0,1.0,0.9,1.0,1.0,0.9,1.0
DiffSBDD,33,full_audit_gate_qedsa_fixed_budget,DiffSBDD,4kcq-A-rec-4cwv-hw8-lig-tt-min-0-pocket10_4kcq-A-rec-4cwv-hw8-lig-tt-min-0,10,10,1.0,0.9,99.99999999999997,100.0,1.0,0.9,1.0,1.0,0.9,1.0
DiffSBDD,33,full_audit_gate_qedsa_no_backfill,DiffSBDD,4kcq-A-rec-4cwv-hw8-lig-tt-min-0-pocket10_4kcq-A-rec-4cwv-hw8-lig-tt-min-0,10,10,1.0,0.9,99.99999999999997,100.0,1.0,0.9,1.0,1.0,0.9,1.0
DiffSBDD,33,audit_failure_count_qedsa,DiffSBDD,4kcq-A-rec-4cwv-hw8-lig-tt-min-0-pocket10_4kcq-A-rec-4cwv-hw8-lig-tt-min-0,10,10,1.0,0.9,99.99999999999997,100.0,1.0,0.9,1.0,1.0,0.9,1.0
DiffSBDD,33,phys_logreg_full,DiffSBDD,4kcq-A-rec-4cwv-hw8-lig-tt-min-0-pocket10_4kcq-A-rec-4cwv-hw8-lig-tt-min-0,10,10,1.0,0.9,99.99999999999997,100.0,1.0,0.9,0.9,1.0,1.0,1.0
DiffSBDD,33,phys_hgb_full,DiffSBDD,4kcq-A-rec-4cwv-hw8-lig-tt-min-0-pocket10_4kcq-A-rec-4cwv-hw8-lig-tt-min-0,10,10,1.0,1.0,0.0,0.0,1.0,1.0,1.0,1.0,1.0,1.0
DiffSBDD,33,phys_rf_direct_excluded,DiffSBDD,4kcq-A-rec-4cwv-hw8-lig-tt-min-0-pocket10_4kcq-A-rec-4cwv-hw8-lig-tt-min-0,10,10,1.0,0.8,199.99999999999994,200.0,1.0,0.8,0.9,1.0,0.9,1.0
DiffSBDD,33,phys_rf_full,DiffSBDD,4kcq-A-rec-4cwv-hw8-lig-tt-min-0-pocket10_4kcq-A-rec-4cwv-hw8-lig-tt-min-0,10,10,1.0,0.9,99.99999999999997,100.0,1.0,0.9,0.9,1.0,1.0,1.0
DiffSBDD,33,qed_sa,DiffSBDD,4m7t-A-rec-4m7t-sam-lig-tt-min-0-pocket10_4m7t-A-rec-4m7t-sam-lig-tt-min-0,10,10,1.0,0.0,1000.0,1000.0,0.0,,,,,
DiffSBDD,33,contact_clash_rule,DiffSBDD,4m7t-A-rec-4m7t-sam-lig-tt-min-0-pocket10_4m7t-A-rec-4m7t-sam-lig-tt-min-0,10,10,1.0,0.0,1000.0,1000.0,0.0,,,,,
DiffSBDD,33,full_audit_gate_qedsa_fixed_budget,DiffSBDD,4m7t-A-rec-4m7t-sam-lig-tt-min-0-pocket10_4m7t-A-rec-4m7t-sam-lig-tt-min-0,10,10,1.0,0.0,1000.0,1000.0,0.0,,,,,
DiffSBDD,33,full_audit_gate_qedsa_no_backfill,DiffSBDD,4m7t-A-rec-4m7t-sam-lig-tt-min-0-pocket10_4m7t-A-rec-4m7t-sam-lig-tt-min-0,10,10,1.0,0.0,1000.0,1000.0,0.0,,,,,
DiffSBDD,33,audit_failure_count_qedsa,DiffSBDD,4m7t-A-rec-4m7t-sam-lig-tt-min-0-pocket10_4m7t-A-rec-4m7t-sam-lig-tt-min-0,10,10,1.0,0.0,1000.0,1000.0,0.0,,,,,
DiffSBDD,33,phys_logreg_full,DiffSBDD,4m7t-A-rec-4m7t-sam-lig-tt-min-0-pocket10_4m7t-A-rec-4m7t-sam-lig-tt-min-0,10,10,1.0,0.0,1000.0,1000.0,0.0,,,,,
DiffSBDD,33,phys_hgb_full,DiffSBDD,4m7t-A-rec-4m7t-sam-lig-tt-min-0-pocket10_4m7t-A-rec-4m7t-sam-lig-tt-min-0,10,10,1.0,0.0,1000.0,1000.0,0.0,,,,,
DiffSBDD,33,phys_rf_direct_excluded,DiffSBDD,4m7t-A-rec-4m7t-sam-lig-tt-min-0-pocket10_4m7t-A-rec-4m7t-sam-lig-tt-min-0,10,10,1.0,0.0,1000.0,1000.0,0.0,,,,,
DiffSBDD,33,phys_rf_full,DiffSBDD,4m7t-A-rec-4m7t-sam-lig-tt-min-0-pocket10_4m7t-A-rec-4m7t-sam-lig-tt-min-0,10,10,1.0,0.0,1000.0,1000.0,0.0,,,,,
DiffSBDD,33,qed_sa,DiffSBDD,4keu-A-rec-4ket-pg4-lig-tt-min-0-pocket10_4keu-A-rec-4ket-pg4-lig-tt-min-0,10,10,1.0,1.0,0.0,0.0,1.0,1.0,1.0,1.0,1.0,1.0
DiffSBDD,33,contact_clash_rule,DiffSBDD,4keu-A-rec-4ket-pg4-lig-tt-min-0-pocket10_4keu-A-rec-4ket-pg4-lig-tt-min-0,10,10,1.0,1.0,0.0,0.0,1.0,1.0,1.0,1.0,1.0,1.0
DiffSBDD,33,full_audit_gate_qedsa_fixed_budget,DiffSBDD,4keu-A-rec-4ket-pg4-lig-tt-min-0-pocket10_4keu-A-rec-4ket-pg4-lig-tt-min-0,10,10,1.0,1.0,0.0,0.0,1.0,1.0,1.0,1.0,1.0,1.0
DiffSBDD,33,full_audit_gate_qedsa_no_backfill,DiffSBDD,4keu-A-rec-4ket-pg4-lig-tt-min-0-pocket10_4keu-A-rec-4ket-pg4-lig-tt-min-0,10,10,1.0,1.0,0.0,0.0,1.0,1.0,1.0,1.0,1.0,1.0
DiffSBDD,33,audit_failure_count_qedsa,DiffSBDD,4keu-A-rec-4ket-pg4-lig-tt-min-0-pocket10_4keu-A-rec-4ket-pg4-lig-tt-min-0,10,10,1.0,1.0,0.0,0.0,1.0,1.0,1.0,1.0,1.0,1.0
DiffSBDD,33,phys_logreg_full,DiffSBDD,4keu-A-rec-4ket-pg4-lig-tt-min-0-pocket10_4keu-A-rec-4ket-pg4-lig-tt-min-0,10,10,1.0,1.0,0.0,0.0,1.0,1.0,1.0,1.0,1.0,1.0
DiffSBDD,33,phys_hgb_full,DiffSBDD,4keu-A-rec-4ket-pg4-lig-tt-min-0-pocket10_4keu-A-rec-4ket-pg4-lig-tt-min-0,10,10,1.0,1.0,0.0,0.0,1.0,1.0,1.0,1.0,1.0,1.0
DiffSBDD,33,phys_rf_direct_excluded,DiffSBDD,4keu-A-rec-4ket-pg4-lig-tt-min-0-pocket10_4keu-A-rec-4ket-pg4-lig-tt-min-0,10,10,1.0,1.0,0.0,0.0,1.0,1.0,1.0,1.0,1.0,1.0
DiffSBDD,33,phys_rf_full,DiffSBDD,4keu-A-rec-4ket-pg4-lig-tt-min-0-pocket10_4keu-A-rec-4ket-pg4-lig-tt-min-0,10,10,1.0,0.9,99.99999999999997,100.0,1.0,0.9,0.9,1.0,1.0,1.0
DiffSBDD,33,qed_sa,DiffSBDD,4tos-A-rec-4tos-355-lig-tt-min-0-pocket10_4tos-A-rec-4tos-355-lig-tt-min-0,10,10,1.0,1.0,0.0,0.0,1.0,1.0,1.0,1.0,1.0,1.0
DiffSBDD,33,contact_clash_rule,DiffSBDD,4tos-A-rec-4tos-355-lig-tt-min-0-pocket10_4tos-A-rec-4tos-355-lig-tt-min-0,10,10,1.0,1.0,0.0,0.0,1.0,1.0,1.0,1.0,1.0,1.0
DiffSBDD,33,full_audit_gate_qedsa_fixed_budget,DiffSBDD,4tos-A-rec-4tos-355-lig-tt-min-0-pocket10_4tos-A-rec-4tos-355-lig-tt-min-0,10,10,1.0,1.0,0.0,0.0,1.0,1.0,1.0,1.0,1.0,1.0
DiffSBDD,33,full_audit_gate_qedsa_no_backfill,DiffSBDD,4tos-A-rec-4tos-355-lig-tt-min-0-pocket10_4tos-A-rec-4tos-355-lig-tt-min-0,10,10,1.0,1.0,0.0,0.0,1.0,1.0,1.0,1.0,1.0,1.0
DiffSBDD,33,audit_failure_count_qedsa,DiffSBDD,4tos-A-rec-4tos-355-lig-tt-min-0-pocket10_4tos-A-rec-4tos-355-lig-tt-min-0,10,10,1.0,1.0,0.0,0.0,1.0,1.0,1.0,1.0,1.0,1.0
DiffSBDD,33,phys_logreg_full,DiffSBDD,4tos-A-rec-4tos-355-lig-tt-min-0-pocket10_4tos-A-rec-4tos-355-lig-tt-min-0,10,10,1.0,1.0,0.0,0.0,1.0,1.0,1.0,1.0,1.0,1.0
DiffSBDD,33,phys_hgb_full,DiffSBDD,4tos-A-rec-4tos-355-lig-tt-min-0-pocket10_4tos-A-rec-4tos-355-lig-tt-min-0,10,10,1.0,0.9,99.99999999999997,100.0,1.0,0.9,0.9,1.0,1.0,1.0
DiffSBDD,33,phys_rf_direct_excluded,DiffSBDD,4tos-A-rec-4tos-355-lig-tt-min-0-pocket10_4tos-A-rec-4tos-355-lig-tt-min-0,10,10,1.0,0.9,99.99999999999997,100.0,1.0,0.9,0.9,1.0,1.0,1.0
DiffSBDD,33,phys_rf_full,DiffSBDD,4tos-A-rec-4tos-355-lig-tt-min-0-pocket10_4tos-A-rec-4tos-355-lig-tt-min-0,10,10,1.0,0.8,199.99999999999994,200.0,1.0,0.8,0.8,1.0,1.0,1.0
DiffSBDD,33,qed_sa,DiffSBDD,4qlk-A-rec-4qlk-ctt-lig-tt-docked-0-pocket10_4qlk-A-rec-4qlk-ctt-lig-tt-docked-0,10,10,1.0,0.9,99.99999999999997,100.0,1.0,0.9,1.0,1.0,0.9,1.0
DiffSBDD,33,contact_clash_rule,DiffSBDD,4qlk-A-rec-4qlk-ctt-lig-tt-docked-0-pocket10_4qlk-A-rec-4qlk-ctt-lig-tt-docked-0,10,10,1.0,0.9,99.99999999999997,100.0,1.0,0.9,1.0,1.0,0.9,1.0
DiffSBDD,33,full_audit_gate_qedsa_fixed_budget,DiffSBDD,4qlk-A-rec-4qlk-ctt-lig-tt-docked-0-pocket10_4qlk-A-rec-4qlk-ctt-lig-tt-docked-0,10,10,1.0,0.9,99.99999999999997,100.0,1.0,0.9,1.0,1.0,0.9,1.0
DiffSBDD,33,full_audit_gate_qedsa_no_backfill,DiffSBDD,4qlk-A-rec-4qlk-ctt-lig-tt-docked-0-pocket10_4qlk-A-rec-4qlk-ctt-lig-tt-docked-0,10,10,1.0,0.9,99.99999999999997,100.0,1.0,0.9,1.0,1.0,0.9,1.0
DiffSBDD,33,audit_failure_count_qedsa,DiffSBDD,4qlk-A-rec-4qlk-ctt-lig-tt-docked-0-pocket10_4qlk-A-rec-4qlk-ctt-lig-tt-docked-0,10,10,1.0,0.9,99.99999999999997,100.0,1.0,0.9,1.0,1.0,0.9,1.0
DiffSBDD,33,phys_logreg_full,DiffSBDD,4qlk-A-rec-4qlk-ctt-lig-tt-docked-0-pocket10_4qlk-A-rec-4qlk-ctt-lig-tt-docked-0,10,10,1.0,1.0,0.0,0.0,1.0,1.0,1.0,1.0,1.0,1.0
DiffSBDD,33,phys_hgb_full,DiffSBDD,4qlk-A-rec-4qlk-ctt-lig-tt-docked-0-pocket10_4qlk-A-rec-4qlk-ctt-lig-tt-docked-0,10,10,1.0,1.0,0.0,0.0,1.0,1.0,1.0,1.0,1.0,1.0
DiffSBDD,33,phys_rf_direct_excluded,DiffSBDD,4qlk-A-rec-4qlk-ctt-lig-tt-docked-0-pocket10_4qlk-A-rec-4qlk-ctt-lig-tt-docked-0,10,10,1.0,1.0,0.0,0.0,1.0,1.0,1.0,1.0,1.0,1.0
DiffSBDD,33,phys_rf_full,DiffSBDD,4qlk-A-rec-4qlk-ctt-lig-tt-docked-0-pocket10_4qlk-A-rec-4qlk-ctt-lig-tt-docked-0,10,10,1.0,1.0,0.0,0.0,1.0,1.0,1.0,1.0,1.0,1.0
DiffSBDD,33,qed_sa,DiffSBDD,4xli-B-rec-4xli-1n1-lig-tt-min-0-pocket10_4xli-B-rec-4xli-1n1-lig-tt-min-0,10,10,1.0,0.8,199.99999999999994,200.0,1.0,0.8,0.9,1.0,0.9,1.0
DiffSBDD,33,contact_clash_rule,DiffSBDD,4xli-B-rec-4xli-1n1-lig-tt-min-0-pocket10_4xli-B-rec-4xli-1n1-lig-tt-min-0,10,10,1.0,0.8,199.99999999999994,200.0,1.0,0.8,0.9,1.0,0.9,1.0
DiffSBDD,33,full_audit_gate_qedsa_fixed_budget,DiffSBDD,4xli-B-rec-4xli-1n1-lig-tt-min-0-pocket10_4xli-B-rec-4xli-1n1-lig-tt-min-0,10,10,1.0,0.8,199.99999999999994,200.0,1.0,0.8,0.9,1.0,0.9,1.0
DiffSBDD,33,full_audit_gate_qedsa_no_backfill,DiffSBDD,4xli-B-rec-4xli-1n1-lig-tt-min-0-pocket10_4xli-B-rec-4xli-1n1-lig-tt-min-0,10,10,1.0,0.8,199.99999999999994,200.0,1.0,0.8,0.9,1.0,0.9,1.0
DiffSBDD,33,audit_failure_count_qedsa,DiffSBDD,4xli-B-rec-4xli-1n1-lig-tt-min-0-pocket10_4xli-B-rec-4xli-1n1-lig-tt-min-0,10,10,1.0,0.8,199.99999999999994,200.0,1.0,0.8,0.9,1.0,0.9,1.0
DiffSBDD,33,phys_logreg_full,DiffSBDD,4xli-B-rec-4xli-1n1-lig-tt-min-0-pocket10_4xli-B-rec-4xli-1n1-lig-tt-min-0,10,10,1.0,1.0,0.0,0.0,1.0,1.0,1.0,1.0,1.0,1.0
DiffSBDD,33,phys_hgb_full,DiffSBDD,4xli-B-rec-4xli-1n1-lig-tt-min-0-pocket10_4xli-B-rec-4xli-1n1-lig-tt-min-0,10,10,1.0,1.0,0.0,0.0,1.0,1.0,1.0,1.0,1.0,1.0
DiffSBDD,33,phys_rf_direct_excluded,DiffSBDD,4xli-B-rec-4xli-1n1-lig-tt-min-0-pocket10_4xli-B-rec-4xli-1n1-lig-tt-min-0,10,10,1.0,1.0,0.0,0.0,1.0,1.0,1.0,1.0,1.0,1.0
DiffSBDD,33,phys_rf_full,DiffSBDD,4xli-B-rec-4xli-1n1-lig-tt-min-0-pocket10_4xli-B-rec-4xli-1n1-lig-tt-min-0,10,10,1.0,0.9,99.99999999999997,100.0,1.0,0.9,0.9,1.0,1.0,1.0
DiffSBDD,33,qed_sa,DiffSBDD,4ja8-B-rec-4ja8-1k9-lig-tt-docked-0-pocket10_4ja8-B-rec-4ja8-1k9-lig-tt-docked-0,10,10,1.0,1.0,0.0,0.0,1.0,1.0,1.0,1.0,1.0,1.0
DiffSBDD,33,contact_clash_rule,DiffSBDD,4ja8-B-rec-4ja8-1k9-lig-tt-docked-0-pocket10_4ja8-B-rec-4ja8-1k9-lig-tt-docked-0,10,10,1.0,0.9,99.99999999999997,100.0,1.0,0.9,0.9,1.0,1.0,1.0
DiffSBDD,33,full_audit_gate_qedsa_fixed_budget,DiffSBDD,4ja8-B-rec-4ja8-1k9-lig-tt-docked-0-pocket10_4ja8-B-rec-4ja8-1k9-lig-tt-docked-0,10,10,1.0,1.0,0.0,0.0,1.0,1.0,1.0,1.0,1.0,1.0
DiffSBDD,33,full_audit_gate_qedsa_no_backfill,DiffSBDD,4ja8-B-rec-4ja8-1k9-lig-tt-docked-0-pocket10_4ja8-B-rec-4ja8-1k9-lig-tt-docked-0,10,10,1.0,1.0,0.0,0.0,1.0,1.0,1.0,1.0,1.0,1.0
DiffSBDD,33,audit_failure_count_qedsa,DiffSBDD,4ja8-B-rec-4ja8-1k9-lig-tt-docked-0-pocket10_4ja8-B-rec-4ja8-1k9-lig-tt-docked-0,10,10,1.0,1.0,0.0,0.0,1.0,1.0,1.0,1.0,1.0,1.0
DiffSBDD,33,phys_logreg_full,DiffSBDD,4ja8-B-rec-4ja8-1k9-lig-tt-docked-0-pocket10_4ja8-B-rec-4ja8-1k9-lig-tt-docked-0,10,10,1.0,1.0,0.0,0.0,1.0,1.0,1.0,1.0,1.0,1.0
DiffSBDD,33,phys_hgb_full,DiffSBDD,4ja8-B-rec-4ja8-1k9-lig-tt-docked-0-pocket10_4ja8-B-rec-4ja8-1k9-lig-tt-docked-0,10,10,1.0,1.0,0.0,0.0,1.0,1.0,1.0,1.0,1.0,1.0
DiffSBDD,33,phys_rf_direct_excluded,DiffSBDD,4ja8-B-rec-4ja8-1k9-lig-tt-docked-0-pocket10_4ja8-B-rec-4ja8-1k9-lig-tt-docked-0,10,10,1.0,1.0,0.0,0.0,1.0,1.0,1.0,1.0,1.0,1.0
DiffSBDD,33,phys_rf_full,DiffSBDD,4ja8-B-rec-4ja8-1k9-lig-tt-docked-0-pocket10_4ja8-B-rec-4ja8-1k9-lig-tt-docked-0,10,10,1.0,1.0,0.0,0.0,1.0,1.0,1.0,1.0,1.0,1.0
DiffSBDD,33,qed_sa,DiffSBDD,4rlu-A-rec-4rlu-hcc-lig-tt-min-0-pocket10_4rlu-A-rec-4rlu-hcc-lig-tt-min-0,10,10,1.0,0.0,1000.0,1000.0,0.0,,,,,
DiffSBDD,33,contact_clash_rule,DiffSBDD,4rlu-A-rec-4rlu-hcc-lig-tt-min-0-pocket10_4rlu-A-rec-4rlu-hcc-lig-tt-min-0,10,10,1.0,0.0,1000.0,1000.0,0.0,,,,,
DiffSBDD,33,full_audit_gate_qedsa_fixed_budget,DiffSBDD,4rlu-A-rec-4rlu-hcc-lig-tt-min-0-pocket10_4rlu-A-rec-4rlu-hcc-lig-tt-min-0,10,10,1.0,0.0,1000.0,1000.0,0.0,,,,,
DiffSBDD,33,full_audit_gate_qedsa_no_backfill,DiffSBDD,4rlu-A-rec-4rlu-hcc-lig-tt-min-0-pocket10_4rlu-A-rec-4rlu-hcc-lig-tt-min-0,10,10,1.0,0.0,1000.0,1000.0,0.0,,,,,
DiffSBDD,33,audit_failure_count_qedsa,DiffSBDD,4rlu-A-rec-4rlu-hcc-lig-tt-min-0-pocket10_4rlu-A-rec-4rlu-hcc-lig-tt-min-0,10,10,1.0,0.0,1000.0,1000.0,0.0,,,,,
DiffSBDD,33,phys_logreg_full,DiffSBDD,4rlu-A-rec-4rlu-hcc-lig-tt-min-0-pocket10_4rlu-A-rec-4rlu-hcc-lig-tt-min-0,10,10,1.0,0.0,1000.0,1000.0,0.0,,,,,
DiffSBDD,33,phys_hgb_full,DiffSBDD,4rlu-A-rec-4rlu-hcc-lig-tt-min-0-pocket10_4rlu-A-rec-4rlu-hcc-lig-tt-min-0,10,10,1.0,0.0,1000.0,1000.0,0.0,,,,,
DiffSBDD,33,phys_rf_direct_excluded,DiffSBDD,4rlu-A-rec-4rlu-hcc-lig-tt-min-0-pocket10_4rlu-A-rec-4rlu-hcc-lig-tt-min-0,10,10,1.0,0.0,1000.0,1000.0,0.0,,,,,
DiffSBDD,33,phys_rf_full,DiffSBDD,4rlu-A-rec-4rlu-hcc-lig-tt-min-0-pocket10_4rlu-A-rec-4rlu-hcc-lig-tt-min-0,10,10,1.0,0.0,1000.0,1000.0,0.0,,,,,
DiffSBDD,33,qed_sa,DiffSBDD,5d7n-D-rec-4jt9-1ns-lig-tt-min-0-pocket10_5d7n-D-rec-4jt9-1ns-lig-tt-min-0,10,10,1.0,1.0,0.0,0.0,1.0,1.0,1.0,1.0,1.0,1.0
DiffSBDD,33,contact_clash_rule,DiffSBDD,5d7n-D-rec-4jt9-1ns-lig-tt-min-0-pocket10_5d7n-D-rec-4jt9-1ns-lig-tt-min-0,10,10,1.0,1.0,0.0,0.0,1.0,1.0,1.0,1.0,1.0,1.0
DiffSBDD,33,full_audit_gate_qedsa_fixed_budget,DiffSBDD,5d7n-D-rec-4jt9-1ns-lig-tt-min-0-pocket10_5d7n-D-rec-4jt9-1ns-lig-tt-min-0,10,10,1.0,1.0,0.0,0.0,1.0,1.0,1.0,1.0,1.0,1.0
DiffSBDD,33,full_audit_gate_qedsa_no_backfill,DiffSBDD,5d7n-D-rec-4jt9-1ns-lig-tt-min-0-pocket10_5d7n-D-rec-4jt9-1ns-lig-tt-min-0,10,10,1.0,1.0,0.0,0.0,1.0,1.0,1.0,1.0,1.0,1.0
DiffSBDD,33,audit_failure_count_qedsa,DiffSBDD,5d7n-D-rec-4jt9-1ns-lig-tt-min-0-pocket10_5d7n-D-rec-4jt9-1ns-lig-tt-min-0,10,10,1.0,1.0,0.0,0.0,1.0,1.0,1.0,1.0,1.0,1.0
DiffSBDD,33,phys_logreg_full,DiffSBDD,5d7n-D-rec-4jt9-1ns-lig-tt-min-0-pocket10_5d7n-D-rec-4jt9-1ns-lig-tt-min-0,10,10,1.0,0.9,99.99999999999997,100.0,1.0,0.9,0.9,1.0,1.0,1.0
DiffSBDD,33,phys_hgb_full,DiffSBDD,5d7n-D-rec-4jt9-1ns-lig-tt-min-0-pocket10_5d7n-D-rec-4jt9-1ns-lig-tt-min-0,10,10,1.0,1.0,0.0,0.0,1.0,1.0,1.0,1.0,1.0,1.0
DiffSBDD,33,phys_rf_direct_excluded,DiffSBDD,5d7n-D-rec-4jt9-1ns-lig-tt-min-0-pocket10_5d7n-D-rec-4jt9-1ns-lig-tt-min-0,10,10,1.0,1.0,0.0,0.0,1.0,1.0,1.0,1.0,1.0,1.0
DiffSBDD,33,phys_rf_full,DiffSBDD,5d7n-D-rec-4jt9-1ns-lig-tt-min-0-pocket10_5d7n-D-rec-4jt9-1ns-lig-tt-min-0,10,10,1.0,1.0,0.0,0.0,1.0,1.0,1.0,1.0,1.0,1.0
DiffSBDD,33,qed_sa,DiffSBDD,5b08-A-rec-5b09-4mx-lig-tt-min-0-pocket10_5b08-A-rec-5b09-4mx-lig-tt-min-0,10,10,1.0,0.8,199.99999999999994,200.0,1.0,0.8,0.8,1.0,1.0,1.0
DiffSBDD,33,contact_clash_rule,DiffSBDD,5b08-A-rec-5b09-4mx-lig-tt-min-0-pocket10_5b08-A-rec-5b09-4mx-lig-tt-min-0,10,10,1.0,0.9,99.99999999999997,100.0,1.0,0.9,0.9,1.0,1.0,1.0
DiffSBDD,33,full_audit_gate_qedsa_fixed_budget,DiffSBDD,5b08-A-rec-5b09-4mx-lig-tt-min-0-pocket10_5b08-A-rec-5b09-4mx-lig-tt-min-0,10,10,1.0,0.8,199.99999999999994,200.0,1.0,0.8,0.8,1.0,1.0,1.0
DiffSBDD,33,full_audit_gate_qedsa_no_backfill,DiffSBDD,5b08-A-rec-5b09-4mx-lig-tt-min-0-pocket10_5b08-A-rec-5b09-4mx-lig-tt-min-0,10,10,1.0,0.8,199.99999999999994,200.0,1.0,0.8,0.8,1.0,1.0,1.0
DiffSBDD,33,audit_failure_count_qedsa,DiffSBDD,5b08-A-rec-5b09-4mx-lig-tt-min-0-pocket10_5b08-A-rec-5b09-4mx-lig-tt-min-0,10,10,1.0,0.8,199.99999999999994,200.0,1.0,0.8,0.8,1.0,1.0,1.0
DiffSBDD,33,phys_logreg_full,DiffSBDD,5b08-A-rec-5b09-4mx-lig-tt-min-0-pocket10_5b08-A-rec-5b09-4mx-lig-tt-min-0,10,10,1.0,1.0,0.0,0.0,1.0,1.0,1.0,1.0,1.0,1.0
DiffSBDD,33,phys_hgb_full,DiffSBDD,5b08-A-rec-5b09-4mx-lig-tt-min-0-pocket10_5b08-A-rec-5b09-4mx-lig-tt-min-0,10,10,1.0,1.0,0.0,0.0,1.0,1.0,1.0,1.0,1.0,1.0
DiffSBDD,33,phys_rf_direct_excluded,DiffSBDD,5b08-A-rec-5b09-4mx-lig-tt-min-0-pocket10_5b08-A-rec-5b09-4mx-lig-tt-min-0,10,10,1.0,1.0,0.0,0.0,1.0,1.0,1.0,1.0,1.0,1.0
DiffSBDD,33,phys_rf_full,DiffSBDD,5b08-A-rec-5b09-4mx-lig-tt-min-0-pocket10_5b08-A-rec-5b09-4mx-lig-tt-min-0,10,10,1.0,1.0,0.0,0.0,1.0,1.0,1.0,1.0,1.0,1.0
DiffSBDD,33,qed_sa,DiffSBDD,5aeh-A-rec-5aeh-8ir-lig-tt-docked-0-pocket10_5aeh-A-rec-5aeh-8ir-lig-tt-docked-0,10,10,1.0,0.9,99.99999999999997,100.0,1.0,0.9,0.9,1.0,1.0,1.0
DiffSBDD,33,contact_clash_rule,DiffSBDD,5aeh-A-rec-5aeh-8ir-lig-tt-docked-0-pocket10_5aeh-A-rec-5aeh-8ir-lig-tt-docked-0,10,10,1.0,1.0,0.0,0.0,1.0,1.0,1.0,1.0,1.0,1.0
DiffSBDD,33,full_audit_gate_qedsa_fixed_budget,DiffSBDD,5aeh-A-rec-5aeh-8ir-lig-tt-docked-0-pocket10_5aeh-A-rec-5aeh-8ir-lig-tt-docked-0,10,10,1.0,0.9,99.99999999999997,100.0,1.0,0.9,0.9,1.0,1.0,1.0
DiffSBDD,33,full_audit_gate_qedsa_no_backfill,DiffSBDD,5aeh-A-rec-5aeh-8ir-lig-tt-docked-0-pocket10_5aeh-A-rec-5aeh-8ir-lig-tt-docked-0,10,10,1.0,0.9,99.99999999999997,100.0,1.0,0.9,0.9,1.0,1.0,1.0
DiffSBDD,33,audit_failure_count_qedsa,DiffSBDD,5aeh-A-rec-5aeh-8ir-lig-tt-docked-0-pocket10_5aeh-A-rec-5aeh-8ir-lig-tt-docked-0,10,10,1.0,0.9,99.99999999999997,100.0,1.0,0.9,0.9,1.0,1.0,1.0
DiffSBDD,33,phys_logreg_full,DiffSBDD,5aeh-A-rec-5aeh-8ir-lig-tt-docked-0-pocket10_5aeh-A-rec-5aeh-8ir-lig-tt-docked-0,10,10,1.0,1.0,0.0,0.0,1.0,1.0,1.0,1.0,1.0,1.0
DiffSBDD,33,phys_hgb_full,DiffSBDD,5aeh-A-rec-5aeh-8ir-lig-tt-docked-0-pocket10_5aeh-A-rec-5aeh-8ir-lig-tt-docked-0,10,10,1.0,1.0,0.0,0.0,1.0,1.0,1.0,1.0,1.0,1.0
DiffSBDD,33,phys_rf_direct_excluded,DiffSBDD,5aeh-A-rec-5aeh-8ir-lig-tt-docked-0-pocket10_5aeh-A-rec-5aeh-8ir-lig-tt-docked-0,10,10,1.0,1.0,0.0,0.0,1.0,1.0,1.0,1.0,1.0,1.0
DiffSBDD,33,phys_rf_full,DiffSBDD,5aeh-A-rec-5aeh-8ir-lig-tt-docked-0-pocket10_5aeh-A-rec-5aeh-8ir-lig-tt-docked-0,10,10,1.0,1.0,0.0,0.0,1.0,1.0,1.0,1.0,1.0,1.0
DiffSBDD,33,qed_sa,DiffSBDD,4z2g-A-rec-4z2g-m6v-lig-tt-docked-16-pocket10_4z2g-A-rec-4z2g-m6v-lig-tt-docked-16,10,10,1.0,0.8,199.99999999999994,200.0,1.0,0.8,0.9,0.9,0.9,1.0
DiffSBDD,33,contact_clash_rule,DiffSBDD,4z2g-A-rec-4z2g-m6v-lig-tt-docked-16-pocket10_4z2g-A-rec-4z2g-m6v-lig-tt-docked-16,10,10,1.0,0.8,199.99999999999994,200.0,1.0,0.8,0.9,0.9,0.9,1.0
DiffSBDD,33,full_audit_gate_qedsa_fixed_budget,DiffSBDD,4z2g-A-rec-4z2g-m6v-lig-tt-docked-16-pocket10_4z2g-A-rec-4z2g-m6v-lig-tt-docked-16,10,10,1.0,0.8,199.99999999999994,200.0,1.0,0.8,0.9,0.9,0.9,1.0
DiffSBDD,33,full_audit_gate_qedsa_no_backfill,DiffSBDD,4z2g-A-rec-4z2g-m6v-lig-tt-docked-16-pocket10_4z2g-A-rec-4z2g-m6v-lig-tt-docked-16,10,10,1.0,0.8,199.99999999999994,200.0,1.0,0.8,0.9,0.9,0.9,1.0
DiffSBDD,33,audit_failure_count_qedsa,DiffSBDD,4z2g-A-rec-4z2g-m6v-lig-tt-docked-16-pocket10_4z2g-A-rec-4z2g-m6v-lig-tt-docked-16,10,10,1.0,0.8,199.99999999999994,200.0,1.0,0.8,0.9,0.9,0.9,1.0
DiffSBDD,33,phys_logreg_full,DiffSBDD,4z2g-A-rec-4z2g-m6v-lig-tt-docked-16-pocket10_4z2g-A-rec-4z2g-m6v-lig-tt-docked-16,10,10,1.0,1.0,0.0,0.0,1.0,1.0,1.0,1.0,1.0,1.0
DiffSBDD,33,phys_hgb_full,DiffSBDD,4z2g-A-rec-4z2g-m6v-lig-tt-docked-16-pocket10_4z2g-A-rec-4z2g-m6v-lig-tt-docked-16,10,10,1.0,1.0,0.0,0.0,1.0,1.0,1.0,1.0,1.0,1.0
DiffSBDD,33,phys_rf_direct_excluded,DiffSBDD,4z2g-A-rec-4z2g-m6v-lig-tt-docked-16-pocket10_4z2g-A-rec-4z2g-m6v-lig-tt-docked-16,10,10,1.0,0.9,99.99999999999997,100.0,1.0,0.9,1.0,1.0,0.9,1.0
DiffSBDD,33,phys_rf_full,DiffSBDD,4z2g-A-rec-4z2g-m6v-lig-tt-docked-16-pocket10_4z2g-A-rec-4z2g-m6v-lig-tt-docked-16,10,10,1.0,1.0,0.0,0.0,1.0,1.0,1.0,1.0,1.0,1.0
DiffSBDD,33,qed_sa,DiffSBDD,5l1v-A-rec-5l1v-7pf-lig-tt-docked-0-pocket10_5l1v-A-rec-5l1v-7pf-lig-tt-docked-0,10,10,1.0,0.0,1000.0,1000.0,0.0,,,,,
DiffSBDD,33,contact_clash_rule,DiffSBDD,5l1v-A-rec-5l1v-7pf-lig-tt-docked-0-pocket10_5l1v-A-rec-5l1v-7pf-lig-tt-docked-0,10,10,1.0,0.0,1000.0,1000.0,0.0,,,,,
DiffSBDD,33,full_audit_gate_qedsa_fixed_budget,DiffSBDD,5l1v-A-rec-5l1v-7pf-lig-tt-docked-0-pocket10_5l1v-A-rec-5l1v-7pf-lig-tt-docked-0,10,10,1.0,0.0,1000.0,1000.0,0.0,,,,,
DiffSBDD,33,full_audit_gate_qedsa_no_backfill,DiffSBDD,5l1v-A-rec-5l1v-7pf-lig-tt-docked-0-pocket10_5l1v-A-rec-5l1v-7pf-lig-tt-docked-0,10,10,1.0,0.0,1000.0,1000.0,0.0,,,,,
DiffSBDD,33,audit_failure_count_qedsa,DiffSBDD,5l1v-A-rec-5l1v-7pf-lig-tt-docked-0-pocket10_5l1v-A-rec-5l1v-7pf-lig-tt-docked-0,10,10,1.0,0.0,1000.0,1000.0,0.0,,,,,
DiffSBDD,33,phys_logreg_full,DiffSBDD,5l1v-A-rec-5l1v-7pf-lig-tt-docked-0-pocket10_5l1v-A-rec-5l1v-7pf-lig-tt-docked-0,10,10,1.0,0.0,1000.0,1000.0,0.0,,,,,
DiffSBDD,33,phys_hgb_full,DiffSBDD,5l1v-A-rec-5l1v-7pf-lig-tt-docked-0-pocket10_5l1v-A-rec-5l1v-7pf-lig-tt-docked-0,10,10,1.0,0.0,1000.0,1000.0,0.0,,,,,
DiffSBDD,33,phys_rf_direct_excluded,DiffSBDD,5l1v-A-rec-5l1v-7pf-lig-tt-docked-0-pocket10_5l1v-A-rec-5l1v-7pf-lig-tt-docked-0,10,10,1.0,0.0,1000.0,1000.0,0.0,,,,,
DiffSBDD,33,phys_rf_full,DiffSBDD,5l1v-A-rec-5l1v-7pf-lig-tt-docked-0-pocket10_5l1v-A-rec-5l1v-7pf-lig-tt-docked-0,10,10,1.0,0.0,1000.0,1000.0,0.0,,,,,
DiffSBDD,33,qed_sa,DiffSBDD,5i0b-A-rec-5vef-m77-lig-tt-min-0-pocket10_5i0b-A-rec-5vef-m77-lig-tt-min-0,10,10,1.0,0.9,99.99999999999997,100.0,0.9,1.0,1.0,1.0,1.0,1.0
DiffSBDD,33,contact_clash_rule,DiffSBDD,5i0b-A-rec-5vef-m77-lig-tt-min-0-pocket10_5i0b-A-rec-5vef-m77-lig-tt-min-0,10,10,1.0,1.0,0.0,0.0,1.0,1.0,1.0,1.0,1.0,1.0
DiffSBDD,33,full_audit_gate_qedsa_fixed_budget,DiffSBDD,5i0b-A-rec-5vef-m77-lig-tt-min-0-pocket10_5i0b-A-rec-5vef-m77-lig-tt-min-0,10,10,1.0,0.9,99.99999999999997,100.0,0.9,1.0,1.0,1.0,1.0,1.0
DiffSBDD,33,full_audit_gate_qedsa_no_backfill,DiffSBDD,5i0b-A-rec-5vef-m77-lig-tt-min-0-pocket10_5i0b-A-rec-5vef-m77-lig-tt-min-0,10,10,1.0,0.9,99.99999999999997,100.0,0.9,1.0,1.0,1.0,1.0,1.0
DiffSBDD,33,audit_failure_count_qedsa,DiffSBDD,5i0b-A-rec-5vef-m77-lig-tt-min-0-pocket10_5i0b-A-rec-5vef-m77-lig-tt-min-0,10,10,1.0,0.9,99.99999999999997,100.0,0.9,1.0,1.0,1.0,1.0,1.0
DiffSBDD,33,phys_logreg_full,DiffSBDD,5i0b-A-rec-5vef-m77-lig-tt-min-0-pocket10_5i0b-A-rec-5vef-m77-lig-tt-min-0,10,10,1.0,0.9,99.99999999999997,100.0,1.0,0.9,0.9,1.0,1.0,1.0
DiffSBDD,33,phys_hgb_full,DiffSBDD,5i0b-A-rec-5vef-m77-lig-tt-min-0-pocket10_5i0b-A-rec-5vef-m77-lig-tt-min-0,10,10,1.0,0.9,99.99999999999997,100.0,1.0,0.9,1.0,1.0,0.9,1.0
DiffSBDD,33,phys_rf_direct_excluded,DiffSBDD,5i0b-A-rec-5vef-m77-lig-tt-min-0-pocket10_5i0b-A-rec-5vef-m77-lig-tt-min-0,10,10,1.0,0.9,99.99999999999997,100.0,1.0,0.9,0.9,1.0,1.0,1.0
DiffSBDD,33,phys_rf_full,DiffSBDD,5i0b-A-rec-5vef-m77-lig-tt-min-0-pocket10_5i0b-A-rec-5vef-m77-lig-tt-min-0,10,10,1.0,0.9,99.99999999999997,100.0,1.0,0.9,0.9,1.0,1.0,1.0
DiffSBDD,33,qed_sa,DiffSBDD,4zfa-A-rec-1smj-pam-lig-tt-min-0-pocket10_4zfa-A-rec-1smj-pam-lig-tt-min-0,10,10,1.0,0.9,99.99999999999997,100.0,1.0,0.9,0.9,1.0,1.0,1.0
DiffSBDD,33,contact_clash_rule,DiffSBDD,4zfa-A-rec-1smj-pam-lig-tt-min-0-pocket10_4zfa-A-rec-1smj-pam-lig-tt-min-0,10,10,1.0,0.9,99.99999999999997,100.0,1.0,0.9,0.9,1.0,1.0,1.0
DiffSBDD,33,full_audit_gate_qedsa_fixed_budget,DiffSBDD,4zfa-A-rec-1smj-pam-lig-tt-min-0-pocket10_4zfa-A-rec-1smj-pam-lig-tt-min-0,10,10,1.0,0.9,99.99999999999997,100.0,1.0,0.9,0.9,1.0,1.0,1.0
DiffSBDD,33,full_audit_gate_qedsa_no_backfill,DiffSBDD,4zfa-A-rec-1smj-pam-lig-tt-min-0-pocket10_4zfa-A-rec-1smj-pam-lig-tt-min-0,10,10,1.0,0.9,99.99999999999997,100.0,1.0,0.9,0.9,1.0,1.0,1.0
DiffSBDD,33,audit_failure_count_qedsa,DiffSBDD,4zfa-A-rec-1smj-pam-lig-tt-min-0-pocket10_4zfa-A-rec-1smj-pam-lig-tt-min-0,10,10,1.0,0.9,99.99999999999997,100.0,1.0,0.9,0.9,1.0,1.0,1.0
DiffSBDD,33,phys_logreg_full,DiffSBDD,4zfa-A-rec-1smj-pam-lig-tt-min-0-pocket10_4zfa-A-rec-1smj-pam-lig-tt-min-0,10,10,1.0,1.0,0.0,0.0,1.0,1.0,1.0,1.0,1.0,1.0
DiffSBDD,33,phys_hgb_full,DiffSBDD,4zfa-A-rec-1smj-pam-lig-tt-min-0-pocket10_4zfa-A-rec-1smj-pam-lig-tt-min-0,10,10,1.0,0.9,99.99999999999997,100.0,1.0,0.9,0.9,1.0,1.0,1.0
DiffSBDD,33,phys_rf_direct_excluded,DiffSBDD,4zfa-A-rec-1smj-pam-lig-tt-min-0-pocket10_4zfa-A-rec-1smj-pam-lig-tt-min-0,10,10,1.0,1.0,0.0,0.0,1.0,1.0,1.0,1.0,1.0,1.0
DiffSBDD,33,phys_rf_full,DiffSBDD,4zfa-A-rec-1smj-pam-lig-tt-min-0-pocket10_4zfa-A-rec-1smj-pam-lig-tt-min-0,10,10,1.0,0.9,99.99999999999997,100.0,1.0,0.9,0.9,1.0,1.0,1.0
DiffSBDD,33,qed_sa,DiffSBDD,5bur-A-rec-5x8f-amp-lig-tt-docked-7-pocket10_5bur-A-rec-5x8f-amp-lig-tt-docked-7,10,10,1.0,0.9,99.99999999999997,100.0,1.0,0.9,0.9,1.0,1.0,1.0
DiffSBDD,33,contact_clash_rule,DiffSBDD,5bur-A-rec-5x8f-amp-lig-tt-docked-7-pocket10_5bur-A-rec-5x8f-amp-lig-tt-docked-7,10,10,1.0,0.9,99.99999999999997,100.0,1.0,0.9,0.9,1.0,1.0,1.0
DiffSBDD,33,full_audit_gate_qedsa_fixed_budget,DiffSBDD,5bur-A-rec-5x8f-amp-lig-tt-docked-7-pocket10_5bur-A-rec-5x8f-amp-lig-tt-docked-7,10,10,1.0,0.9,99.99999999999997,100.0,1.0,0.9,0.9,1.0,1.0,1.0
DiffSBDD,33,full_audit_gate_qedsa_no_backfill,DiffSBDD,5bur-A-rec-5x8f-amp-lig-tt-docked-7-pocket10_5bur-A-rec-5x8f-amp-lig-tt-docked-7,10,10,1.0,0.9,99.99999999999997,100.0,1.0,0.9,0.9,1.0,1.0,1.0
DiffSBDD,33,audit_failure_count_qedsa,DiffSBDD,5bur-A-rec-5x8f-amp-lig-tt-docked-7-pocket10_5bur-A-rec-5x8f-amp-lig-tt-docked-7,10,10,1.0,0.9,99.99999999999997,100.0,1.0,0.9,0.9,1.0,1.0,1.0
DiffSBDD,33,phys_logreg_full,DiffSBDD,5bur-A-rec-5x8f-amp-lig-tt-docked-7-pocket10_5bur-A-rec-5x8f-amp-lig-tt-docked-7,10,10,1.0,0.9,99.99999999999997,100.0,1.0,0.9,0.9,1.0,1.0,1.0
DiffSBDD,33,phys_hgb_full,DiffSBDD,5bur-A-rec-5x8f-amp-lig-tt-docked-7-pocket10_5bur-A-rec-5x8f-amp-lig-tt-docked-7,10,10,1.0,0.9,99.99999999999997,100.0,1.0,0.9,0.9,1.0,1.0,1.0
DiffSBDD,33,phys_rf_direct_excluded,DiffSBDD,5bur-A-rec-5x8f-amp-lig-tt-docked-7-pocket10_5bur-A-rec-5x8f-amp-lig-tt-docked-7,10,10,1.0,0.9,99.99999999999997,100.0,1.0,0.9,0.9,1.0,1.0,1.0
DiffSBDD,33,phys_rf_full,DiffSBDD,5bur-A-rec-5x8f-amp-lig-tt-docked-7-pocket10_5bur-A-rec-5x8f-amp-lig-tt-docked-7,10,10,1.0,1.0,0.0,0.0,1.0,1.0,1.0,1.0,1.0,1.0
DiffSBDD,33,qed_sa,DiffSBDD,5liu-X-rec-4gq0-qap-lig-tt-min-0-pocket10_5liu-X-rec-4gq0-qap-lig-tt-min-0,10,10,1.0,1.0,0.0,0.0,1.0,1.0,1.0,1.0,1.0,1.0
DiffSBDD,33,contact_clash_rule,DiffSBDD,5liu-X-rec-4gq0-qap-lig-tt-min-0-pocket10_5liu-X-rec-4gq0-qap-lig-tt-min-0,10,10,1.0,1.0,0.0,0.0,1.0,1.0,1.0,1.0,1.0,1.0
DiffSBDD,33,full_audit_gate_qedsa_fixed_budget,DiffSBDD,5liu-X-rec-4gq0-qap-lig-tt-min-0-pocket10_5liu-X-rec-4gq0-qap-lig-tt-min-0,10,10,1.0,1.0,0.0,0.0,1.0,1.0,1.0,1.0,1.0,1.0
DiffSBDD,33,full_audit_gate_qedsa_no_backfill,DiffSBDD,5liu-X-rec-4gq0-qap-lig-tt-min-0-pocket10_5liu-X-rec-4gq0-qap-lig-tt-min-0,10,10,1.0,1.0,0.0,0.0,1.0,1.0,1.0,1.0,1.0,1.0
DiffSBDD,33,audit_failure_count_qedsa,DiffSBDD,5liu-X-rec-4gq0-qap-lig-tt-min-0-pocket10_5liu-X-rec-4gq0-qap-lig-tt-min-0,10,10,1.0,1.0,0.0,0.0,1.0,1.0,1.0,1.0,1.0,1.0
DiffSBDD,33,phys_logreg_full,DiffSBDD,5liu-X-rec-4gq0-qap-lig-tt-min-0-pocket10_5liu-X-rec-4gq0-qap-lig-tt-min-0,10,10,1.0,1.0,0.0,0.0,1.0,1.0,1.0,1.0,1.0,1.0
DiffSBDD,33,phys_hgb_full,DiffSBDD,5liu-X-rec-4gq0-qap-lig-tt-min-0-pocket10_5liu-X-rec-4gq0-qap-lig-tt-min-0,10,10,1.0,1.0,0.0,0.0,1.0,1.0,1.0,1.0,1.0,1.0
DiffSBDD,33,phys_rf_direct_excluded,DiffSBDD,5liu-X-rec-4gq0-qap-lig-tt-min-0-pocket10_5liu-X-rec-4gq0-qap-lig-tt-min-0,10,10,1.0,1.0,0.0,0.0,1.0,1.0,1.0,1.0,1.0,1.0
DiffSBDD,33,phys_rf_full,DiffSBDD,5liu-X-rec-4gq0-qap-lig-tt-min-0-pocket10_5liu-X-rec-4gq0-qap-lig-tt-min-0,10,10,1.0,1.0,0.0,0.0,1.0,1.0,1.0,1.0,1.0,1.0
DiffSBDD,33,qed_sa,DiffSBDD,4yhj-A-rec-4yhj-an2-lig-tt-min-0-pocket10_4yhj-A-rec-4yhj-an2-lig-tt-min-0,10,10,1.0,0.9,99.99999999999997,100.0,1.0,0.9,0.9,1.0,1.0,1.0
DiffSBDD,33,contact_clash_rule,DiffSBDD,4yhj-A-rec-4yhj-an2-lig-tt-min-0-pocket10_4yhj-A-rec-4yhj-an2-lig-tt-min-0,10,10,1.0,0.8,199.99999999999994,200.0,0.9,0.8888888888888888,0.8888888888888888,1.0,1.0,1.0
DiffSBDD,33,full_audit_gate_qedsa_fixed_budget,DiffSBDD,4yhj-A-rec-4yhj-an2-lig-tt-min-0-pocket10_4yhj-A-rec-4yhj-an2-lig-tt-min-0,10,10,1.0,0.9,99.99999999999997,100.0,1.0,0.9,0.9,1.0,1.0,1.0
DiffSBDD,33,full_audit_gate_qedsa_no_backfill,DiffSBDD,4yhj-A-rec-4yhj-an2-lig-tt-min-0-pocket10_4yhj-A-rec-4yhj-an2-lig-tt-min-0,10,10,1.0,0.9,99.99999999999997,100.0,1.0,0.9,0.9,1.0,1.0,1.0
DiffSBDD,33,audit_failure_count_qedsa,DiffSBDD,4yhj-A-rec-4yhj-an2-lig-tt-min-0-pocket10_4yhj-A-rec-4yhj-an2-lig-tt-min-0,10,10,1.0,0.9,99.99999999999997,100.0,1.0,0.9,0.9,1.0,1.0,1.0
DiffSBDD,33,phys_logreg_full,DiffSBDD,4yhj-A-rec-4yhj-an2-lig-tt-min-0-pocket10_4yhj-A-rec-4yhj-an2-lig-tt-min-0,10,10,1.0,0.9,99.99999999999997,100.0,1.0,0.9,0.9,1.0,1.0,1.0
DiffSBDD,33,phys_hgb_full,DiffSBDD,4yhj-A-rec-4yhj-an2-lig-tt-min-0-pocket10_4yhj-A-rec-4yhj-an2-lig-tt-min-0,10,10,1.0,0.9,99.99999999999997,100.0,1.0,0.9,0.9,1.0,1.0,1.0
DiffSBDD,33,phys_rf_direct_excluded,DiffSBDD,4yhj-A-rec-4yhj-an2-lig-tt-min-0-pocket10_4yhj-A-rec-4yhj-an2-lig-tt-min-0,10,10,1.0,0.8,199.99999999999994,200.0,1.0,0.8,0.8,1.0,1.0,1.0
DiffSBDD,33,phys_rf_full,DiffSBDD,4yhj-A-rec-4yhj-an2-lig-tt-min-0-pocket10_4yhj-A-rec-4yhj-an2-lig-tt-min-0,10,10,1.0,0.8,199.99999999999994,200.0,1.0,0.8,0.8,1.0,1.0,1.0
DiffSBDD,33,qed_sa,DiffSBDD,5mgl-A-rec-5mgl-7mu-lig-tt-min-0-pocket10_5mgl-A-rec-5mgl-7mu-lig-tt-min-0,10,10,1.0,1.0,0.0,0.0,1.0,1.0,1.0,1.0,1.0,1.0
DiffSBDD,33,contact_clash_rule,DiffSBDD,5mgl-A-rec-5mgl-7mu-lig-tt-min-0-pocket10_5mgl-A-rec-5mgl-7mu-lig-tt-min-0,10,10,1.0,1.0,0.0,0.0,1.0,1.0,1.0,1.0,1.0,1.0
DiffSBDD,33,full_audit_gate_qedsa_fixed_budget,DiffSBDD,5mgl-A-rec-5mgl-7mu-lig-tt-min-0-pocket10_5mgl-A-rec-5mgl-7mu-lig-tt-min-0,10,10,1.0,1.0,0.0,0.0,1.0,1.0,1.0,1.0,1.0,1.0
DiffSBDD,33,full_audit_gate_qedsa_no_backfill,DiffSBDD,5mgl-A-rec-5mgl-7mu-lig-tt-min-0-pocket10_5mgl-A-rec-5mgl-7mu-lig-tt-min-0,10,10,1.0,1.0,0.0,0.0,1.0,1.0,1.0,1.0,1.0,1.0
DiffSBDD,33,audit_failure_count_qedsa,DiffSBDD,5mgl-A-rec-5mgl-7mu-lig-tt-min-0-pocket10_5mgl-A-rec-5mgl-7mu-lig-tt-min-0,10,10,1.0,1.0,0.0,0.0,1.0,1.0,1.0,1.0,1.0,1.0
DiffSBDD,33,phys_logreg_full,DiffSBDD,5mgl-A-rec-5mgl-7mu-lig-tt-min-0-pocket10_5mgl-A-rec-5mgl-7mu-lig-tt-min-0,10,10,1.0,1.0,0.0,0.0,1.0,1.0,1.0,1.0,1.0,1.0
DiffSBDD,33,phys_hgb_full,DiffSBDD,5mgl-A-rec-5mgl-7mu-lig-tt-min-0-pocket10_5mgl-A-rec-5mgl-7mu-lig-tt-min-0,10,10,1.0,1.0,0.0,0.0,1.0,1.0,1.0,1.0,1.0,1.0
DiffSBDD,33,phys_rf_direct_excluded,DiffSBDD,5mgl-A-rec-5mgl-7mu-lig-tt-min-0-pocket10_5mgl-A-rec-5mgl-7mu-lig-tt-min-0,10,10,1.0,1.0,0.0,0.0,1.0,1.0,1.0,1.0,1.0,1.0
DiffSBDD,33,phys_rf_full,DiffSBDD,5mgl-A-rec-5mgl-7mu-lig-tt-min-0-pocket10_5mgl-A-rec-5mgl-7mu-lig-tt-min-0,10,10,1.0,1.0,0.0,0.0,1.0,1.0,1.0,1.0,1.0,1.0
DiffSBDD,33,qed_sa,DiffSBDD,5mma-A-rec-4ztf-x2p-lig-tt-min-0-pocket10_5mma-A-rec-4ztf-x2p-lig-tt-min-0,10,10,1.0,0.7,300.00000000000006,300.0,1.0,0.7,1.0,0.7,0.7,1.0
DiffSBDD,33,contact_clash_rule,DiffSBDD,5mma-A-rec-4ztf-x2p-lig-tt-min-0-pocket10_5mma-A-rec-4ztf-x2p-lig-tt-min-0,10,10,1.0,0.8,199.99999999999994,200.0,1.0,0.8,0.9,0.8,0.8,1.0
DiffSBDD,33,full_audit_gate_qedsa_fixed_budget,DiffSBDD,5mma-A-rec-4ztf-x2p-lig-tt-min-0-pocket10_5mma-A-rec-4ztf-x2p-lig-tt-min-0,10,10,1.0,0.8,199.99999999999994,200.0,1.0,0.8,1.0,0.8,0.8,1.0
DiffSBDD,33,full_audit_gate_qedsa_no_backfill,DiffSBDD,5mma-A-rec-4ztf-x2p-lig-tt-min-0-pocket10_5mma-A-rec-4ztf-x2p-lig-tt-min-0,10,10,1.0,0.8,199.99999999999994,200.0,1.0,0.8,1.0,0.8,0.8,1.0
DiffSBDD,33,audit_failure_count_qedsa,DiffSBDD,5mma-A-rec-4ztf-x2p-lig-tt-min-0-pocket10_5mma-A-rec-4ztf-x2p-lig-tt-min-0,10,10,1.0,0.8,199.99999999999994,200.0,1.0,0.8,1.0,0.8,0.8,1.0
DiffSBDD,33,phys_logreg_full,DiffSBDD,5mma-A-rec-4ztf-x2p-lig-tt-min-0-pocket10_5mma-A-rec-4ztf-x2p-lig-tt-min-0,10,10,1.0,1.0,0.0,0.0,1.0,1.0,1.0,1.0,1.0,1.0
DiffSBDD,33,phys_hgb_full,DiffSBDD,5mma-A-rec-4ztf-x2p-lig-tt-min-0-pocket10_5mma-A-rec-4ztf-x2p-lig-tt-min-0,10,10,1.0,0.9,99.99999999999997,100.0,1.0,0.9,1.0,0.9,0.9,1.0
DiffSBDD,33,phys_rf_direct_excluded,DiffSBDD,5mma-A-rec-4ztf-x2p-lig-tt-min-0-pocket10_5mma-A-rec-4ztf-x2p-lig-tt-min-0,10,10,1.0,1.0,0.0,0.0,1.0,1.0,1.0,1.0,1.0,1.0
DiffSBDD,33,phys_rf_full,DiffSBDD,5mma-A-rec-4ztf-x2p-lig-tt-min-0-pocket10_5mma-A-rec-4ztf-x2p-lig-tt-min-0,10,10,1.0,1.0,0.0,0.0,1.0,1.0,1.0,1.0,1.0,1.0
DiffSBDD,33,qed_sa,DiffSBDD,5ngz-A-rec-5ngz-2bg-lig-tt-min-0-pocket10_5ngz-A-rec-5ngz-2bg-lig-tt-min-0,10,10,1.0,0.9,99.99999999999997,100.0,1.0,0.9,1.0,0.9,0.9,1.0
DiffSBDD,33,contact_clash_rule,DiffSBDD,5ngz-A-rec-5ngz-2bg-lig-tt-min-0-pocket10_5ngz-A-rec-5ngz-2bg-lig-tt-min-0,10,10,1.0,0.9,99.99999999999997,100.0,0.9,1.0,1.0,1.0,1.0,1.0
DiffSBDD,33,full_audit_gate_qedsa_fixed_budget,DiffSBDD,5ngz-A-rec-5ngz-2bg-lig-tt-min-0-pocket10_5ngz-A-rec-5ngz-2bg-lig-tt-min-0,10,10,1.0,1.0,0.0,0.0,1.0,1.0,1.0,1.0,1.0,1.0
DiffSBDD,33,full_audit_gate_qedsa_no_backfill,DiffSBDD,5ngz-A-rec-5ngz-2bg-lig-tt-min-0-pocket10_5ngz-A-rec-5ngz-2bg-lig-tt-min-0,10,10,1.0,1.0,0.0,0.0,1.0,1.0,1.0,1.0,1.0,1.0
DiffSBDD,33,audit_failure_count_qedsa,DiffSBDD,5ngz-A-rec-5ngz-2bg-lig-tt-min-0-pocket10_5ngz-A-rec-5ngz-2bg-lig-tt-min-0,10,10,1.0,1.0,0.0,0.0,1.0,1.0,1.0,1.0,1.0,1.0
DiffSBDD,33,phys_logreg_full,DiffSBDD,5ngz-A-rec-5ngz-2bg-lig-tt-min-0-pocket10_5ngz-A-rec-5ngz-2bg-lig-tt-min-0,10,10,1.0,1.0,0.0,0.0,1.0,1.0,1.0,1.0,1.0,1.0
DiffSBDD,33,phys_hgb_full,DiffSBDD,5ngz-A-rec-5ngz-2bg-lig-tt-min-0-pocket10_5ngz-A-rec-5ngz-2bg-lig-tt-min-0,10,10,1.0,1.0,0.0,0.0,1.0,1.0,1.0,1.0,1.0,1.0
DiffSBDD,33,phys_rf_direct_excluded,DiffSBDD,5ngz-A-rec-5ngz-2bg-lig-tt-min-0-pocket10_5ngz-A-rec-5ngz-2bg-lig-tt-min-0,10,10,1.0,1.0,0.0,0.0,1.0,1.0,1.0,1.0,1.0,1.0
DiffSBDD,33,phys_rf_full,DiffSBDD,5ngz-A-rec-5ngz-2bg-lig-tt-min-0-pocket10_5ngz-A-rec-5ngz-2bg-lig-tt-min-0,10,10,1.0,1.0,0.0,0.0,1.0,1.0,1.0,1.0,1.0,1.0
DiffSBDD,33,qed_sa,DiffSBDD,5tjn-A-rec-1zj1-nlc-lig-tt-docked-4-pocket10_5tjn-A-rec-1zj1-nlc-lig-tt-docked-4,10,10,1.0,0.9,99.99999999999997,100.0,1.0,0.9,0.9,1.0,1.0,1.0
DiffSBDD,33,contact_clash_rule,DiffSBDD,5tjn-A-rec-1zj1-nlc-lig-tt-docked-4-pocket10_5tjn-A-rec-1zj1-nlc-lig-tt-docked-4,10,10,1.0,0.9,99.99999999999997,100.0,1.0,0.9,1.0,0.9,0.9,1.0
DiffSBDD,33,full_audit_gate_qedsa_fixed_budget,DiffSBDD,5tjn-A-rec-1zj1-nlc-lig-tt-docked-4-pocket10_5tjn-A-rec-1zj1-nlc-lig-tt-docked-4,10,10,1.0,0.9,99.99999999999997,100.0,1.0,0.9,0.9,1.0,1.0,1.0
DiffSBDD,33,full_audit_gate_qedsa_no_backfill,DiffSBDD,5tjn-A-rec-1zj1-nlc-lig-tt-docked-4-pocket10_5tjn-A-rec-1zj1-nlc-lig-tt-docked-4,10,10,1.0,0.9,99.99999999999997,100.0,1.0,0.9,0.9,1.0,1.0,1.0
DiffSBDD,33,audit_failure_count_qedsa,DiffSBDD,5tjn-A-rec-1zj1-nlc-lig-tt-docked-4-pocket10_5tjn-A-rec-1zj1-nlc-lig-tt-docked-4,10,10,1.0,0.9,99.99999999999997,100.0,1.0,0.9,0.9,1.0,1.0,1.0
DiffSBDD,33,phys_logreg_full,DiffSBDD,5tjn-A-rec-1zj1-nlc-lig-tt-docked-4-pocket10_5tjn-A-rec-1zj1-nlc-lig-tt-docked-4,10,10,1.0,0.8,199.99999999999994,200.0,1.0,0.8,0.8,1.0,1.0,1.0
DiffSBDD,33,phys_hgb_full,DiffSBDD,5tjn-A-rec-1zj1-nlc-lig-tt-docked-4-pocket10_5tjn-A-rec-1zj1-nlc-lig-tt-docked-4,10,10,1.0,1.0,0.0,0.0,1.0,1.0,1.0,1.0,1.0,1.0
DiffSBDD,33,phys_rf_direct_excluded,DiffSBDD,5tjn-A-rec-1zj1-nlc-lig-tt-docked-4-pocket10_5tjn-A-rec-1zj1-nlc-lig-tt-docked-4,10,10,1.0,0.8,199.99999999999994,200.0,1.0,0.8,0.8,1.0,1.0,1.0
DiffSBDD,33,phys_rf_full,DiffSBDD,5tjn-A-rec-1zj1-nlc-lig-tt-docked-4-pocket10_5tjn-A-rec-1zj1-nlc-lig-tt-docked-4,10,10,1.0,0.9,99.99999999999997,100.0,1.0,0.9,0.9,1.0,1.0,1.0
DiffSBDD,33,qed_sa,DiffSBDD,5w2g-A-rec-5w2i-adp-lig-tt-min-0-pocket10_5w2g-A-rec-5w2i-adp-lig-tt-min-0,10,10,1.0,0.9,99.99999999999997,100.0,1.0,0.9,0.9,1.0,1.0,1.0
DiffSBDD,33,contact_clash_rule,DiffSBDD,5w2g-A-rec-5w2i-adp-lig-tt-min-0-pocket10_5w2g-A-rec-5w2i-adp-lig-tt-min-0,10,10,1.0,0.9,99.99999999999997,100.0,1.0,0.9,0.9,1.0,1.0,1.0
DiffSBDD,33,full_audit_gate_qedsa_fixed_budget,DiffSBDD,5w2g-A-rec-5w2i-adp-lig-tt-min-0-pocket10_5w2g-A-rec-5w2i-adp-lig-tt-min-0,10,10,1.0,0.9,99.99999999999997,100.0,1.0,0.9,0.9,1.0,1.0,1.0
DiffSBDD,33,full_audit_gate_qedsa_no_backfill,DiffSBDD,5w2g-A-rec-5w2i-adp-lig-tt-min-0-pocket10_5w2g-A-rec-5w2i-adp-lig-tt-min-0,10,10,1.0,0.9,99.99999999999997,100.0,1.0,0.9,0.9,1.0,1.0,1.0
DiffSBDD,33,audit_failure_count_qedsa,DiffSBDD,5w2g-A-rec-5w2i-adp-lig-tt-min-0-pocket10_5w2g-A-rec-5w2i-adp-lig-tt-min-0,10,10,1.0,0.9,99.99999999999997,100.0,1.0,0.9,0.9,1.0,1.0,1.0
DiffSBDD,33,phys_logreg_full,DiffSBDD,5w2g-A-rec-5w2i-adp-lig-tt-min-0-pocket10_5w2g-A-rec-5w2i-adp-lig-tt-min-0,10,10,1.0,1.0,0.0,0.0,1.0,1.0,1.0,1.0,1.0,1.0
DiffSBDD,33,phys_hgb_full,DiffSBDD,5w2g-A-rec-5w2i-adp-lig-tt-min-0-pocket10_5w2g-A-rec-5w2i-adp-lig-tt-min-0,10,10,1.0,0.9,99.99999999999997,100.0,1.0,0.9,0.9,1.0,1.0,1.0
DiffSBDD,33,phys_rf_direct_excluded,DiffSBDD,5w2g-A-rec-5w2i-adp-lig-tt-min-0-pocket10_5w2g-A-rec-5w2i-adp-lig-tt-min-0,10,10,1.0,0.9,99.99999999999997,100.0,1.0,0.9,0.9,1.0,1.0,1.0
DiffSBDD,33,phys_rf_full,DiffSBDD,5w2g-A-rec-5w2i-adp-lig-tt-min-0-pocket10_5w2g-A-rec-5w2i-adp-lig-tt-min-0,10,10,1.0,0.9,99.99999999999997,100.0,1.0,0.9,0.9,1.0,1.0,1.0
DiffSBDD,33,qed_sa,DiffSBDD,5q0k-A-rec-5q0q-9ld-lig-tt-docked-0-pocket10_5q0k-A-rec-5q0q-9ld-lig-tt-docked-0,10,10,1.0,0.9,99.99999999999997,100.0,1.0,0.9,0.9,1.0,1.0,1.0
DiffSBDD,33,contact_clash_rule,DiffSBDD,5q0k-A-rec-5q0q-9ld-lig-tt-docked-0-pocket10_5q0k-A-rec-5q0q-9ld-lig-tt-docked-0,10,10,1.0,0.9,99.99999999999997,100.0,1.0,0.9,0.9,1.0,1.0,1.0
DiffSBDD,33,full_audit_gate_qedsa_fixed_budget,DiffSBDD,5q0k-A-rec-5q0q-9ld-lig-tt-docked-0-pocket10_5q0k-A-rec-5q0q-9ld-lig-tt-docked-0,10,10,1.0,0.9,99.99999999999997,100.0,1.0,0.9,0.9,1.0,1.0,1.0
DiffSBDD,33,full_audit_gate_qedsa_no_backfill,DiffSBDD,5q0k-A-rec-5q0q-9ld-lig-tt-docked-0-pocket10_5q0k-A-rec-5q0q-9ld-lig-tt-docked-0,10,10,1.0,0.9,99.99999999999997,100.0,1.0,0.9,0.9,1.0,1.0,1.0
DiffSBDD,33,audit_failure_count_qedsa,DiffSBDD,5q0k-A-rec-5q0q-9ld-lig-tt-docked-0-pocket10_5q0k-A-rec-5q0q-9ld-lig-tt-docked-0,10,10,1.0,0.9,99.99999999999997,100.0,1.0,0.9,0.9,1.0,1.0,1.0
DiffSBDD,33,phys_logreg_full,DiffSBDD,5q0k-A-rec-5q0q-9ld-lig-tt-docked-0-pocket10_5q0k-A-rec-5q0q-9ld-lig-tt-docked-0,10,10,1.0,1.0,0.0,0.0,1.0,1.0,1.0,1.0,1.0,1.0
DiffSBDD,33,phys_hgb_full,DiffSBDD,5q0k-A-rec-5q0q-9ld-lig-tt-docked-0-pocket10_5q0k-A-rec-5q0q-9ld-lig-tt-docked-0,10,10,1.0,0.9,99.99999999999997,100.0,1.0,0.9,0.9,1.0,1.0,1.0
DiffSBDD,33,phys_rf_direct_excluded,DiffSBDD,5q0k-A-rec-5q0q-9ld-lig-tt-docked-0-pocket10_5q0k-A-rec-5q0q-9ld-lig-tt-docked-0,10,10,1.0,0.9,99.99999999999997,100.0,1.0,0.9,0.9,1.0,1.0,1.0
DiffSBDD,33,phys_rf_full,DiffSBDD,5q0k-A-rec-5q0q-9ld-lig-tt-docked-0-pocket10_5q0k-A-rec-5q0q-9ld-lig-tt-docked-0,10,10,1.0,0.9,99.99999999999997,100.0,1.0,0.9,0.9,1.0,1.0,1.0
